"codi_via","codi_carrer_ine","tipus_via","nom_curt","nom_oficial","nre_min","nre_max"
"274301","03110","C","Ramis","Carrer de Ramis","0001","0020"
"202300","02294","C","Mas Yebra","Carrer de Mas Yebra","0001","0015"
"177407","02021","C","Legalitat","Carrer de la Legalitat","0001","0095"
"312808","03512","C","Santa Amèlia","Carrer de Santa Amèlia","0001","0057"
"040005","00445","C","Berga","Carrer de Berga","0001","0042"
"238705","02695","C","Pare Fidel Fita","Carrer del Pare Fidel Fita","0001","0020"
"349706","03934","C","Comte d'Urgell","Carrer del Comte d'Urgell","0001","0300"
"329902","03707","C","Tamarit","Carrer de Tamarit","0068","0195"
"035606","00395","C","Barri Vermell","Carrer del Barri Vermell","0001","0033"
"051806","00568","C","Bordeus","Carrer de Bordeus","0001","0041"
"262007","02974","C","Pons","Carrer de Pons","0001","0023"
"255704","02894","C","Pinar del Río","Carrer de Pinar del Río","0001","0076"
"117609","01350","C","Estudiant","Carrer de l'Estudiant","0001","0058"
"281500","03189","C","Ribelles","Carrer de Ribelles","0001","0049"
"216804","02447","C","Montagut","Carrer de Montagut","0001","0020"
"171900","01958","C","Joan Cortada","Carrer de Joan Cortada","0001","0015"
"278903","03160","C","Remei","Carrer del Remei","0001","0045"
"326857","03673","C","Gespa","Carrer de la Gespa","0001","0039"
"701377","05704","Av","Av Carrilet","Avinguda del Carrilet","0001","0028"
"015904","00173","C","Àngel","Carrer de l'Àngel","0001","0024"
"701480","05808","C","Longitudinal 8","Carrer Longitudinal 8","0001","0115"
"040901","00454","C","Bernat Martorell","Carrer de Bernat Martorell","0001","0085"
"047503","00527","C","Bosc","Carrer del Bosc","0001","0047"
"168701","01921","C","Jordà","Carrer de Jordà","0001","0025"
"237804","02686","C","Pau Ferran","Carrer de Pau Ferran","0001","0049"
"095721","01073","Csta","Csta Perdius","Costa de les Perdius","0001","0008"
"701267","05594","Rda","Rda Dalt (Besòs)","Ronda de Dalt (Besòs)","",""
"204907","02317","C","Matanzas","Carrer de Matanzas","0001","0064"
"328400","03691","C","Sostres","Carrer de Sostres","0001","0039"
"031208","00349","C","Begur","Carrer de Begur","0001","0086"
"056402","00619","C","Cambrils","Carrer de Cambrils","0001","0028"
"072908","00812","C","Castellnou","Carrer de Castellnou","0001","0071"
"201002","02272","C","Marsans i Rof","Carrer de Marsans i Rof","0001","0040"
"311306","03496","Pas","Pas Sant Tarsici","Pas de Sant Tarsici","0001","0004"
"700061","04403","C","Filatures","Carrer de les Filatures","0001","0024"
"700798","05123","C","Pierre Coubertin","Carrer de Pierre de Coubertin","0001","0013"
"069608","00775","C","Can Móra","Carrer de Can Móra","0001","0008"
"030205","00339","Ptge","Ptge Bacardí","Passatge de Bacardí","0001","0002"
"299700","03378","C","Sant Erasme","Carrer de Sant Erasme","0001","0019"
"069903","00780","Ptge","Ptge Can Berdura","Passatge de Can Berdura","0001","0009"
"327204","03678","Bda","Bda Solanell","Baixada de Solanell","0001","0019"
"700714","05042","C","Platí","Carrer del Platí","0001","0008"
"301903","03399","C","Sant Germà","Carrer de Sant Germà","0001","0020"
"150808","01709","C","Grunyí","Carrer de Grunyí","0001","0014"
"153806","01743","Ptge","Ptge Gutenberg","Passatge de Gutenberg","0001","0007"
"085309","00961","Pl","Pl Comercial","Plaça Comercial","0001","0012"
"233031","02631","Ctra","Ctra Observatori F","Carretera de l'Observatori Fabra","0001","0030"
"266100","03014","C","Prat d'en Roquer","Carrer de Prat d'en Roquer","0001","0047"
"080407","00908","Ptge","Ptge Ciutadans","Passatge dels Ciutadans","0001","0019"
"257302","02915","Ptge","Ptge Pintor Tapiró","Passatge del Pintor Tapiró","0001","0008"
"158606","01792","C","Hortes","Carrer de les Hortes","0001","0012"
"235900","02661","C","Orgues","Carrer dels Orgues","0002","0010"
"191601","02170","C","Mandoni","Carrer de Mandoni","0001","0017"
"125709","01441","Camí","Camí Finestrelles","Camí de Finestrelles","0002","0044"
"243400","02746","C","Panamà","Carrer de Panamà","0002","0038"
"700906","05230","Av","Av Manuel Azaña","Avinguda de Manuel Azaña","0001","0006"
"259705","02940","C","Planella","Carrer de Planella","0001","0043"
"009402","00097","C","Alacant","Carrer d'Alacant","0001","0034"
"121457","01399","C","F Bertran i Güell","Carrer de Felip Bertran i Güell","0001","0019"
"136400","01553","Ptge","Ptge Font del Lleó","Passatge de la Font del Lleó","0001","0016"
"133503","01523","C","Franqueses","Carrer de les Franqueses","0001","0007"
"200702","02269","C","Marçà","Carrer de Marçà","0001","0012"
"100606","01130","C","Diluvi","Carrer del Diluvi","0001","0016"
"701428","05756","Av","Av Número 6","Avinguda Número 6","",""
"700749","05076","Esp","Esp Bogatell","Espigó del Bogatell","",""
"700780","05105","Pl","Pl Maresme","Plaça del Maresme","0001","0001"
"701183","05510","Jard","Jard Ca l'Alena","Jardins de Ca l'Alena","",""
"701736","06068","Jard","Jard M Manonelles","Jardins de Maria Manonelles","",""
"700028","04376","Pl","Pl S Allende","Plaça de Salvador Allende","",""
"700642","04971","Ptja","Ptja Nova Icària","Platja de la Nova Icària","0001","0102"
"321106","03601","C","Sàsser","Carrer de Sàsser","0001","0007"
"143700","01635","Pl","Pl Mirador","Plaça del Mirador","",""
"701757","06089","Jard","Jard Àngels Anglad","Jardins de Maria Àngels Anglada i d'Abadal","",""
"701067","05392","C","Cànem","Carrer del Cànem","",""
"701217","05544","Pl","Pl Msèn Pedragosa","Plaça de Mossèn Josep Pedragosa","",""
"701978","06311","Pl","Pl SN (Cisó-Motors","Plaça Sense Nom (Cisó-Motors)","0001","0010"
"700948","05272","Pl","Pl Havaneres","Plaça de les Havaneres","0001","0001"
"017400","00192","C","Antequera","Carrer d'Antequera","0001","0043"
"233905","02640","C","Oliana","Carrer d'Oliana","0001","0032"
"333309","03743","C","Tenerife","Carrer de Tenerife","0001","0079"
"078700","00887","C","Cinca","Carrer del Cinca","0001","0126"
"321401","03606","C","Scala Dei","Carrer de Scala Dei","0001","0060"
"057201","00626","C","Camp","Carrer del Camp","0001","0092"
"069700","00777","C","Ca n'Oliva","Carrer de Ca n'Oliva","0001","0111"
"700974","05298","Pl","Pl Dr Cararach Mau","Plaça del Doctor Cararach Mauri","0001","0009"
"304901","03433","C","Sant Josep Oriol","Carrer de Sant Josep Oriol","0001","0019"
"044108","00489","Ptge","Ptge Bofill","Passatge de Bofill","0001","0028"
"256503","02904","C","Pintor Casas","Carrer del Pintor Casas","0001","0028"
"054509","00598","C","Calàbria","Carrer de Calàbria","0001","0294"
"271507","03079","C","Can Pujolet","Carrer de Can Pujolet","0001","0055"
"067806","00751","C","Carolines","Carrer de les Carolines","0001","0030"
"195908","02217","Ptge","Ptge Marí","Passatge de Marí","0001","0012"
"355709","04013","C","Vèlia","Carrer de Vèlia","0001","0095"
"235503","02656","C","Porto","Carrer de Porto","0001","0054"
"126304","01447","C","Fitor","Carrer de Fitor","0001","0006"
"040107","00446","C","Berguedà","Carrer de Berguedà","0001","0046"
"275202","03120","C","R Miquel i Planas","Carrer de Ramon Miquel i Planas","0001","0076"
"012407","00132","C","Sant Pere Més Alt","Carrer de Sant Pere Més Alt","0001","0078"
"096000","01078","C","Cuyàs","Carrer de Cuyàs","0001","0024"
"345104","03880","C","Tres Reis","Carrer dels Tres Reis","0001","0016"
"201807","02280","C","Martorelles","Carrer de Martorelles","0001","0065"
"333400","03744","C","González Tablas","Carrer de González Tablas","0001","0036"
"027903","00312","C","Auger","Carrer d'Auger","0001","0024"
"701205","05532","C","J Ferrater i Móra","Carrer de Josep Ferrater i Móra","0001","0015"
"217308","02453","C","Montanyans","Carrer de Montanyans","0001","0012"
"296905","03349","C","St Anto Sombrerers","Carrer de Sant Antoni dels Sombrerers","0001","0011"
"058554","00644","C","Can Bruixa","Carrer de Can Bruixa","0001","0046"
"700073","04416","Ptge","Ptge Tt Estadella","Passatge del Torrent d'Estadella","0001","0028"
"276908","03140","C","Rec","Carrer del Rec","0001","0089"
"209208","02365","C","Mercè","Carrer de la Mercè","0001","0046"
"701636","05967","Plta","Plta Marconi","Placeta de Marconi","0001","0001"
"307706","03459","Bda","Bda Sant Miquel","Baixada de Sant Miquel","0001","0009"
"176903","02016","C","Safareigs","Carrer dels Safareigs","0001","0022"
"232505","02624","C","Bisbe","Carrer del Bisbe","0001","0012"
"082606","00934","C","Colomines","Carrer de Colomines","0001","0014"
"180751","02054","C","Lorena","Carrer de Lorena","0001","0109"
"009708","00100","C","Magatzems","Carrer dels Magatzems","0001","0022"
"002050","00022","C","Adolf Florensa","Carrer d'Adolf Florensa","0001","0024"
"094208","01055","Pla","Pla Seu","Pla de la Seu","0001","0003"
"701164","05490","Pl","Pl J Puig i Esteve","Plaça de Josep Puig i Esteve","0001","0001"
"115308","01314","Ptge","Ptge Espíria","Passatge d'Espíria","0001","0020"
"700166","04501","Esc","Esc Font del Mont","Escales de la Font del Mont","0001","0017"
"168100","01916","Ptge","Ptge Joaquim Rita","Passatge de Joaquim Rita","0001","0027"
"079703","00898","C","Cisquer","Carrer de Cisquer","0001","0031"
"701490","05819","C","Transversal 10","Carrer Transversal 10","0001","0013"
"087304","00980","C","Comte Salvatierra","Carrer del Comte de Salvatierra","0001","0015"
"006801","00069","C","Alcalde de Zalamea","Carrer de l'Alcalde de Zalamea","0001","0064"
"320409","03592","C","Sarasate","Carrer de Sarasate","0001","0006"
"168009","01914","Ptge","Ptge Joaquim Pujol","Passatge de Joaquim Pujol","0001","0065"
"261605","02968","C","Pomar","Carrer de Pomar","0001","0012"
"063805","00712","C","Caravel·la Pinta","Carrer de la Caravel·la La Pinta","0001","0006"
"076909","00865","C","Cerignola","Carrer de Cerignola","0001","0020"
"224609","02535","C","Muses","Carrer de les Muses","0001","0012"
"234453","02646","Ptge","Ptge C Oliveras","Passatge de Camil Oliveras","0001","0015"
"126406","01449","Pl","Pl Flandes","Plaça de Flandes","0001","0003"
"005208","00052","C","Albània","Carrer d'Albània","0001","0006"
"289808","03273","C","Rossell","Carrer de Rossell","0001","0027"
"088453","00992","C","Conflent","Carrer del Conflent","0001","0014"
"046307","00515","C","Borges Blanques","Carrer de les Borges Blanques","0001","0026"
"078609","00885","C","Cifuentes","Carrer de Cifuentes","0001","0013"
"089401","01004","C","Constantí","Carrer de Constantí","0001","0007"
"318702","03573","C","Santa Úrsula","Carrer de Santa Úrsula","0001","0015"
"700020","04369","Pl","Pl Charlie Rivel","Plaça de Charlie Rivel","0001","0006"
"297704","03357","Pl","Pl St Bernat Calbó","Plaça de Sant Bernat Calbó","0001","0008"
"053608","00588","C","Cadaqués","Carrer de Cadaqués","0002","0004"
"089503","01005","C","Constantinoble","Carrer de Constantinoble","0001","0006"
"700760","05086","Parc","Parc Port Olímpic","Parc del Port Olímpic","",""
"701383","05711","Av","Av Número 3","Avinguda Número 3","0001","0084"
"544290","04336","Moll","Moll Occidental","Moll Occidental","0001","0001"
"044505","00495","C","Boltres","Carrer d'en Boltres","0001","0002"
"701810","06143","Jard","Jard Tecla Sala","Jardins de Tecla Sala","",""
"701789","06122","Jard","Jard Elvira Farrer","Jardins d'Elvira Farreras Valentí","",""
"701833","06166","Est","Est Telefèric de M","Estació Telefèric de Montjuïc","",""
"701677","06009","C","Joan B. Cendrós","Carrer de Joan B. Cendrós","0001","0001"
"701870","06203","Pl","Pl Drets Infants","Plaça dels Drets dels Infants","",""
"701994","06327","Gal","Gal Mercadillo","Galeria Mercadillo","",""
"056800","00623","C","Camil Oliveras","Carrer de Camil Oliveras","0001","0070"
"062802","00701","C","Caponata","Carrer dels Caponata","0001","0041"
"007906","00081","C","Ca l'Alegre Dalt","Carrer de Ca l'Alegre de Dalt","0001","0118"
"147508","01673","C","Gomis","Carrer de Gomis","0001","0112"
"205400","02322","C","Mateu","Carrer de Mateu","0001","0024"
"025001","00279","C","Arquímedes","Carrer d'Arquímedes","0001","0068"
"279804","03168","C","Residència","Carrer de la Residència","0001","0031"
"157002","01775","C","Hort de la Vila","Carrer de l'Hort de la Vila","0001","0058"
"700165","04451","Camí","Camí Llenega","Camí de la Llenega","0001","0028"
"038309","00429","C","Bellmunt","Carrer de Bellmunt","0001","0028"
"190700","02161","C","Malgrat","Carrer de Malgrat","0025","0130"
"041507","00461","C","Besalú","Carrer de Besalú","0001","0113"
"251102","02849","C","Perill","Carrer del Perill","0001","0061"
"135451","01544","C","Font Baliarda","Carrer de la Font Baliarda","0001","0016"
"365000","04113","C","Violant d'Hongria ","Carrer de Violant d'Hongria Reina d'Aragó","0001","0180"
"102850","01162","C","Lilà","Carrer del Lilà","0001","0054"
"181608","02063","C","Roc Boronat","Carrer de Roc Boronat","0001","0155"
"360200","04063","C","Vidre","Carrer del Vidre","0001","0012"
"700813","05138","C","Doctor Aiguader","Carrer del Doctor Aiguader","0001","0093"
"300300","03384","C","Sant Felip Neri","Carrer de Sant Felip Neri","0001","0004"
"025103","00280","C","August Font","Carrer d'August Font","0001","0046"
"156509","01770","C","Hondures","Carrer d'Hondures","0015","0078"
"143802","01636","C","General Mendoza","Carrer del General Mendoza","0001","0056"
"206902","02339","C","Mediona","Carrer de Mediona","0001","0049"
"700678","05007","C","Melbourne","Carrer de Melbourne","0001","0035"
"223708","02527","C","Muntanyola","Carrer de Muntanyola","0001","0008"
"056606","00621","Ptge","Ptge Camèlies","Passatge de les Camèlies","0001","0012"
"139703","01594","C","Gandesa","Carrer de Gandesa","0001","0016"
"164405","01860","Ptge","Ptge J Guardiola","Passatge de Jacint Guardiola","0001","0014"
"240900","02719","C","Palafolls","Carrer de Palafolls","0001","0061"
"318600","03572","Ptge","Ptge Santa Teresa","Passatge de Santa Teresa","0001","0026"
"092971","01041","C","Costa Daurada","Carrer de la Costa Daurada","0001","0016"
"173701","01975","C","Joan Orpí","Carrer de Joan Orpí","0001","0016"
"010707","00111","C","Emília Llorca","Carrer d'Emília Llorca Martín","0001","0032"
"701507","05836","Pl","Pl Can Portabella","Plaça de Can Portabella","0001","0015"
"288204","03259","C","Rosa","Carrer de la Rosa","0001","0006"
"080906","00913","C","Clarà","Carrer de Clarà","0001","0017"
"313403","03517","Pl","Pl Santa Caterina","Plaça de Santa Caterina","0001","0003"
"024905","00278","C","Aroles","Carrer de n'Aroles","0001","0016"
"102951","01164","C","Dr Nubiola Espinós","Carrer del Doctor Nubiola i Espinós","0001","0010"
"700072","04415","C","Marinada","Carrer de la Marinada","0001","0004"
"701483","05812","C","Transversal 2","Carrer Transversal 2","0012","0061"
"014800","00158","C","Anna Piferrer","Carrer d'Anna Piferrer","0001","0024"
"346606","03892","C","Tripó","Carrer d'en Tripó","0001","0005"
"075509","00845","Camí","Camí Cem S Gervasi","Camí del Cementiri de Sant Gervasi","0001","0011"
"066304","00735","C","Cariteo","Carrer de Cariteo","0001","0026"
"046409","00516","Pg","Pg Born","Passeig del Born","0001","0036"
"317404","03560","Pl","Pl Santa Maria","Plaça de Santa Maria","0001","0008"
"256605","02905","C","Pintor Fortuny","Carrer del Pintor Fortuny","0001","0034"
"016408","00181","C","Àngels","Carrer dels Àngels","0001","0024"
"211403","02390","C","Miracle","Carrer del Miracle","0001","0057"
"085604","00964","Plta","Plta Comerç","Placeta del Comerç","0001","0004"
"700833","05158","Pl","Pl Joan Cornudella","Plaça de Joan Cornudella","0001","0028"
"293805","03317","C","Salinas","Carrer de Salinas","0001","0019"
"701733","06065","Pl","Pl Margarida Fort","Plaça de Margarida Fort","0001","0001"
"284950","03225","C","Robert Gerhard","Carrer de Robert Gerhard","0001","0005"
"077708","00874","C","Cesare Cantù","Carrer de Cesare Cantù","0001","0010"
"700945","05269","C","J Sunyol i Garriga","Carrer de Josep Sunyol i Garriga","0001","0014"
"037973","00424","Ptge","Ptge Bellavista","Passatge de Bellavista","0001","0011"
"306805","03450","Bda","Bda Sant Marià","Baixada de Sant Marià","0001","0018"
"141603","01613","Ptge","Ptge Garrofers","Passatge dels Garrofers","0001","0036"
"273502","03102","C","Radi","Carrer del Radi","0002","0012"
"128300","01468","C","Foix","Carrer de Foix","0002","0012"
"701204","05531","C","Avançada","Carrer de l'Avançada","0001","0035"
"700817","05142","C","Juan Ramón Jiménez","Carrer de Juan Ramón Jiménez","0001","0014"
"138609","01581","C","Galceran Marquet","Carrer de Galceran Marquet","0001","0026"
"701300","05627","Jard","Jard S Joan de Déu","Jardins de Sant Joan de Déu","",""
"700871","05195","Jard","Jard Ca n'Altimira","Jardins de Ca n'Altimira","",""
"700933","05257","Pl","Pl Poble Gitano","Plaça del Poble Gitano","0001","0001"
"160200","01811","C","Ca l'Iglésies","Carrer de Ca l'Iglésies","0001","0013"
"701691","06023","Ctra","Ctra Circmv Tram 4","Carretera de Circumval·lació Tram 4","0001","0006"
"251907","02857","Pl","Pl Pep Ventura","Plaça de Pep Ventura","0001","0001"
"700011","04362","Pl","Pl John F. Kennedy","Plaça de John F. Kennedy","0001","0001"
"701299","05626","Jard","Jard Mest Balcells","Jardins del Mestre Balcells","",""
"701387","05715","Jard","Jard Can Senillosa","Jardins de Can Senillosa","",""
"701511","05840","Ctra","Ctra Circmv Tram 7","Carretera Circumval·lació Tram 7","",""
"700799","05124","Parc","Parc Pla Fornells","Parc del Pla de Fornells","",""
"701896","06229","Jard","Jard Clémence Jacq","Jardins de Clémence Jacquinet","",""
"701820","06153","Parc","Parc Rieres Horta","Parc de les Rieres d'Horta","",""
"118940","01368","C","F Zona Franca","Carrer F Zona Franca","0001","0040"
"350308","03940","C","València","Carrer de València","0001","0716"
"325402","03648","C","Segle XX","Carrer del Segle XX","0001","0101"
"700823","05148","C","Coll i Alentorn","Carrer de Coll i Alentorn","0001","0020"
"202264","02290","Camí","Camí Reineta","Camí de la Reineta","0001","0115"
"246805","02792","C","Rector Ubach","Carrer del Rector Ubach","0001","0066"
"217206","02451","Rbla","Rbla Muntanya","Rambla de la Muntanya","0001","0106"
"306306","03446","C","Sant Lluís","Carrer de Sant Lluís","0001","0107"
"280406","03175","C","Mossèn Q Mallofrè","Carrer de Mossèn Quintí Mallofrè","0001","0040"
"096203","01081","C","Chapí","Carrer de Chapí","0001","0108"
"135509","01545","C","Font de Canyelles","Carrer de la Font de Canyelles","0001","0141"
"186204","02111","C","Lloret de Mar","Carrer de Lloret de Mar","0030","0098"
"078303","00881","C","Ciències","Carrer de les Ciències","0001","0073"
"239107","02699","C","Pare Jacint Alegre","Carrer del Pare Jacint Alegre","0001","0028"
"245802","02771","C","París","Carrer de París","0001","0219"
"305405","03437","C","Sant Joan la Salle","Carrer de Sant Joan de la Salle","0001","0054"
"620038","04353","Ctra","Ctra C Nord Tram 6","Carretera de Circumval·lació Nord Tram 6","0001","0031"
"197007","02229","C","Marià Labèrnia","Carrer de Marià Labèrnia","0001","0061"
"119808","01379","C","Farell","Carrer del Farell","0001","0025"
"218209","02465","C","Monterols","Carrer de Monterols","0001","0028"
"265300","03007","C","Prada","Carrer de Prada","0001","0012"
"024508","00274","C","Arnau Bargués","Carrer d'Arnau Bargués","0005","0074"
"147600","01674","Ptge","Ptge Gomis","Passatge de Gomis","0001","0007"
"202209","02287","Ptge","Ptge Mas de Roda","Passatge de Mas de Roda","0001","0041"
"328706","03694","C","Sots-tinent Navarr","Carrer del Sots-tinent Navarro","0001","0036"
"134404","01532","C","Freixa","Carrer de Freixa","0001","0056"
"292700","03306","C","Sagristans","Carrer dels Sagristans","0001","0017"
"247808","02815","C","Pavia","Carrer de Pavia","0001","0095"
"078802","00888","C","Cisell","Carrer del Cisell","0001","0028"
"020802","00234","C","Arc de Sant Sever","Carrer de l'Arc de Sant Sever","0001","0017"
"254508","02881","C","Petritxol","Carrer de Petritxol","0001","0018"
"045100","00502","Ptge","Ptge Boné","Passatge de Boné","0001","0010"
"033702","00378","Ptge","Ptge Banca","Passatge de la Banca","0001","0012"
"350807","03944","C","Valero","Carrer dels Valero","0001","0016"
"056708","00622","C","Camil Fabra","Carrer de Camil Fabra","0001","0032"
"137800","01571","C","Fusteria","Carrer de la Fusteria","0001","0016"
"241302","02723","C","Palau","Carrer de Palau","0001","0013"
"316503","03550","C","Santa Llúcia","Carrer de Santa Llúcia","0001","0003"
"235300","02654","Pl","Pl Olles","Plaça de les Olles","0001","0011"
"128900","01474","C","Fonollar","Carrer de Fonollar","0001","0038"
"088500","00993","C","Congost","Carrer del Congost","0001","0055"
"365655","04120","C","Azalea","Carrer de l'Azalea","0001","0036"
"336307","03778","C","Tirso de Molina","Carrer de Tirso de Molina","0001","0022"
"085502","00963","Pl","Pl Comerç","Plaça del Comerç","0001","0006"
"117100","01344","C","Esteràs","Carrer d'Esteràs","0001","0030"
"229806","02592","C","Mare Déu Àngels","Carrer de la Mare de Déu dels Àngels","0001","0106"
"010004","00105","Cro","Cro Ànimes","Carreró de les Ànimes","0001","0031"
"169103","01926","C","Jorge Manrique","Carrer de Jorge Manrique","0001","0031"
"329200","03699","C","Sospir","Carrer del Sospir","0022","0048"
"304606","03430","C","Sant J Cottolengo","Carrer de Sant Josep Cottolengo","0001","0016"
"131508","01500","C","Formatgeria","Carrer de la Formatgeria","0001","0012"
"353951","03996","Rier","Rier Vallvidrera","Riera de Vallvidrera","",""
"053801","00590","Camí","Camí Cadena","Camí de la Cadena","0001","0003"
"701536","05866","Jrdi","Jrdi Áurea Cuadrad","Jardí d'Áurea Cuadrado","",""
"700648","04976","C","Moixeró","Carrer del Moixeró","",""
"700869","05193","Parc","Parc Estació Nord","Parc de l'Estació del Nord","",""
"326700","03671","Ptge","Ptge Sòcrates","Passatge de Sòcrates","0001","0012"
"701178","05505","Pl","Pl Óssa Menor","Plaça de l'Óssa Menor","0001","0004"
"701860","06193","Pl","Pl Maria Mullerat","Plaça de Maria Mullerat","0001","0001"
"701577","05908","Pl","Pl Salvador Puig A","Plaça de Salvador Puig i Antich","0001","0001"
"701779","06112","Pont","Pont 32F","Pont 32F","",""
"701777","06110","Pont","Pont 32E1","Pont 32E1","",""
"701417","05745","Jard","Jard Safo","Jardins de Safo","",""
"701931","06264","Pl","Pl Ramona Fossas","Plaça de Ramona Fossas i Puig","0001","0001"
"056107","00615","C","Càller","Carrer de Càller","0001","0006"
"348135","03911","Parc","Parc de Monterols","Parc de Monterols","",""
"220233","02486","Jard","Jard Montserrat","Jardins de Montserrat","",""
"339473","03813","Parc","Parc F Torre Baró","Parc Forestal de Torre Baró","",""
"702010","06343","Jard","Jard Hilda Agostin","Jardins d'Hilda Agostini","",""
"064502","00721","C","Cardedeu","Carrer de Cardedeu","0001","0069"
"237906","02687","C","Pau Feu","Carrer de Pau Feu","0001","0030"
"073900","00824","C","Castillejos","Carrer de los Castillejos","0154","0479"
"156702","01772","C","Horitzontal","Carrer Horitzontal","0001","0060"
"167301","01904","C","Jesús i Maria","Carrer de Jesús i Maria","0001","0037"
"292802","03307","C","Sagués","Carrer de Sagués","0001","0054"
"028000","00313","Via","Via Augusta","Via Augusta","0001","0425"
"071100","00792","C","Cases Boada","Carrer de les Cases Boada","0002","0014"
"231105","02609","C","Nou de Porta","Carrer Nou de Porta","0001","0035"
"003100","00032","C","Agregació","Carrer de l'Agregació","0001","0051"
"212905","02406","C","Mir","Carrer de Mir","0001","0045"
"701520","05849","C","F Moll Inflamables","Carrer F Moll Inflamables","0004","0008"
"030500","00342","C","Badajoz","Carrer de Badajoz","0001","0184"
"228600","02581","C","Noguera Pallaresa","Carrer de la Noguera Pallaresa","0001","0064"
"253709","02873","C","Perot lo Lladre","Carrer d'en Perot lo Lladre","0001","0007"
"282300","03198","C","Riera d'Horta","Carrer de la Riera d'Horta","0001","0065"
"261004","02956","C","Poeta Cabanyes","Carrer del Poeta Cabanyes","0001","0105"
"043706","00485","C","Bòbila","Carrer de la Bòbila","0001","0034"
"285807","03234","C","Rocafort","Carrer de Rocafort","0001","0269"
"065108","00725","C","Cardenal Cisneros","Carrer del Cardenal Cisneros","0001","0044"
"161804","01829","Pl","Pl Infància","Plaça de la Infància","0001","0017"
"290308","03280","C","Rubén Darío","Carrer de Rubén Darío","0001","0135"
"701514","05843","C","Port de Lagos","Carrer del Port de Lagos","0001","0040"
"164802","01864","C","Jaume I","Carrer de Jaume I","0001","0019"
"035800","00398","C","Bartrina","Carrer de Bartrina","0001","0064"
"306500","03448","C","Sant Manuel","Carrer de Sant Manuel","0001","0019"
"353306","03983","C","Vallhonrat","Carrer de Vallhonrat","0001","0030"
"080509","00909","C","Ciutadella","Carrer de Ciutadella","0001","0019"
"342401","03847","Camí","Camí Cal Totxo","Camí de Cal Totxo","0001","0024"
"290501","03282","C","Robí","Carrer del Robí","0001","0036"
"308200","03464","C","Sant Nicolau","Carrer de Sant Nicolau","0001","0024"
"090604","01016","Ptge","Ptge Còrsega","Passatge de Còrsega","0001","0027"
"272000","03085","C","Quer","Carrer de Quer","0001","0006"
"166808","01898","C","Jerez","Carrer de Jerez","0001","0050"
"151800","01722","C","Guatemala","Carrer de Guatemala","0001","0024"
"199909","02261","C","Marquès Sentmenat","Carrer del Marquès de Sentmenat","0001","0099"
"700733","05061","C","Avet","Carrer de l'Avet","0001","0025"
"076851","00864","C","Cirerers","Carrer dels Cirerers","0001","0013"
"196208","02220","C","Maria Barrientos","Carrer de Maria Barrientos","0001","0025"
"319807","03585","C","Salomó Ben Adret","Carrer de Salomó Ben Adret","0001","0017"
"298605","03367","C","Santcliment","Carrer d'en Santcliment","0001","0024"
"213205","02410","C","Mirallers","Carrer de Mirallers","0001","0018"
"217352","02454","Parc","Parc F Montbau","Parc Forestal de Montbau","",""
"026106","00289","C","Artà","Carrer d'Artà","0001","0013"
"701665","05996","C","Víctor Colomer","Carrer de Víctor Colomer","0001","0016"
"181700","02064","C","Lluís el Piadós","Carrer de Lluís el Piadós","0001","0011"
"020609","00232","C","Arc de Sant Pau","Carrer de l'Arc de Sant Pau","0001","0016"
"327000","03676","C","Sol i Padrís","Carrer de Sol i Padrís","0001","0010"
"075000","00837","C","Cai Celi","Carrer de Cai Celi","0001","0020"
"267102","03025","C","Príncep Jordi","Carrer del Príncep Jordi","0001","0034"
"342106","03843","C","Tortellà","Carrer de Tortellà","0001","0025"
"139000","01586","C","Galtés","Carrer de Galtés","0001","0022"
"349502","03930","C","Urani","Carrer de l'Urani","0001","0022"
"273808","03104","C","Rafael Capdevila","Carrer de Rafael Capdevila","0001","0012"
"114203","01302","C","Esparreguera","Carrer d'Esparreguera","0001","0015"
"016306","00178","C","Àngel Marquès","Carrer d'Àngel Marquès","0001","0033"
"204204","02311","C","Mata","Carrer de Mata","0001","0034"
"244300","02758","Pl","Pl Pius XII","Plaça de Pius XII","0001","0006"
"093602","01048","C","Crehuet","Carrer de Crehuet","0001","0040"
"075553","00847","Pl","Pl Cementiri Horta","Plaça del Cementiri d'Horta","0001","0009"
"700079","04422","C","Caresmar","Carrer de Caresmar","0001","0022"
"079601","00897","C","Cigne","Carrer del Cigne","0001","0023"
"264603","03001","C","Pou de l'Estanc","Carrer del Pou de l'Estanc","0001","0005"
"151607","01720","Ptge","Ptge Guardiola","Passatge de Guardiola","0002","0012"
"193301","02187","C","Manuel Ramon","Carrer de Manuel Ramon","0001","0006"
"187750","02131","C","Maestrat","Carrer del Maestrat","0001","0004"
"105803","01195","Pl","Pl Dubte","Plaça del Dubte","0001","0003"
"701366","05693","Pl","Pl Mina Grott","Plaça del Mina Grott","0001","0001"
"015959","00174","Pas","Pas Àngel","Pas de l'Àngel","0001","0004"
"268400","03043","C","Pont","Carrer del Pont","0001","0012"
"701975","06308","Plta","Plta Gegants de SA","Placeta dels Gegants de Sant Andreu de Palomar","0001","0008"
"700985","05310","Pl","Pl Josep M. Poblet","Plaça de Josep M. Poblet","0001","0001"
"701187","05514","Pl","Pl Josep Obiols","Plaça de Josep Obiols","0001","0001"
"701703","06035","Plta","Plta R T Casanova","Placeta de Ramon Torres Casanova","0001","0001"
"108255","01224","Jard","Jard Horts S Pau","Jardins dels Horts de Sant Pau","",""
"700743","05070","Jard","Jard Marià Cañardo","Jardins de Marià Cañardo i Lacasta","",""
"701242","05569","Jard","Jard M Plantada","Jardins de Mercè Plantada","",""
"701940","06273","Pas","Pas Rosa Barba","Pas de Rosa Barba Casanovas","",""
"105202","01188","Jard","Jard D Chopitea","Jardins de Dorotea Chopitea","",""
"702018","06351","Ptge","Ptge Casa Miserico","Passatge de la Casa de Misericòrdia de Barcelona","0001","0014"
"702019","06352","Parc","Parc Can Batlló","Parc de Can Batlló","",""
"274800","03116","C","Ramón y Cajal","Carrer de Ramón y Cajal","0001","0158"
"240208","02712","C","Pàdua","Carrer de Pàdua","0001","0143"
"198509","02247","Av","Av Mrq Castellbell","Avinguda del Marquès de Castellbell","0001","0035"
"320103","03588","C","Sant Tomàs","Carrer de Sant Tomàs","0001","0098"
"030409","00341","C","Bac de Roda","Carrer de Bac de Roda","0001","0211"
"103706","01172","C","Doctor Santponç","Carrer del Doctor Santponç","0001","0143"
"160608","01816","C","Can Ros","Carrer de Can Ros","0001","0041"
"222400","02515","C","Democràcia","Carrer de la Democràcia","0001","0036"
"280552","03177","C","Mossèn Xiró","Carrer de Mossèn Xiró","0001","0012"
"075702","00850","C","Carmen Amaya","Carrer de Carmen Amaya","0002","0069"
"141400","01611","C","Garriguella","Carrer de Garriguella","0001","0032"
"228406","02577","C","Niça","Carrer de Niça","0001","0027"
"338506","03798","C","Tordera","Carrer de Tordera","0001","0070"
"262903","02983","C","Porrera","Carrer de Porrera","0001","0050"
"285705","03233","C","Rocabruna","Carrer de Rocabruna","0001","0020"
"184504","02091","C","Llàstics","Carrer d'en Llàstics","0001","0024"
"028509","00318","C","Ave Maria","Carrer de l'Ave Maria","0001","0004"
"021204","00238","C","Volta Tamborets","Carrer de la Volta dels Tamborets","0001","0009"
"700037","04383","C","Binèfar","Carrer de Binèfar","0001","0042"
"082209","00929","Ptge","Ptge Coello","Passatge de Coello","0001","0621"
"285909","03235","C","Roine","Carrer del Roine","0001","0032"
"700827","05152","Av","Av Card Vidal Barr","Avinguda del Cardenal Vidal i Barraquer","0001","0051"
"080950","00914","C","Clarà Ayats","Carrer de Clarà Ayats","0001","0011"
"045803","00509","Ctra","Ctra Bordeta","Carretera de la Bordeta","0001","0096"
"700867","05191","Pl","Pl Isabel Villena","Plaça d'Isabel de Villena","0001","0008"
"006109","00061","C","Albigesos","Carrer dels Albigesos","0001","0032"
"701125","05451","Pl","Pl Nou Pins","Plaça de Nou Pins","",""
"115400","01315","Av","Av Esplugues","Avinguda d'Esplugues","0001","0119"
"128059","01465","C","Flos i Calcat","Carrer de Flos i Calcat","0001","0024"
"221804","02506","C","Morera","Carrer de la Morera","0001","0019"
"025307","00282","C","Arquitecte Mas","Carrer de l'Arquitecte Mas","0001","0012"
"700761","05087","C","Torre Melina","Carrer de Torre Melina","0001","0016"
"218504","02468","Ctra","Ctra Montjuïc","Carretera de Montjuïc","0001","0069"
"700746","05073","Jard","Jard Fontserè Mest","Jardins de Fontserè i Mestre","",""
"197506","02234","Pas","Pas Marina","Pas de la Marina","0001","0009"
"201400","02276","Pg","Pg Picasso","Passeig de Picasso","0001","0046"
"701572","05903","Pl","Pl Aigua","Plaça de l'Aigua","0001","0009"
"261853","02971","Av","Av Pompeu Fabra","Avinguda de Pompeu Fabra","0001","0037"
"265209","03006","C","Pou de la Riera","Carrer del Pou de la Riera","0001","0010"
"134608","01534","C","Freneria","Carrer de Freneria","0001","0014"
"072806","00811","C","Castellfollit","Carrer de Castellfollit","0001","0048"
"255205","02889","C","Pietat","Carrer de la Pietat","0001","0012"
"233009","02629","C","Obradors","Carrer d'Obradors","0001","0017"
"060501","00675","Bda","Bda Canonja","Baixada de la Canonja","0001","0006"
"114600","01306","C","Esperança","Carrer de l'Esperança","0001","0040"
"012101","00129","Ptge","Ptge Alt Mariner","Passatge Alt de Mariner","0001","0016"
"243308","02745","C","Penedès","Carrer del Penedès","0001","0015"
"026456","00292","C","Artés","Carrer d'Artés","0001","0017"
"290159","03278","C","Rovira i Virgili","Carrer de Rovira i Virgili","0001","0017"
"134357","01531","Ptge","Ptge Rosa Leveroni","Passatge de Rosa Leveroni","0001","0015"
"199104","02253","C","Marquès Lamadrid","Carrer del Marquès de Lamadrid","0001","0010"
"050600","00556","C","Bon Pastor","Carrer del Bon Pastor","0001","0013"
"208056","02351","C","Menor de Sarrià","Carrer Menor de Sarrià","0001","0009"
"112401","01280","C","Escudellers Blancs","Carrer d'Escudellers Blancs","0001","0014"
"340600","03825","C","Torrent de Mariner","Carrer del Torrent de Mariner","0001","0024"
"104458","01180","C","Domènech Montaner","Carrer de Domènech i Montaner","0001","0012"
"131009","01495","C","Fontova","Carrer de Fontova","0001","0026"
"700731","05059","C","J Rubió i Balaguer","Carrer de Jordi Rubió i Balaguer","0001","0012"
"261376","02963","C","Poncelles","Carrer de les Poncelles","0001","0020"
"701271","05598","Pl","Pl Jaume Sabartés","Plaça de Jaume Sabartés","0001","0004"
"700692","05020","Ptja","Ptja Bogatell","Platja del Bogatell","0001","0100"
"701314","05641","Jard","Jard Can Brasó","Jardins de Can Brasó","",""
"700644","04973","Ptja","Ptja Sant Sebastià","Platja de Sant Sebastià","0001","0001"
"700802","05127","Pl","Pl Josep M.Huertas","Plaça de Josep Maria Huertas Claveria","0001","0003"
"701782","06115","Pont","Pont 32H1","Pont 32H1","",""
"129878","01484","Parc","Parc Font del Racó","Parc de la Font del Racó","",""
"701141","05467","Jard","Jard Sebast Gasch","Jardins de Sebastià Gasch","",""
"247295","02806","Pas","Pas Violet Montbau","Pas Violeta de Montbau","",""
"701554","05884","Jard","Jard Sarrià Vell","Jardins de Sarrià Vell","",""
"701556","05886","Plta","Plta Josep M. Jaén","Placeta de Josep Ma. Jaén","",""
"701613","05944","Parc","Parc Auditoris","Parc dels Auditoris","",""
"281409","03188","Ctra","Ctra Ribes","Carretera de Ribes","0001","0615"
"366002","04124","C","Mare Déu Salut","Carrer de la Mare de Déu de la Salut","0001","0097"
"368609","04155","Ptge","Ptge Xinxó","Passatge d'en Xinxó","0001","0030"
"701364","05691","C","Pere Terré Domènec","Carrer de Pere Terré i Domènech","0001","0017"
"279407","03164","C","Repartidor","Carrer del Repartidor","0001","0063"
"209605","02369","Ptge","Ptge Mercedes","Passatge de Mercedes","0001","0023"
"169409","01929","G.V.","GV Corts Catalanes","Gran Via de les Corts Catalanes","0111","1198"
"269006","03052","C","Portal Nou","Carrer del Portal Nou","0001","0062"
"011200","00117","C","Almogàvers","Carrer dels Almogàvers","0001","0239"
"060807","00678","C","Cantàbria","Carrer de Cantàbria","0001","0082"
"197903","02239","Pg","Pg Marítim","Passeig Marítim de la Barceloneta - Oriol Bohigas i Guardiola","0001","0061"
"078904","00889","C","Torrent Roses","Carrer del Torrent de les Roses","0001","0092"
"194100","02196","C","La Maquinista","Carrer de La Maquinista","0001","0066"
"127704","01462","C","Floridablanca","Carrer de Floridablanca","0001","0154"
"361009","04072","C","Vila i Vilà","Carrer de Vila i Vilà","0001","0103"
"274108","03108","C","Puig d'Óssa","Carrer de Puig d'Óssa","0001","0029"
"173803","01976","C","Jubany","Carrer de Jubany","0001","0021"
"059105","00661","C","Canalejas","Carrer de Canalejas","0001","0107"
"140906","01607","C","Garona","Carrer de la Garona","0001","0021"
"359608","04057","C","Cep","Carrer del Cep","0001","0018"
"265504","03010","Ctra","Ctra Prat","Carretera del Prat","0001","0082"
"701498","05827","Ctra","Ctra B-10 (Besòs)","Carretera B-10 (Besòs)","",""
"209004","02363","Pl","Pl Mercat","Plaça del Mercat","0001","0026"
"701324","05651","C","E de Requesens","Carrer d'Estefania de Requesens","0001","0016"
"307207","03454","Rda","Rda Sant Martí","Ronda de Sant Martí","0001","0106"
"004307","00045","C","Agustina Saragossa","Carrer d'Agustina Saragossa","0001","0025"
"310303","03485","C","Maria Casas Mira","Carrer de Maria Casas Mira","0001","0042"
"328502","03692","C","Sovelles","Carrer de Sovelles","0001","0036"
"701222","05549","Pl","Pl Joan Coromines","Plaça de Joan Coromines","0001","0001"
"339815","03816","Camí","Camí Torre Melina","Camí de la Torre Melina","0001","0015"
"057700","00632","Ptge","Ptge Camp","Passatge del Camp","0001","0013"
"701886","06219","Jard","Jard Isabel Domíng","Jardins d'Isabel Domínguez Paniagua","",""
"206709","02337","C","Medes","Carrer de les Medes","0001","0021"
"701591","05922","Jard","Jard Ermessenda C","Jardins d'Ermessenda de Carcassona","",""
"701595","05926","Pl","Pl Aire","Plaça de l'Aire","0001","0010"
"003803","00039","C","Àliga","Carrer de l'Àliga","0001","0049"
"065006","00724","Pl","Pl Card Cicognani","Plaça del Cardenal Cicognani","0001","0009"
"140757","01605","Pl","Pl Gardunya","Plaça de la Gardunya","0001","0015"
"087905","00986","C","Comtes","Carrer dels Comtes","0001","0010"
"701315","05642","Pl","Pl Can Galta Crema","Plaça de Can Galta Cremat","0001","0001"
"252309","02860","T","T Perales","Torrent de Perales","0001","0015"
"700941","05265","C","Menéndez y Pelayo","Carrer de Menéndez y Pelayo","0001","0010"
"253607","02872","Ptge","Ptge Permanyer","Passatge de Permanyer","0001","0019"
"373904","04186","C","Número 40","Carrer Número 40 Zona Franca","0001","0016"
"260781","02953","C","Poblet","Carrer de Poblet","0001","0025"
"228155","02574","C","Nínive","Carrer de Nínive","0001","0002"
"007305","00075","Av","Av Exèrcit","Avinguda de l'Exèrcit","0001","0014"
"205900","02326","C","Matilde Díez","Carrer de Matilde Díez","0001","0019"
"701212","05539","Pl","Pl P Mandiargues","Plaça de Pieyre de Mandiargues","0001","0006"
"235401","02655","C","Aiguallonga","Carrer d'Aiguallonga","0001","0011"
"132624","01512","Pl","Pl Francesc Layret","Plaça de Francesc Layret","0001","0009"
"334301","03752","C","Teodor Bonaplata","Carrer de Teodor Bonaplata","0001","0007"
"315001","03535","Pl","Pl Santa Engràcia","Plaça de Santa Engràcia","0001","0010"
"701441","05769","Av","Av Parc Logístic","Avinguda del Parc Logístic","0002","0040"
"701633","05964","Jard","Jard Pisci Esports","Jardins de Piscines i Esports","",""
"700821","05146","Moll","Moll Xaloc","Moll de Xaloc","0001","0003"
"701877","06210","Pl","Pl M Luisa Granero","Plaça de María Luisa Granero","0001","0001"
"181506","02062","Ptge","Ptge Puig Aguilar","Passatge del Puig Aguilar","0001","0008"
"701913","06246","C","Roser Pérez Simó","Carrer de Roser Pérez Simó","0001","0005"
"222002","02511","Pl","Pl Msèn Verdaguer","Plaça de Mossèn Jacint Verdaguer","",""
"700189","04520","Parc","Parc Espanya Indus","Parc de l'Espanya Industrial","",""
"701230","05557","Jard","Jard Josep Amat","Jardins de Josep Amat","",""
"700122","04460","C","Longitudinal 5","Carrer Longitudinal 5","0001","0160"
"104301","01178","C","Dolors Monserdà","Carrer de Dolors Monserdà","0001","0058"
"101008","01135","Av","Av Tibidabo","Avinguda del Tibidabo","0001","0081"
"178206","02027","C","Leopoldo Alas","Carrer de Leopoldo Alas","0001","0014"
"339203","03807","C","Torras i Pujalt","Carrer de Torras i Pujalt","0001","0069"
"290807","03285","C","Rubió i Ors","Carrer de Rubió i Ors","0001","0074"
"224405","02533","C","Murtra","Carrer de la Murtra","0001","0181"
"341908","03841","C","Torrijos","Carrer de Torrijos","0001","0072"
"191703","02171","C","Mandri","Carrer de Mandri","0001","0073"
"001309","00014","C","Acàcies","Carrer de les Acàcies","0001","0073"
"168304","01918","C","Joaquim Valls","Carrer de Joaquim Valls","0001","0141"
"054000","00592","C","Cadí","Carrer del Cadí","0001","0066"
"366705","04132","C","Vista Bella","Carrer de Vista Bella","0001","0037"
"224904","02538","Pg","Pg Joan de Borbó","Passeig de Joan de Borbó Comte de Barcelona","0001","0146"
"280304","03174","C","Mossèn Josep Bundó","Carrer de Mossèn Josep Bundó","0001","0046"
"175707","02001","C","Rajolers","Carrer dels Rajolers","0001","0040"
"342707","03850","C","Travau","Carrer de Travau","0001","0073"
"039108","00437","C","Benet Mercadé","Carrer de Benet Mercadé","0001","0037"
"145003","01649","C","Girona","Carrer de Girona","0001","0183"
"340905","03828","C","Torrent del Remei","Carrer del Torrent del Remei","0001","0063"
"309202","03474","Ptge","Ptge Sant Pere","Passatge de Sant Pere","0001","0033"
"057802","00633","C","Camp Arriassa","Carrer del Camp Arriassa","0042","0137"
"154208","01747","C","Hartzenbusch","Carrer d'Hartzenbusch","0001","0044"
"329505","03703","C","Tajo","Carrer del Tajo","0001","0079"
"701357","05684","Pg","Pg Potosí","Passeig de Potosí","0001","0011"
"194803","02205","C","Marc Aureli","Carrer de Marc Aureli","0001","0044"
"250303","02840","Ptge","Ptge Pere Ripoll","Passatge de Pere Ripoll","0001","0018"
"239606","02705","C","Pare Pérez Pulgar","Carrer del Pare Pérez del Pulgar","0001","0137"
"119706","01378","C","Fenals","Carrer de Fenals","0001","0028"
"701431","05759","Ctra","Ctra C-17(Puigcer)","Carretera C-17 (Puigcerdà)","",""
"701862","06195","Ptge","Ptge Carme Aymeric","Passatge de Carme Aymerich","0001","0001"
"338302","03797","C","Topete","Carrer de Topete","0001","0012"
"222909","02519","C","Mühlberg","Carrer de Mühlberg","0001","0124"
"701403","05731","C","Número 25","Carrer Número 25","0008","0010"
"701721","06053","Ptge","Ptge Llucieta Cany","Passatge de Llucieta Canyà","0002","0012"
"341602","03837","C","Torres i Amat","Carrer de Torres i Amat","0001","0021"
"018200","00207","Pl","Pl Antoni Maura","Plaça d'Antoni Maura","0006","0010"
"016000","00175","Pl","Pl Àngel","Plaça de l'Àngel","0001","0012"
"247353","02808","C","Pascual i Vila","Carrer de Pascual i Vila","0001","0024"
"208409","02356","Ptge","Ptge Mercader","Passatge de Mercader","0001","0020"
"142901","01627","C","Gelida","Carrer de Gelida","0001","0020"
"067205","00745","T","T Carmel","Torrent del Carmel","0001","0025"
"701346","05673","C","A Gilabert i Bonet","Carrer d'Antoni Gilabert i Bonet","0035","0064"
"096906","01089","C","Dàlia","Carrer de la Dàlia","0001","0060"
"700656","04984","Camí","Camí Fredolic","Camí del Fredolic","0001","0012"
"701542","05872","Esc","Esc Tenerife","Escales de Tenerife","0001","0009"
"298810","03370","Pl","Pl Sant Cristòfol","Plaça de Sant Cristòfol","0001","0022"
"191500","02169","C","Manxa","Carrer de la Manxa","0001","0022"
"078653","00886","Pg","Pg Cimal","Passeig del Cimal","0001","0039"
"159008","01796","C","Hug de Rocabertí","Carrer d'Hug de Rocabertí","0001","0008"
"700097","04438","Pl","Pl Lola Anglada","Plaça de Lola Anglada","0001","0004"
"093850","01051","C","Cretes","Carrer de Cretes","0001","0014"
"075804","00851","Ptge","Ptge Rere Cement V","Passatge de Rere el Cementiri Vell","0016","0022"
"700146","04482","C","Comas i Solà","Carrer de Comas i Solà","0001","0010"
"701752","06084","Jrdi","Jrdi Marga Wirsing","Jardí de Margarita Wirsing i Bordas","",""
"701705","06037","C","Tallers Ferroviari","Carrer dels Tallers Ferroviaris","0001","0001"
"701272","05599","Jard","Jard Mediterrània","Jardins de la Mediterrània","",""
"701402","05730","C","Número 24","Carrer Número 24","0005","0009"
"285400","03230","Ptge","Ptge Roca","Passatge de Roca","",""
"327703","03685","Pl","Pl Sóller","Plaça de Sóller","0001","0001"
"071359","00795","Pl","Pl Cascades","Plaça de les Cascades","0001","0002"
"701389","05717","Pl","Pl Basses Peira","Plaça de les Basses de la Peira","0001","0001"
"701291","05618","Rda","Rda Mig","Ronda del Mig","",""
"701715","06047","Jard","Jard Maria Soteras","Jardins de Maria Soteras Mauri","",""
"700842","05166","Plta","Plta Charlot","Placeta de Charlot","",""
"700152","04488","Pl","Pl Pare E Millan","Plaça del Pare Eusebi Millan","0001","0001"
"700704","05032","Plta","Plta Creu Magòria","Placeta de Creu de Magòria","",""
"701784","06117","Jard","Jard Can Verdaguer","Jardins de Can Verdaguer","",""
"701236","05563","Jard","Jard M Blancafort","Jardins de Manuel Blancafort","",""
"701937","06270","Pl","Pl Treb. de Macosa","Plaça de les Treballadores i Treballadors de Macosa","0001","0001"
"200203","02264","Plta","Plta Mqsa Caldes M","Placeta de la Marquesa de Caldes de Montbui","",""
"700766","05091","Parc","Parc Esp Mar Bella","Parc Esportiu de la Mar Bella","",""
"701985","06318","Pl","Pl Carme Garcia","Plaça de Carme Garcia","0001","0007"
"206403","02332","C","Gran de Gràcia","Carrer Gran de Gràcia","0001","0266"
"201104","02273","C","Martí","Carrer de Martí","0001","0146"
"219303","02476","Ptge","Ptge Montornès","Passatge de Montornès","0001","0026"
"099303","01115","C","Desfar","Carrer de Desfar","0001","0061"
"322801","03622","C","Sèneca","Carrer de Sèneca","0001","0037"
"067307","00746","C","Carme","Carrer del Carme","0001","0116"
"365600","04119","C","Mare Déu de Lorda","Carrer de la Mare de Déu de Lorda","0001","0102"
"235605","02657","C","Ignasi Iglésias","Carrer d'Ignasi Iglésias","0001","0156"
"299506","03376","C","Sant Elies","Carrer de Sant Elies","0001","0044"
"134801","01536","C","Freser","Carrer del Freser","0001","0240"
"033305","00375","C","Baluard","Carrer del Baluard","0001","0126"
"115603","01317","C","Espronceda","Carrer d'Espronceda","0001","0417"
"296257","03343","Rier","Rier Sant Andreu","Riera de Sant Andreu","0001","0111"
"292008","03299","C","Sagàs","Carrer de Sagàs","0001","0062"
"011302","00118","C","Alonso Cano","Carrer d'Alonso Cano","0001","0024"
"352653","03976","C","Vall d'Ordesa","Carrer de la Vall d'Ordesa","0001","0060"
"153001","01735","C","Guineueta","Carrer de la Guineueta","0001","0038"
"118805","01365","Pg","Pg Exposició","Passeig de l'Exposició","0001","0125"
"177509","02022","C","Legazpi","Carrer de Legazpi","0001","0024"
"198804","02250","Av","Av Paral·lel","Avinguda del Paral·lel","0001","0206"
"148409","01682","Ctra","Ctra Sant Cugat","Carretera de Sant Cugat","0001","0383"
"004103","00042","C","Agullers","Carrer dels Agullers","0001","0028"
"082107","00928","C","Còdols","Carrer dels Còdols","0001","0031"
"040708","00452","Ptge","Ptge B Martorell","Passatge de Bernardí Martorell","0001","0008"
"178603","02031","C","Llevant","Carrer de Llevant","0001","0008"
"342605","03849","Ptge","Ptge Treball","Passatge del Treball","0001","0032"
"234500","02647","C","Olivera","Carrer de l'Olivera","0001","0080"
"230204","02597","C","Conrad Xalabarder","Carrer de Conrad Xalabarder","0001","0016"
"270209","03066","C","Puiggarí","Carrer de Puiggarí","0001","0046"
"353907","03994","Camí","Camí Vallvidrera","Camí de Vallvidrera","0001","0053"
"322506","03618","C","Selva del Camp","Carrer de la Selva del Camp","0001","0020"
"043400","00482","C","Blai","Carrer de Blai","0001","0070"
"068707","00761","C","Carroç","Carrer de Carroç","0001","0065"
"272703","03093","C","Quintana","Carrer d'en Quintana","0001","0016"
"238002","02688","Ptge","Ptge Pau Hernández","Passatge de Pau Hernández","0001","0026"
"015052","00164","C","Andana Estació","Carrer de l'Andana de l'Estació","0001","0070"
"701429","05757","C","Número 23","Carrer Número 23","0001","0018"
"240707","02716","Pla","Pla Palau","Pla de Palau","0001","0022"
"701108","05434","Pl","Pl Pere Falqués","Plaça de Pere Falqués","0001","0003"
"109000","01235","Pl","Pl Emili Vilanova","Plaça d'Emili Vilanova","0005","0007"
"355800","04014","C","Verema","Carrer de la Verema","0001","0018"
"297806","03358","Cro","Cro St Bonaventura","Carreró de Sant Bonaventura","0001","0005"
"038400","00430","C","Bellprat","Carrer de Bellprat","0001","0039"
"054101","00593","C","Cadis","Carrer de Cadis","0001","0025"
"361100","04073","C","Viladecans","Carrer de Viladecans","0001","0037"
"239901","02708","C","Pare Secchi","Carrer del Pare Secchi","0002","0054"
"190201","02157","Pl","Pl Bonet i Muixí","Plaça de Bonet i Muixí","0001","0008"
"173870","01977","C","Judea","Carrer de Judea","0001","0014"
"100708","01131","C","Arístides Maillol","Carrer d'Arístides Maillol","0001","0045"
"369000","04160","C","Illas i Vidal","Carrer d'Illas i Vidal","0001","0004"
"700967","05291","Av","Av Ports d'Europa","Avinguda dels Ports d'Europa","0002","0120"
"700963","05287","Ptge","Ptge Malacca","Passatge de Malacca","0001","0020"
"236007","02662","Pl","Pl Orient","Plaça de l'Orient","0003","0009"
"099008","01113","C","Descans","Carrer del Descans","0001","0021"
"700919","05243","C","Polvorí","Carrer del Polvorí","0001","0013"
"273900","03106","C","Rajoler","Carrer del Rajoler","0001","0004"
"136909","01561","C","Font Sant Miquel","Carrer de la Font de Sant Miquel","0001","0004"
"259501","02935","Ptge","Ptge Plana","Passatge de la Plana","0001","0027"
"061050","00681","C","Pedrera del Mussol","Carrer de la Pedrera del Mussol","0001","0016"
"292904","03308","Ptge","Ptge Ca Seguers","Passatge de Ca dels Seguers","0001","0017"
"190609","02160","Ptge","Ptge Malet","Passatge de Malet","0001","0022"
"145207","01651","Pl","Pl Grau Miró","Plaça de Grau Miró","0001","0001"
"700183","04514","Parc","Parc Can Sabater","Parc de Can Sabater","",""
"700735","05063","Jard","Jard Dr S Hahneman","Jardins del Doctor Samuel Hahnemann","",""
"003552","00036","Camí","Camí Aigües","Camí de les Aigües","0001","0008"
"701196","05523","Pl","Pl Ictíneo","Plaça de l'Ictíneo","0001","0001"
"045406","00505","C","Boquer","Carrer d'en Boquer","0001","0014"
"700786","05112","Esp","Esp Gas","Espigó del Gas","",""
"701075","05400","Jard","Jard C Campoamor","Jardins de Clara Campoamor","",""
"700155","04491","C","Festa Major","Carrer de la Festa Major","",""
"701261","05588","Pl","Pl Gato Pérez","Plaça de Gato Pérez","",""
"701885","06218","Pl","Pl Conxa Pérez Col","Plaça de Conxa Pérez Collado","",""
"246281","02780","Parc","Parc Güell","Parc Güell","",""
"702013","06346","Ptge","Ptge Assumpta Gonz","Passatge d'Assumpta Gonzàlez","0001","0009"
"238400","02693","C","Padilla","Carrer de Padilla","0142","0397"
"143904","01637","Rda","Rda General Mitre","Ronda del General Mitre","0001","0267"
"304800","03432","Ptge","Ptge St J Muntanya","Passatge de Sant Josep de la Muntanya","0001","0019"
"331507","03722","C","Tarragona","Carrer de Tarragona","0068","0185"
"168905","01923","C","Jordi Sant Jordi","Carrer de Jordi de Sant Jordi","0001","0057"
"105304","01189","C","Dos de Maig","Carrer del Dos de Maig","0182","0335"
"362602","04088","C","Vilardell","Carrer de Vilardell","0001","0054"
"155801","01763","C","Ferro","Carrer del Ferro","0001","0030"
"216509","02444","C","Monlau","Carrer de Monlau","0001","0094"
"700171","04505","C","Santa Olívia","Carrer de Santa Olívia","0001","0005"
"023301","00262","Ptge","Ptge Argullós","Passatge d'Argullós","0001","0025"
"341409","03833","C","Torres","Carrer de les Torres","0001","0107"
"335508","03766","C","Tiana","Carrer de Tiana","0001","0022"
"133300","01521","C","Francesc Tàrrega","Carrer de Francesc Tàrrega","0001","0051"
"200101","02263","C","Mqsa Caldes Montb","Carrer de la Marquesa de Caldes de Montbui","0001","0054"
"282004","03194","C","Riells","Carrer de Riells","0001","0057"
"189202","02148","C","Magalhães","Carrer de Magalhães","0001","0085"
"701587","05918","Pl","Pl Primavera","Plaça de la Primavera","0001","0015"
"212406","02400","C","Mineria","Carrer de la Mineria","0001","0078"
"014606","00156","C","Empordà","Carrer de l'Empordà","0001","0026"
"325107","03645","C","Trelawny","Carrer de Trelawny","0001","0017"
"084703","00955","C","Comandant Benítez","Carrer del Comandant Benítez","0001","0045"
"333900","03748","C","Tenor Masini","Carrer del Tenor Masini","0001","0118"
"700134","04472","C","Transversal 8","Carrer Transversal 8","0001","0061"
"149004","01690","C","Granados","Carrer de Granados","0001","0026"
"213001","02407","C","Mir Geribert","Carrer de Mir Geribert","0001","0020"
"277208","03143","C","Regàs","Carrer de Regàs","0001","0035"
"330708","03715","C","Taquígraf Garriga","Carrer del Taquígraf Garriga","0001","0195"
"225805","02548","Pl","Pl Narcís Oller","Plaça de Narcís Oller","0001","0010"
"031401","00351","Ptge","Ptge Baix del Turó","Passatge Baix del Turó","0021","0062"
"310100","03483","C","Sant Quirze Safaja","Carrer de Sant Quirze Safaja","0001","0044"
"286402","03240","C","Roger","Carrer de Roger","0001","0074"
"176109","02007","Pl","Pl Laguna de Lanao","Plaça de la Laguna de Lanao","0001","0001"
"030103","00338","C","Bacardí","Carrer de Bacardí","0001","0064"
"277707","03148","C","Reig i Bonet","Carrer de Reig i Bonet","0001","0027"
"201909","02281","Ptge","Ptge Martras","Passatge de Martras","0001","0029"
"346005","03887","C","Trinitat","Carrer de la Trinitat","0001","0005"
"352201","03963","C","Valldoreix","Carrer de Valldoreix","0001","0020"
"001105","00012","C","Manuel Ballbé","Carrer de Manuel Ballbé","0001","0020"
"701686","06018","Ptge","Ptge Carmen de Bur","Passatge de Carmen de Burgos","0001","0004"
"176302","02010","C","Lancaster","Carrer de Lancaster","0001","0024"
"283608","03212","C","Riudarenes","Carrer de Riudarenes","0001","0009"
"307900","03461","Pl","Pl Sant Miquel","Plaça de Sant Miquel","0001","0006"
"163504","01849","Pg","Pg Isabel II","Passeig d'Isabel II","0001","0014"
"021601","00242","C","Arcs","Carrer dels Arcs","0001","0010"
"358401","04043","C","Vicaria","Carrer de la Vicaria","0001","0006"
"700665","04993","C","Frederic Mompou","Carrer de Frederic Mompou","0001","0017"
"324002","03634","C","Serrallonga","Carrer de Serrallonga","0001","0030"
"023980","00269","Pl","Pl Armada","Plaça de l'Armada","",""
"260806","02954","C","Poesia","Carrer de la Poesia","0001","0019"
"185052","02097","C","Llinars del Vallès","Carrer de Llinars del Vallès","0001","0017"
"341850","03840","C","Torrevieja","Carrer de Torrevieja","0006","0025"
"700083","04425","C","Josep M. Sagarra","Carrer de Josep M. de Sagarra","0001","0013"
"114407","01304","C","Esparver","Carrer de l'Esparver","0001","0030"
"005503","00055","C","Ourense","Carrer d'Ourense","0001","0008"
"264705","03002","C","Pou de l'Estany","Carrer del Pou de l'Estany","0001","0005"
"104006","01175","Ptge","Ptge Doctor Torres","Passatge del Doctor Torres","0001","0021"
"700718","05046","Plta","Plta Can Garriga","Placeta de Can Garriga","",""
"212009","02398","C","Mina","Carrer de Mina","0001","0001"
"701685","06017","C","Olympe de Gouges","Carrer d'Olympe de Gouges","0002","0002"
"701456","05784","Jard","Jard Lina Ódena","Jardins de Lina Ódena","",""
"325901","03654","C","Simó Oller","Carrer de Simó Oller","0001","0005"
"701444","05772","Pl","Pl Abat Oliba","Plaça de l'Abat Oliba","0001","0001"
"701746","06078","Camí","Camí Can Rius (Tor","Camí de Can Rius a Torre Baró","",""
"166750","01897","Jard","Jard Voltes Cirés","Jardins de les Voltes d'en Cirés","",""
"701596","05927","Jrdi","Jrdi Clot Salvi","Jardí del Clot d'en Salvi","",""
"701750","06082","Jard","Jard Martí Luter","Jardins de Martí Luter","",""
"700093","04435","Ptge","Ptge Primavera","Passatge de la Primavera","",""
"701993","06326","Gal","Gal Gralla Hall","Galeria Gralla Hall","",""
"012600","00135","C","Alts Forns","Carrer dels Alts Forns","0013","0088"
"282809","03205","C","Riu de l'Or","Carrer del Riu de l'Or","0001","0039"
"326201","03666","C","Siracusa","Carrer de Siracusa","0001","0059"
"069109","00765","C","Cartellà","Carrer de Cartellà","0001","0195"
"097308","01093","C","Dalmases","Carrer de Dalmases","0016","0082"
"214106","02419","C","Modolell","Carrer de Modolell","0001","0080"
"701044","05369","Pl","Pl Manuel Ainaud","Plaça de Manuel Ainaud","0001","0011"
"198156","02242","C","Marbre","Carrer del Marbre","0001","0014"
"700956","05280","C","F Bonnemaison","Carrer de Francesca Bonnemaison","0001","0010"
"187400","02125","C","Madriguera","Carrer de la Madriguera","0001","0047"
"052004","00571","C","Borriana","Carrer de Borriana","0001","0144"
"326507","03669","C","Socors","Carrer del Socors","0001","0025"
"135101","01540","C","Font Florida","Carrer de la Font Florida","0001","0131"
"128707","01472","C","Fondal Sant Martí","Carrer del Fondal de Sant Martí","0001","0034"
"073503","00819","C","Castellví","Carrer de Castellví","0001","0068"
"249100","02829","C","Pedret","Carrer de Pedret","0001","0016"
"361508","04077","C","Viladrosa","Carrer de Viladrosa","0050","0161"
"218901","02472","C","Montmajor","Carrer de Montmajor","0001","0033"
"346402","03891","C","Trinxant","Carrer de Trinxant","0001","0146"
"144204","01640","C","Ample","Carrer Ample","0001","0056"
"700800","05125","Camí","Camí Salze","Camí del Salze","0001","0105"
"165408","01871","C","Jaume Fabre","Carrer de Jaume Fabre","0001","0048"
"175321","01992","C","Júpiter","Carrer de Júpiter","0001","0046"
"151902","01723","C","Guatlla","Carrer de la Guatlla","0002","0054"
"286606","03242","Ptge","Ptge Roger de Flor","Passatge de Roger de Flor","0001","0019"
"267816","03034","C","Nou Barris","Carrer dels Nou Barris","0001","0027"
"267601","03031","C","Proclamació","Carrer de la Proclamació","0001","0020"
"211607","02392","C","Milans","Carrer de Milans","0001","0009"
"114906","01310","Ptge","Ptge Espiell","Passatge d'Espiell","0001","0023"
"700807","05132","Pl","Pl Ricard Zamora","Plaça de Ricard Zamora","0001","0001"
"701310","05637","Pl","Pl Boyeros","Plaça de Boyeros","0001","0001"
"365203","04115","C","Verge","Carrer de la Verge","0001","0016"
"093500","01047","Ptge","Ptge Crèdit","Passatge del Crèdit","0001","0010"
"172709","01965","C","Juan de Mena","Carrer de Juan de Mena","0001","0031"
"371002","04185","C","Número 11","Carrer Número 11 Zona Franca","0016","0050"
"051205","00562","C","Buenos Aires","Carrer de Buenos Aires","0001","0064"
"156203","01765","Pl","Pl Pablo Neruda","Plaça de Pablo Neruda","0001","0001"
"044006","00488","C","Martí Garralaga","Carrer de Martí Garralaga","0001","0015"
"196300","02221","C","Maria Paretas","Carrer de Maria Paretas","0001","0006"
"333808","03747","C","Tinent Flomesta","Carrer del Tinent Flomesta","0001","0050"
"111500","01270","C","Salvador Alarma","Carrer de Salvador Alarma","0002","0028"
"096509","01084","Ptge","Ptge Xile","Passatge de Xile","0001","0062"
"367752","04143","Pl","Pl Wagner","Plaça de Wagner","0001","0008"
"168803","01922","Av","Av Jordà","Avinguda del Jordà","0001","0031"
"203100","02302","C","Maspons","Carrer de Maspons","0001","0028"
"160903","01819","Pl","Pl Ildefons Cerdà","Plaça d'Ildefons Cerdà","0001","0007"
"316401","03549","C","Santa Elionor","Carrer de Santa Elionor","0001","0016"
"026300","00291","Ptge","Ptge Artemis","Passatge d'Artemis","0001","0029"
"094004","01053","C","Crillon","Carrer de Crillon","0001","0021"
"700824","05149","C","Basses d'Horta","Carrer de les Basses d'Horta","0001","0009"
"080600","00910","Pl","Pl Ciutadella","Plaça de Ciutadella","0009","0015"
"192309","02177","C","Manresa","Carrer de Manresa","0001","0009"
"058634","00651","Camí","Camí Can Clos","Camí de Can Clos","0001","0009"
"348576","03920","C","Llicorella","Carrer de la Llicorella","0001","0009"
"700742","05069","Pl","Pl Mig de Can Clos","Plaça del Mig de Can Clos","0001","0013"
"364200","04105","Ptge","Ptge Vintró","Passatge de Vintró","0001","0026"
"036609","00406","Ptge","Ptge Batlló","Passatge de Batlló","0001","0022"
"038808","00434","Pl","Pl Benet XV","Plaça de Benet XV","0002","0004"
"701254","05581","Pl","Pl P Figuera Serra","Plaça de Pere Figuera i Serra","0001","0001"
"102452","01155","Pl","Pl Dr I Barraquer","Plaça del Doctor Ignasi Barraquer","0001","0009"
"171502","01954","C","Juan de Ávila","Carrer de Juan de Ávila","",""
"120454","01385","Camí","Camí Far","Camí del Far","0001","0005"
"540267","04318","Moll","Moll Drassanes","Moll de les Drassanes","",""
"540529","04322","Moll","Moll Bosch Alsina","Moll de Bosch i Alsina","0001","0001"
"179402","02038","C","Llebre","Carrer de la Llebre","0001","0004"
"701440","05768","Jard","Jard Camp Sarrià","Jardins del Camp de Sarrià","",""
"701909","06242","Jard","Jard Virgínia Ampo","Jardins de Virgínia Amposta Amposta","",""
"701749","06081","Jrdi","Jrdi Sempronio","Jardí de Sempronio","",""
"700130","04468","C","Longitudinal 10","Carrer Longitudinal 10","0046","0066"
"090502","01015","C","Còrsega","Carrer de Còrsega","0045","0713"
"241200","02722","C","Palamós","Carrer de Palamós","0001","0102"
"009606","00099","Ptge","Ptge Alió","Passatge d'Alió","0001","0048"
"286504","03241","C","Roger de Flor","Carrer de Roger de Flor","0001","0338"
"255103","02888","C","Picó i Campamar","Carrer de Picó i Campamar","0001","0028"
"302203","03401","C","S Gervasi Cassoles","Carrer de Sant Gervasi de Cassoles","0001","0121"
"236700","02669","C","Or","Carrer de l'Or","0001","0050"
"042306","00469","C","Bilbao","Carrer de Bilbao","0001","0243"
"023200","00261","C","Argullós","Carrer d'Argullós","0001","0147"
"300503","03386","C","Sant Feliu Codines","Carrer de Sant Feliu de Codines","0001","0221"
"041100","00457","C","Bernat Metge","Carrer de Bernat Metge","0001","0036"
"096021","01079","C","Cusco","Carrer de Cusco","0001","0061"
"102703","01159","C","Doctor Letamendi","Carrer del Doctor Letamendi","0001","0106"
"259104","02931","C","Pla de Fornells","Carrer del Pla de Fornells","0001","0098"
"206800","02338","C","Sant Pere Mitjà","Carrer de Sant Pere Mitjà","0001","0093"
"158402","01790","C","Hostalric","Carrer d'Hostalric","0001","0032"
"186408","02113","C","Llobera","Carrer de Llobera","0001","0142"
"032302","00364","C","Balenyà","Carrer de Balenyà","0001","0051"
"366501","04130","Pl","Pl Virrei Amat","Plaça del Virrei Amat","0001","0015"
"700034","04380","Ptge","Ptge Via Trajana A","Passatge Via Trajana A","0001","0012"
"347100","03897","C","Encuny","Carrer de l'Encuny","0001","0027"
"701628","05959","Ptge","Ptge A Díaz Plaja","Passatge d'Aurora Díaz Plaja","0001","0008"
"058598","00647","Camí","Camí Can Castellví","Camí de Can Castellví","0001","0043"
"329800","03706","C","Tallers","Carrer dels Tallers","0001","0084"
"337300","03788","C","Tolosa","Carrer de Tolosa","0001","0010"
"214150","02420","C","Mogent","Carrer del Mogent","0001","0038"
"057507","00630","C","Campeny","Carrer de Campeny","0001","0037"
"163402","01848","Ptge","Ptge Isabel","Passatge d'Isabel","0001","0014"
"224802","02537","C","Nació","Carrer de la Nació","0001","0094"
"701527","05857","Ptge","Ptge Maria Llimona","Passatge de Maria Llimona","0001","0046"
"278801","03159","C","Rembrandt","Carrer de Rembrandt","0007","0016"
"037306","00415","C","Beatriu","Carrer de Beatriu","0001","0028"
"248108","02819","Av","Av Pearson","Avinguda de Pearson","0001","0185"
"307604","03458","C","Sant Medir","Carrer de Sant Medir","0001","0040"
"009071","00093","Ptge","Ptge Violer","Passatge del Violer","0001","0017"
"074506","00832","Rbla","Rbla Catalunya","Rambla de Catalunya","0001","0137"
"332850","03737","Pl","Pl Televisió","Plaça de la Televisió","0001","0001"
"065607","00730","C","Carders","Carrer dels Carders","0001","0051"
"332907","03738","C","Tell","Carrer de Tell","0001","0011"
"269108","03055","Pl","Pl Portal Pau","Plaça del Portal de la Pau","0001","0009"
"293907","03318","C","Salomó","Carrer de Salomó","0001","0015"
"700041","04386","Moll","Moll E Fernández","Moll d'Evaristo Fernández","0001","0001"
"339305","03808","C","Torre","Carrer de la Torre","0001","0028"
"216702","02446","Pl","Pl Mons","Plaça de Mons","0001","0007"
"701323","05650","C","Joan Comorera","Carrer de Joan Comorera","0001","0018"
"301506","03395","C","Palau de la Música","Carrer del Palau de la Música","0001","0006"
"272500","03091","C","Quevedo","Carrer de Quevedo","0001","0040"
"193403","02188","Plta","Plta Manuel Ribé","Placeta de Manuel Ribé","0001","0005"
"192400","02178","C","Manrique de Lara","Carrer de Manrique de Lara","0001","0013"
"358955","04050","Pl","Pl Víctor Balaguer","Plaça de Víctor Balaguer","0001","0008"
"283109","03207","C","Ripoll","Carrer de Ripoll","0012","0027"
"015755","00171","C","Andròmeda","Carrer d'Andròmeda","0001","0014"
"050905","00558","C","Ventura Plaja","Carrer de Ventura Plaja","0001","0062"
"351209","03950","Ptge","Ptge Vallseca","Passatge de Vallseca","0001","0013"
"052423","00576","C","C Zona Franca","Carrer C Zona Franca","0001","0023"
"156305","01766","C","Historiador Maians","Carrer de l'Historiador Maians","0001","0032"
"701506","05835","Pl","Pl Carme Montoriol","Plaça de Carme Montoriol","0001","0012"
"192706","02181","C","Mas Pujol","Carrer del Mas Pujol","0001","0023"
"260704","02952","C","Pobla de Lillet","Carrer de la Pobla de Lillet","0001","0026"
"144102","01639","C","Joaquim Blume","Carrer de Joaquim Blume","0001","0012"
"018301","00209","C","Francesc Bolòs","Carrer de Francesc Bolòs","0001","0046"
"014005","00149","C","Amics","Carrer dels Amics","0001","0015"
"085207","00960","C","Comercial","Carrer Comercial","0001","0019"
"701149","05475","C","Marie Curie","Carrer de Marie Curie","0001","0023"
"700676","05005","C","Seül","Carrer de Seül","0001","0031"
"701479","05807","C","Longitudinal 4","Carrer Longitudinal 4","0012","0034"
"701198","05525","Pl","Pl Odissea","Plaça de l'Odissea","0001","0002"
"701148","05474","C","Albert Einstein","Carrer d'Albert Einstein","0001","0045"
"111850","01274","Pg","Pg Escullera","Passeig de l'Escullera","0001","0001"
"701264","05591","Parc","Parc Diagonal Mar","Parc de Diagonal Mar","",""
"701573","05904","Jard","Jard Tete Montoliu","Jardins de Tete Montoliu","",""
"700882","05205","Pl","Pl Campions","Plaça dels Campions","0001","0001"
"701803","06136","C","SN(Andana Est C M","Carrer Sense Nom (Andana Estació Coronel Monasterio)","0001","0002"
"096600","01085","C","Xipre","Carrer de Xipre","0001","0002"
"701374","05701","Jard","Jard Sant Pau Camp","Jardins de Sant Pau del Camp","",""
"701753","06085","Jard","Jard Ramon Aramon ","Jardins de Ramon Aramon i Serra","",""
"701457","05785","Jard","Jard A Llevant","Jardins de l'Arenal de Llevant","",""
"701484","05813","C","Transversal 3","Carrer Transversal 3","",""
"702015","06348","Jard","Jard Rambla Sants","Jardins de la Rambla de Sants","",""
"193006","02184","C","Manuel Arnús","Carrer de Manuel Arnús","0001","0101"
"137402","01565","Pl","Pl Doctor Andreu","Plaça del Doctor Andreu","0001","0005"
"065505","00729","C","Card Vives i Tutó","Carrer del Cardenal Vives i Tutó","0001","0067"
"118703","01362","C","Evarist Arnús","Carrer d'Evarist Arnús","0001","0072"
"271904","03083","C","Putxet","Carrer del Putxet","0001","0086"
"210003","02375","C","Meridional","Carrer Meridional","0001","0034"
"205808","02325","C","Matilde","Carrer de Matilde","0001","0011"
"037703","00420","C","Betlem","Carrer de Betlem","0001","0061"
"164700","01863","C","Jaén","Carrer de Jaén","0001","0028"
"197302","02232","C","Marina","Carrer de la Marina","0001","0380"
"248403","02822","C","Prats de Molló","Carrer de Prats de Molló","0001","0022"
"311408","03497","C","Sant Elm","Carrer de Sant Elm","0001","0096"
"280701","03180","C","Rei Martí","Carrer del Rei Martí","0001","0052"
"165703","01876","C","Jaume Pinent","Carrer de Jaume Pinent","0001","0065"
"301302","03393","C","St Francesc Xavier","Carrer de Sant Francesc Xavier","0001","0093"
"001003","00011","C","Abella","Carrer d'Abella","0001","0006"
"081603","00923","C","Clot","Carrer del Clot","0001","0264"
"326609","03670","C","Sòcrates","Carrer de Sòcrates","0001","0106"
"092950","01040","C","Costabona","Carrer de Costabona","0001","0043"
"036201","00403","C","Bassols","Carrer de Bassols","0001","0032"
"150604","01707","C","Grífols","Carrer de Grífols","0001","0041"
"088704","00995","Pl","Pl Congrés Eucarís","Plaça del Congrés Eucarístic","0001","0014"
"226706","02558","Ptge","Ptge Negociant","Passatge del Negociant","0001","0040"
"239708","02706","C","Pare Rodés","Carrer del Pare Rodés","0001","0072"
"368201","04148","C","Guitard","Carrer de Guitard","0001","0092"
"315409","03539","Ptge","Ptge Santa Eulàlia","Passatge de Santa Eulàlia","0001","0022"
"300707","03388","C","Sant Ferran","Carrer de Sant Ferran","0001","0025"
"034002","00381","C","Banys Nous","Carrer dels Banys Nous","0001","0022"
"021907","00245","C","Esquirol Volador","Carrer de l'Esquirol Volador","0001","0012"
"290909","03287","Ptge","Ptge Sta M Vilalba","Passatge de Santa Maria de Vilalba","0001","0009"
"156600","01771","C","Horaci","Carrer d'Horaci","0001","0044"
"136501","01555","Pg","Pg Font Mulassa","Passeig de la Font de la Mulassa","0001","0092"
"197404","02233","Ptge","Ptge Marina","Passatge de la Marina","0032","0061"
"144850","01647","C","Geranis","Carrer dels Geranis","0001","0018"
"152406","01729","C","Guillem Sagrera","Carrer de Guillem Sagrera","0001","0016"
"229704","02591","C","Novelles","Carrer de Novelles","0001","0038"
"221928","02508","T","T Rovelló","Torrent del Rovelló","0001","0022"
"700195","04525","Camí","Camí Carlet","Camí del Carlet","0001","0013"
"009107","00094","C","Alhucemas","Carrer d'Alhucemas","0034","0050"
"057100","00625","C","Camós","Carrer de Camós","0001","0012"
"230306","02598","Camí","Camí Mare Déu Lord","Camí de la Mare de Déu de Lorda","0001","0017"
"297908","03359","C","Sant Camil","Carrer de Sant Camil","0001","0036"
"248200","02820","Ptge","Ptge Pearson","Passatge de Pearson","0001","0026"
"701153","05479","Parc","Parc Font Florida","Parc de la Font Florida","",""
"250008","02837","C","Pere Llobet","Carrer de Pere Llobet","0001","0029"
"347904","03907","C","Turó","Carrer del Turó","0001","0019"
"270402","03068","Ptge","Ptge Puigmadrona","Passatge del Puigmadrona","0001","0038"
"174001","01979","C","Judici","Carrer del Judici","0001","0019"
"701215","05542","C","M Aurèlia Capmany","Carrer de Maria Aurèlia Capmany","0001","0024"
"208908","02362","Ptge","Ptge Mercat","Passatge del Mercat","0001","0016"
"012000","00128","C","Alt de Mariner","Carrer Alt de Mariner","0001","0036"
"701391","05719","C","Jane Addams","Carrer de Jane Addams","0001","0026"
"222501","02516","C","Moià","Carrer de Moià","0001","0020"
"701624","05955","Pl","Pl SN (Alts Forns)","Plaça Sense Nom (Alts Forns)","0001","0007"
"210900","02384","C","Miquel Bleach","Carrer de Miquel Bleach","0001","0040"
"212508","02401","C","Minerva","Carrer de Minerva","0001","0023"
"052605","00578","C","Caballero","Carrer de Caballero","0001","0097"
"005809","00057","Ptge","Ptge Albert Pinyol","Passatge d'Albert Pinyol","0001","0022"
"700653","04981","C","Josep Solé Barberà","Carrer de Josep Solé i Barberà","0001","0012"
"125902","01442","C","Finlàndia","Carrer de Finlàndia","0001","0045"
"175605","01999","C","Laberint","Carrer del Laberint","0001","0010"
"042805","00475","Rier","Rier Blanca Sarrià","Riera Blanca Sarrià","0001","0014"
"027754","00310","Ptge","Ptge Àtom","Passatge de l'Àtom","0001","0004"
"163209","01846","Ptge","Ptge Irlanda","Passatge d'Irlanda","0001","0022"
"048765","00538","C","Violer","Carrer del Violer","0001","0010"
"701424","05752","Pl","Pl Sarah Bernhardt","Plaça de Sarah Bernhardt","0001","0001"
"701191","05518","Pl","Pl Arts","Plaça de les Arts","0001","0001"
"701349","05676","Pl","Pl Drassanes","Plaça de les Drassanes","0001","0002"
"186000","02109","Ptge","Ptge Llorac","Passatge de Llorac","0001","0004"
"082708","00935","Ptge","Ptge Coloms","Passatge dels Coloms","0001","0004"
"700886","05210","Pl","Pl Llagut","Plaça del Llagut","0001","0001"
"701640","05971","Jard","Jard Villa Clara","Jardins de Villa Clara","",""
"701626","05957","Plta","Plta D Dalmases","Placeta de Daniel Dalmases","0001","0001"
"268502","03046","C","Pont de Sant Martí","Carrer del Pont de Sant Martí","0001","0008"
"700819","05144","Pl","Pl Dr P Franquesa","Plaça del Doctor Pere Franquesa","",""
"162807","01842","Pg","Pg Minici Natal","Passeig de Minici Natal","",""
"701838","06171","Jard","Jard Can Xiringoi","Jardins de Can Xiringoi","",""
"701690","06022","Parc","Parc Garrofers","Parc dels Garrofers","",""
"701856","06189","Jard","Jard Ana Figuera","Jardins d'Ana Figuera","",""
"701658","05989","Esc","Esc Canadencs","Escales dels Canadencs","",""
"701935","06268","Pl","Pl Josep i Esteve","Plaça de Josep i Esteve Fortuny i Guarro","0001","0001"
"701943","06276","Pl","Pl Lolita Torrentó","Plaça de Lolita Torrentó i Prim","0001","0001"
"116184","01328","Est","Est S Andreu Conda","Estació Sant Andreu Condal","",""
"701632","05963","Jard","Jard S Beauvoir","Jardins de Simone de Beauvoir","",""
"358059","04039","C","Via Làctia","Carrer de la Via Làctia","0001","0020"
"037000","00412","C","Beat Almató","Carrer del Beat Almató","0001","0109"
"067001","00743","Ctra","Ctra Carmel","Carretera del Carmel","0001","0110"
"175900","02003","C","Laforja","Carrer de Laforja","0001","0146"
"364700","04110","C","Vinyar","Carrer del Vinyar","0001","0083"
"179708","02042","C","Lincoln","Carrer de Lincoln","0001","0058"
"344407","03870","Trvs","Trvs Sant Antoni","Travessia de Sant Antoni","0001","0035"
"066508","00737","G.V.","G.V. Carles III","Gran Via de Carles III","0001","0158"
"188301","02136","C","Mestre Aloi","Carrer del Mestre Aloi","0001","0014"
"306907","03451","C","Sant Marià","Carrer de Sant Marià","0001","0034"
"111704","01272","C","Escòcia","Carrer d'Escòcia","0001","0139"
"282503","03200","C","Riera de Vallcarca","Carrer de la Riera de Vallcarca","0001","0023"
"032608","00367","C","Balira","Carrer de Balira","0001","0020"
"061300","00683","Ptge","Ptge Cantí","Passatge de Cantí","0001","0015"
"132205","01508","C","Fosca","Carrer de la Fosca","0001","0034"
"123601","01420","C","Fernando Poo","Carrer de Fernando Poo","0001","0074"
"324104","03635","C","Serrano","Carrer de Serrano","0001","0065"
"265005","03005","C","Pou","Carrer del Pou","0001","0078"
"203201","02303","C","Maspons i Labrós","Carrer de Maspons i Labrós","0001","0029"
"098209","01104","C","Degà Bahí","Carrer del Degà Bahí","0001","0093"
"033101","00372","C","Basses Sant Pere","Carrer de les Basses de Sant Pere","0001","0026"
"137300","01564","C","Foneria","Carrer de la Foneria","0001","0063"
"079204","00893","C","Circumval·lació","Carrer de Circumval·lació","0001","0051"
"210309","02378","C","Metal·lúrgia","Carrer de la Metal·lúrgia","0002","0070"
"700662","04990","C","Salvador Espriu","Carrer de Salvador Espriu","0001","0109"
"276001","03130","Pl","Pl Reial","Plaça Reial","0001","0018"
"310405","03486","C","Sant Ramon","Carrer de Sant Ramon","0001","0030"
"293500","03314","C","Salern","Carrer de Salern","0001","0007"
"238104","02690","C","Pablo Sáez Barés","Carrer de Pablo Sáez de Barés","0001","0012"
"336205","03777","C","Tirso","Carrer de Tirso","0001","0053"
"046001","00512","Ptge","Ptge Bori","Passatge de Bori","0001","0016"
"231207","02610","C","Nou Sant Francesc","Carrer Nou de Sant Francesc","0001","0044"
"261401","02964","C","Polònia","Carrer de Polònia","0001","0041"
"016703","00184","C","Anglesola","Carrer d'Anglesola","0001","0074"
"700753","05079","C","Dolça de Provença","Carrer de Dolça de Provença","0001","0006"
"701414","05742","Ctra","Ctra C-31","Carretera C-31","",""
"071304","00794","Pg","Pg Jean Forestier","Passeig de Jean C. N. Forestier","0001","0022"
"176700","02014","C","Llorer","Carrer del Llorer","0001","0018"
"701496","05825","C","Transversal 17","Carrer Transversal 17","0001","0051"
"189009","02146","C","Ricardo Villa","Carrer de Ricardo Villa","0001","0010"
"011801","00126","Pl","Pl Alta Can Clos","Plaça Alta de Can Clos","0001","0013"
"280600","03179","Pl","Pl Rei","Plaça del Rei","0001","0011"
"037408","00417","C","Beethoven","Carrer de Beethoven","0001","0018"
"122609","01412","C","Ferlandina","Carrer de Ferlandina","0002","0071"
"175300","01991","C","Jupí","Carrer de Jupí","0001","0008"
"350705","03943","C","Valentí Iglésias","Carrer de Valentí Iglésias","0001","0046"
"110701","01257","C","Carles Collet","Carrer de Carles Collet","0001","0030"
"137209","01563","C","Fulton","Carrer de Fulton","0001","0024"
"171808","01957","Ptge","Ptge Joan Casas","Passatge de Joan Casas","0001","0014"
"305904","03442","Camí","Camí Sant Llàtzer","Camí de Sant Llàtzer","0001","0052"
"317109","03557","C","Sta Magdalen Sofia","Carrer de Santa Magdalena Sofia","0001","0023"
"364506","04108","C","Vinyals","Carrer de Vinyals","0001","0071"
"357001","04027","C","Bergara","Carrer de Bergara","0001","0016"
"369601","04167","C","Riego","Carrer de Riego","0001","0051"
"229602","02590","C","Novell","Carrer de Novell","0001","0091"
"164303","01858","C","Jacinto Benavente","Carrer de Jacinto Benavente","0001","0021"
"003202","00033","C","Anna Martínez Sagi","Carrer d'Anna M. Martínez Sagi","0001","0051"
"173406","01972","C","Sibelius","Carrer de Sibelius","0001","0014"
"700801","05126","C","Vivers","Carrer dels Vivers","0001","0008"
"172006","01959","C","Trias i Giró","Carrer de Trias i Giró","0001","0028"
"098606","01108","C","Demestre","Carrer de Demestre","0001","0017"
"700682","05011","C","Fonolleda","Carrer de la Fonolleda","0001","0020"
"239300","02702","C","Pare Manyanet","Carrer del Pare Manyanet","0001","0056"
"368405","04152","Pl","Pl Xandri","Plaça d'en Xandri","0003","0004"
"147009","01667","C","Goldoni","Carrer de Goldoni","0001","0010"
"345909","03886","C","Trillo","Carrer de Trillo","0001","0011"
"369656","04168","Pl","Pl Zurbarán","Plaça de Zurbarán","0001","0009"
"118408","01359","Pl","Pl Eusebi Güell","Plaça d'Eusebi Güell","0001","0014"
"205502","02323","C","Mateu Ferran","Carrer de Mateu Ferran","0001","0008"
"701369","05696","C","Saturnino Calleja","Carrer de Saturnino Calleja","0001","0013"
"287700","03252","C","Romaninar","Carrer del Romaninar","0001","0021"
"002902","00030","C","Aglà","Carrer de n'Aglà","0001","0009"
"082800","00936","C","Colom","Carrer de Colom","0001","0007"
"098854","01111","C","Esports","Carrer dels Esports","0001","0009"
"345807","03885","Pl","Pl Trilla","Plaça de Trilla","0001","0006"
"701088","05414","Pl","Pl Conxita Badia","Plaça de Conxita Badia","0001","0010"
"700953","05277","Pl","Pl Marina de Sants","Plaça de la Marina de Sants","",""
"187003","02121","Ptge","Ptge Madoz","Passatge de Madoz","0001","0006"
"701396","05724","Pl","Pl Soledad Gustavo","Plaça de Soledad Gustavo","0001","0001"
"700808","05133","Pl","Pl Olof Palme","Plaça d'Olof Palme","0001","0001"
"701003","05328","Jard","Jard O Sacharoff","Jardins d'Olga Sacharoff","",""
"701679","06011","Pl","Pl Anna Gironella","Plaça d'Anna Gironella","0001","0001"
"701876","06209","Pl","Pl Canòdrom","Plaça del Canòdrom","0001","0001"
"701920","06253","Pg","Pg Francesc Candel","Passeig de Francesc Candel","0017","0047"
"540711","04323","Moll","Moll Catalunya","Moll de Catalunya","0003","0003"
"700894","05218","Jard","Jard Creu Pedralbe","Jardins de la Creu de Pedralbes","",""
"279509","03165","Pl","Pl Angeleta Ferrer","Plaça d'Angeleta Ferrer","0001","0002"
"701955","06288","Jard","Jard Antònia Pich","Jardins d'Antònia Pich Santasusana","",""
"701861","06194","Plta","Plta Dolors Palau ","Placeta de Dolors Palau i Roura","",""
"701701","06033","Jard","Jard Benita, Victo","Jardins de la Benita, Victoria Ruiz Rodríguez","",""
"044709","00497","Pg","Pg Bonanova","Passeig de la Bonanova","0001","0121"
"076556","00860","C","Ceràmica","Carrer de la Ceràmica","0001","0061"
"216101","02440","C","Monistrol","Carrer de Monistrol","0001","0039"
"090105","01011","C","Copèrnic","Carrer de Copèrnic","0001","0098"
"041802","00464","C","Betània","Carrer de Betània","0001","0014"
"212304","02399","C","Mina de la Ciutat","Carrer de la Mina de la Ciutat","0001","0110"
"151458","01718","C","Guarderia","Carrer de la Guarderia","0001","0014"
"196354","02222","C","Maria Reina","Carrer de Maria Reina","0001","0008"
"700106","04447","Ptge","Ptge Brull","Passatge del Brull","0001","0014"
"049702","00548","C","Bruguera","Carrer de Bruguera","0001","0014"
"184107","02085","C","Llafranc","Carrer de Llafranc","0001","0022"
"056504","00620","C","Camèlies","Carrer de les Camèlies","0001","0115"
"231557","02614","C","Estartit","Carrer de l'Estartit","0001","0012"
"138700","01584","C","Galícia","Carrer de Galícia","0001","0028"
"263101","02986","Ptge","Ptge Porta","Passatge de Porta","0001","0038"
"340803","03827","C","Torrent Can Piquer","Carrer del Torrent de Can Piquer","0001","0027"
"701523","05852","C","Port de Casablanca","Carrer del Port de Casablanca","0001","0021"
"255908","02896","C","Pineda","Carrer de Pineda","0001","0012"
"220608","02491","C","Monturiol","Carrer de Monturiol","0001","0048"
"079102","00891","C","Xiprer","Carrer del Xiprer","0001","0060"
"038604","00432","C","Benavent","Carrer de Benavent","0001","0051"
"017604","00201","C","Antilles","Carrer de les Antilles","0001","0013"
"162352","01835","C","Robínia","Carrer de la Robínia","0001","0047"
"332805","03736","C","Telègraf","Carrer del Telègraf","0001","0108"
"299302","03374","C","Sant Dalmir","Carrer de Sant Dalmir","0001","0048"
"269800","03062","C","Puig Castellar","Carrer del Puig Castellar","0001","0019"
"203405","02305","C","Masriera","Carrer dels Masriera","0001","0010"
"201603","02278","Rbla","Rbla Onze Setembre","Rambla de l'Onze de Setembre","0001","0078"
"701481","05810","C","Longitudinal 9","Carrer Longitudinal 9","0033","0160"
"208806","02361","C","Mercat","Carrer del Mercat","0001","0021"
"126803","01453","Ptge","Ptge Flaugier","Passatge de Flaugier","0001","0056"
"058102","00636","C","Campoamor","Carrer de Campoamor","0001","0079"
"700672","05000","C","Munic","Carrer de Munic","0001","0035"
"212701","02404","C","Miño","Carrer del Miño","0001","0025"
"071701","00798","Bda","Bda Caçador","Baixada de Caçador","0001","0008"
"700128","04466","C","Longitudinal 6","Carrer Longitudinal 6","0001","0117"
"165907","01878","C","Jaume Puigvert","Carrer de Jaume Puigvert","0001","0034"
"271700","03081","C","Puríssima","Carrer de la Puríssima","0001","0041"
"034603","00387","C","Barnola","Carrer de Barnola","0001","0040"
"209106","02364","Ptge","Ptge Mercantil","Passatge Mercantil","0001","0004"
"140305","01600","Ptge","Ptge Garcia Robles","Passatge de Garcia i Robles","0001","0019"
"701071","05396","Pl","Pl George Orwell","Plaça de George Orwell","0001","0006"
"179300","02037","C","Llibreteria","Carrer de la Llibreteria","0001","0023"
"701537","05867","Ptge","Ptge Daró","Passatge de Daró","0001","0006"
"270708","03071","C","Puig-reig","Carrer de Puig-reig","0001","0015"
"325209","03646","C","Sidé","Carrer de Sidé","0001","0010"
"020201","00228","C","Volta del Remei","Carrer de la Volta del Remei","0001","0005"
"080000","00901","C","Ciutat","Carrer de la Ciutat","0001","0014"
"227709","02568","C","Neu de Sant Cugat","Carrer de la Neu de Sant Cugat","0001","0009"
"020700","00233","C","Arc S Ramon Call","Carrer de l'Arc de Sant Ramon del Call","0001","0015"
"335100","03762","Pl","Pl Tetuan","Plaça de Tetuan","0001","0049"
"279702","03167","C","Requesens","Carrer de Requesens","0001","0007"
"002403","00025","C","Adrià Margarit","Carrer d'Adrià Margarit","0001","0044"
"337106","03786","C","Toledo","Carrer de Toledo","0001","0039"
"192207","02176","C","Manlleu","Carrer de Manlleu","0001","0018"
"701557","05887","Pl","Pl Isabel Vila","Plaça d'Isabel Vila","0001","0010"
"122405","01410","C","Fèlix Macià","Carrer de Fèlix Macià","0001","0008"
"267500","03029","C","Priorat","Carrer del Priorat","0001","0023"
"541576","04328","Moll","Moll Espanya","Moll d'Espanya","0001","0008"
"215404","02435","Pl","Pl Monestir","Plaça del Monestir","0001","0007"
"224700","02536","C","Musitu","Carrer de Musitu","0001","0061"
"701394","05722","C","F Boix i Campo","Carrer de Francesc Boix i Campo","0001","0014"
"249202","02830","C","Pere II Montcada","Carrer de Pere II de Montcada","0001","0023"
"010955","00114","C","Almirall Okendo","Carrer de l'Almirall Okendo","0001","0025"
"256707","02907","C","Pintor Gimeno","Carrer del Pintor Gimeno","0001","0016"
"191044","02165","Ptge","Ptge Mallofré","Passatge de Mallofré","0001","0004"
"001900","00020","C","Actor Morano","Carrer de l'Actor Morano","0001","0013"
"027357","00304","Ptge","Ptge Talaia","Passatge de la Talaia","0001","0008"
"200509","02267","Pl","Pl Marquilles","Plaça de Marquilles","0001","0008"
"036802","00410","C","Beates","Carrer de les Beates","0001","0010"
"700049","04392","Ptja","Ptja Barceloneta","Platja de la Barceloneta","0001","0102"
"701467","05795","Jard","Jard C Vigneaux","Jardins de Celestina Vigneaux","",""
"701651","05982","Pl","Pl Sant Pol de Mar","Plaça de Sant Pol de Mar","0001","0009"
"187659","02129","Pl","Pl Mainada","Plaça de la Mainada","0001","0001"
"359404","04054","Pl","Pl Cinc d'Oros","Plaça del Cinc d'Oros","",""
"700935","05259","Pl","Pl Xiprer","Plaça del Xiprer","0001","0001"
"701766","06098","Ctra","Ctra C-58 (Ripolle","Carretera C-58 (Ripollet)","",""
"701459","05787","Plta","Plta M Luz Morales","Placeta de María Luz Morales","",""
"284702","03222","Ptge","Ptge Robacols","Passatge de Robacols","",""
"308006","03462","Plta","Plta Sant Miquel","Placeta de Sant Miquel","",""
"701069","05394","Jard","Jard F Montseny","Jardins de Frederica Montseny","",""
"702012","06345","C","SN (Ferrocarrils-C","Carrer Sense Nom (Ferrocarrils-Clos)","0002","0006"
"701991","06324","Gal","Gal Encants Nous","Galeria Encants Nous","",""
"229409","02588","C","Nou Pins","Carrer dels Nou Pins","0001","0126"
"356304","04019","C","Ventalló","Carrer de Ventalló","0001","0077"
"187105","02122","C","Madrazo","Carrer dels Madrazo","0001","0163"
"008501","00087","C","Alfons XII","Carrer d'Alfons XII","0001","0119"
"050009","00550","C","Bruniquer","Carrer de Bruniquer","0001","0073"
"119003","01369","Pg","Pg Fabra i Puig","Passeig de Fabra i Puig","0069","0484"
"161101","01821","C","Independència","Carrer de la Independència","0223","0399"
"101507","01140","C","Doctor Coll","Carrer del Doctor Coll","0001","0027"
"186601","02115","Pl","Pl República","Plaça de la República","0001","0010"
"132500","01510","C","Fraga","Carrer de Fraga","0001","0027"
"091403","01023","C","Coroleu","Carrer de Coroleu","0001","0092"
"230000","02594","Pg","Pg Mare Déu Coll","Passeig de la Mare de Déu del Coll","0001","0260"
"004500","00047","C","Aiguafreda","Carrer d'Aiguafreda","0001","0030"
"225000","02539","C","Nadal","Carrer de Nadal","0001","0052"
"132908","01516","C","Ramon Trias Fargas","Carrer de Ramon Trias Fargas","0001","0046"
"114804","01308","C","Espiell","Carrer d'Espiell","0001","0038"
"026605","00294","C","Artesania","Carrer de l'Artesania","0001","0216"
"308301","03465","C","Sant Oleguer","Carrer de Sant Oleguer","0001","0022"
"319002","03576","C","Santanyí","Carrer de Santanyí","0001","0034"
"100107","01122","C","Deu i Mata","Carrer de Deu i Mata","0001","0158"
"007509","00077","C","Alcoi","Carrer d'Alcoi","0009","0042"
"235004","02651","C","Olvan","Carrer d'Olvan","0001","0044"
"198702","02249","Av","Av F Ferrer Guàrdi","Avinguda de Francesc Ferrer i Guàrdia","0001","0044"
"217705","02457","C","Montclar","Carrer de Montclar","0001","0028"
"103105","01166","Ptge","Ptge Dr Pi Molist","Passatge del Doctor Pi i Molist","0001","0017"
"701238","05565","C","Duoda","Carrer de Duoda","0001","0042"
"098901","01112","Ptge","Ptge Dipòsit","Passatge del Dipòsit","0001","0019"
"150852","01710","Gru","Gru Vivendes Pau","Grup Vivendes la Pau","0001","0103"
"222705","02518","C","Mozart","Carrer de Mozart","0001","0033"
"069200","00767","C","Ca l'Alegre","Carrer de Ca l'Alegre","0001","0020"
"172301","01962","Ptge","Ptge Joan Goula","Passatge de Joan Goula","0001","0005"
"213307","02411","Av","Av Miramar","Avinguda de Miramar","0001","0076"
"319206","03579","C","Santes Creus","Carrer de Santes Creus","0001","0028"
"321139","03602","C","Satèl·lits","Carrer dels Satèl·lits","0001","0019"
"701673","06004","Jard","Jard Irene Polo","Jardins d'Irene Polo","",""
"177702","02023","C","Lleó","Carrer del Lleó","0001","0028"
"207100","02341","C","Meer","Carrer de Meer","0022","0062"
"303705","03420","Pl","Pl Sant Jaume","Plaça de Sant Jaume","0001","0008"
"117802","01352","C","Eterna Memòria","Carrer de l'Eterna Memòria","0001","0010"
"078201","00880","C","Cecs de Sant Cugat","Carrer dels Cecs de Sant Cugat","0001","0013"
"701156","05482","Pl","Pl Taxi","Plaça del Taxi","0001","0001"
"374000","04187","C","Número 41","Carrer Número 41 Zona Franca","0001","0016"
"348500","03918","C","Ulldecona","Carrer d'Ulldecona","0002","0077"
"060002","00670","C","Canonge Almera","Carrer del Canonge Almera","0001","0041"
"700702","05030","C","Anoia","Carrer de l'Anoia","0001","0012"
"080702","00911","C","Siurana","Carrer de Siurana","0001","0008"
"700068","04411","C","Mirador del Palau","Carrer del Mirador del Palau Nacional","0001","0019"
"215801","02438","C","Monegal","Carrer de Monegal","0001","0014"
"246601","02790","Ptge","Ptge Rtor Oliveras","Passatge del Rector Oliveras","0001","0010"
"114509","01305","Av","Av Espasa","Avinguda d'Espasa","0001","0012"
"143201","01630","Av","Av Castell","Avinguda del Castell","0001","0006"
"700921","05245","Pl","Pl Clota","Plaça de la Clota","0001","0007"
"063102","00705","C","Capcir","Carrer del Capcir","0001","0027"
"266507","03018","Pl","Pl Prim","Plaça de Prim","0001","0004"
"307309","03455","C","Sant Martí Porres","Carrer de Sant Martí de Porres","0001","0009"
"701307","05634","Ptge","Ptge Martinica","Passatge de la Martinica","0001","0020"
"296701","03347","Ptge","Ptge S Antoni Abat","Passatge de Sant Antoni Abat","0001","0015"
"208704","02360","Bda","Bda Mercat","Baixada del Mercat","0001","0013"
"297500","03355","C","Sant Bernabé","Carrer de Sant Bernabé","0001","0020"
"701213","05540","C","Robert Robert","Carrer de Robert Robert","0001","0012"
"108958","01234","Pl","Pl Emili Vendrell","Plaça d'Emili Vendrell","0001","0004"
"069007","00764","C","Cartago","Carrer de Cartago","0001","0004"
"701578","05909","Pl","Pl Raïm","Plaça del Raïm","0001","0005"
"700190","04521","Pl","Pl Isidre Nonell","Plaça d'Isidre Nonell","",""
"701758","06090","Jard","Jard W Churchill","Jardins de Winston Churchill","",""
"701794","06127","Pl","Pl Enriqueta Galli","Plaça d'Enriqueta Gallinat","0001","0001"
"544406","04337","Moll","Moll Oriental","Moll Oriental","0001","0007"
"701702","06034","Plta","Plta Mtna Castells","Placeta de Martina Castells","0001","0001"
"122201","01408","Ptge","Ptge F Casanova","Passatge de Feliu Casanova","0001","0010"
"700446","04775","Pl","Pl Z Camprubí","Plaça de Zenòbia Camprubí","0001","0001"
"700696","05024","Moll","Moll Mestral","Moll de Mestral","0001","0001"
"700728","05056","Parc","Parc Unitat","Parc de la Unitat","",""
"701647","05978","C","Turó Roquetes","Carrer del Turó de les Roquetes","",""
"352405","03965","Pl","Pl Vall d'Hebron","Plaça de la Vall d'Hebron","0001","0001"
"700943","05267","C","Mercè Rodoreda","Carrer de Mercè Rodoreda","0001","0014"
"191204","02166","C","Mallorca","Carrer de Mallorca","0001","0678"
"180004","02045","C","Liuva","Carrer de Liuva","0001","0082"
"351606","03956","C","Vallcivera","Carrer de Vallcivera","0001","0041"
"085900","00967","C","Conca de Tremp","Carrer de la Conca de Tremp","0001","0143"
"140000","01597","Ptge","Ptge Garcia Cambra","Passatge de Garcia Cambra","0001","0018"
"291005","03288","C","Ruiz de Padrón","Carrer de Ruiz de Padrón","0001","0108"
"322608","03619","C","Selva de Mar","Carrer de la Selva de Mar","0001","0275"
"337208","03787","Ptge","Ptge Toledo","Passatge de Toledo","0001","0022"
"057609","00631","C","Campins","Carrer de Campins","0001","0034"
"101700","01143","C","Doctor Ferran","Carrer del Doctor Ferran","0001","0063"
"024304","00272","C","Arnau d'Oms","Carrer d'Arnau d'Oms","0001","0074"
"334505","03754","C","Teodor Roviralta","Carrer de Teodor Roviralta","0001","0065"
"138100","01575","C","Gabriel y Galán","Carrer de Gabriel y Galán","0001","0028"
"054702","00600","Ptge","Ptge Calafell","Passatge de Calafell","0001","0022"
"174908","01987","C","Joncar","Carrer del Joncar","0001","0067"
"364302","04106","C","Vinya","Carrer de la Vinya","0001","0039"
"017433","00193","C","Antic de Bofarull","Carrer Antic de Bofarull","0001","0025"
"048700","00537","C","Bretón Herreros","Carrer de Bretón de los Herreros","0001","0035"
"047004","00521","Ptge","Ptge Borrell","Passatge de Borrell","0001","0025"
"700105","04446","Polg","Polg Guineueta Gru","Polígon Guineueta Grup","",""
"701502","05831","Ctra","Ctra B-20 (Besòs)","Carretera B-20 (Besòs)","",""
"284600","03221","C","Rivero","Carrer de Rivero","0001","0078"
"127103","01456","C","Flor de Lliri","Carrer de la Flor de Lliri","0001","0010"
"701392","05720","C","Gernika","Carrer de Gernika","0001","0017"
"106704","01204","C","Duran i Bas","Carrer de Duran i Bas","0001","0018"
"112503","01281","C","Escuder","Carrer d'Escuder","0001","0019"
"150207","01702","C","Gravina","Carrer de Gravina","0001","0016"
"284509","03220","Bda","Bda Rivero","Baixada de Rivero","0001","0015"
"186907","02118","C","Lluçà","Carrer de Lluçà","0001","0062"
"168508","01920","Ptge","Ptge Jorba","Passatge de Jorba","0001","0012"
"701639","05970","Pl","Pl Maj Nou Barris","Plaça Major de Nou Barris","0001","0002"
"044800","00498","Pl","Pl Bonanova","Plaça de la Bonanova","0001","0015"
"022852","00257","Pg","Pg Argentinita","Passeig de l'Argentinita","0001","0019"
"225703","02547","Pl","Pl Narcisa Freixas","Plaça de Narcisa Freixas","0001","0004"
"366400","04129","Pl","Pl Virreina","Plaça de la Virreina","0001","0008"
"194600","02203","C","Marcel·lí","Carrer de Marcel·lí","0001","0008"
"109407","01242","Pdis","Pdis Encarnació","Passadís de l'Encarnació","0001","0007"
"308403","03466","C","Sant Onofre","Carrer de Sant Onofre","0001","0020"
"199002","02252","Pl","Pl Puig i Cadafalc","Plaça de Josep Puig i Cadafalch","0001","0005"
"318203","03568","C","Rosa Puig-Rodon","Carrer de Rosa Puig-Rodon Pla","0001","0025"
"083802","00947","Pas","Pas Coll Portell","Pas del Coll del Portell","0001","0004"
"064105","00716","C","Carassa","Carrer de la Carassa","0001","0006"
"701447","05775","C","F de Borja Moll","Carrer de Francesc de Borja Moll","0001","0014"
"545169","04345","Moll","Moll Rellotge","Moll del Rellotge","",""
"700447","04776","Jard","Jard Can Batllori","Jardins de Can Batllori","",""
"701594","05925","Jard","Jard Mercè Vilaret","Jardins de Mercè Vilaret","",""
"354455","04000","C","Escar","Carrer de l'Escar","0001","0026"
"700630","04959","Pl","Pl Puigcerdà","Plaça de Puigcerdà","0001","0001"
"544643","04340","Moll","Moll Pescadors","Moll de Pescadors","0001","0002"
"193458","02189","C","M Sanchis Guarner","Carrer de Manuel Sanchis i Guarner","0001","0016"
"701285","05612","Parc","Parc Heures","Parc de les Heures","",""
"164904","01865","Pl","Pl Jaume II","Plaça de Jaume II","0006","0008"
"701827","06160","Jard","Jard Elisava","Jardins d'Elisava","",""
"701397","05725","Pl","Pl Pins de Vallvid","Plaça dels Pins de Vallvidrera","",""
"701200","05527","Camí","Camí T Sansalvador","Camí de la Torre de Sansalvador","0009","0009"
"701614","05945","Parc","Parc C de la Bota","Parc del Camp de la Bota","",""
"700186","04517","Parc","Parc La Pegaso","Parc de La Pegaso","",""
"188108","02134","C","Mestre Alfonso","Carrer del Mestre Alfonso","0007","0072"
"701763","06095","C","Port de Tarragona","Carrer del Port de Tarragona","0001","0018"
"229908","02593","C","Mare Déu del Coll","Carrer de la Mare de Déu del Coll","0001","0139"
"138802","01585","C","Galileu","Carrer de Galileu","0001","0344"
"103400","01169","C","Doctor Rizal","Carrer del Doctor Rizal","0001","0023"
"048903","00540","Bda","Bda Briz","Baixada de Briz","0001","0031"
"089707","01007","C","Constitució","Carrer de la Constitució","0001","0196"
"191408","02168","C","Manacor","Carrer de Manacor","0001","0052"
"289105","03266","C","Rosselló","Carrer del Rosselló","0001","0569"
"334108","03750","C","Teodora Lamadrid","Carrer de Teodora Lamadrid","0001","0060"
"279203","03162","C","Renart","Carrer de Renart","0001","0068"
"095200","01067","C","Cubelles","Carrer de Cubelles","0001","0010"
"170907","01947","C","Jota","Carrer de la Jota","0006","0150"
"700080","04423","C","Òrrius","Carrer d'Òrrius","0001","0010"
"220007","02483","C","Montsec","Carrer del Montsec","0001","0066"
"341307","03832","C","Josep Torres","Carrer de Josep Torres","0001","0028"
"134007","01528","C","Fra Juníper Serra","Carrer de Fra Juníper Serra","0044","0097"
"206607","02336","C","Mecànica","Carrer de la Mecànica","0001","0026"
"336409","03779","C","Tissó","Carrer d'en Tissó","0001","0074"
"093307","01045","C","Mare Déu de Núria","Carrer de la Mare de Déu de Núria","0001","0048"
"242000","02731","Pg","Pg Ciutat Mallorca","Passeig de la Ciutat de Mallorca","0001","0053"
"283200","03208","C","Ripollès","Carrer del Ripollès","0001","0101"
"253301","02869","C","Peris i Mencheta","Carrer de Peris i Mencheta","0001","0081"
"169908","01934","C","Josep Estivill","Carrer de Josep Estivill","0001","0082"
"236903","02672","C","Ortigosa","Carrer d'Ortigosa","0001","0016"
"281806","03193","C","Ricart","Carrer de Ricart","0001","0063"
"034400","00385","Via","Via Bàrcino","Via de Bàrcino","0001","0133"
"311000","03493","C","Sant Sever","Carrer de Sant Sever","0001","0012"
"275701","03127","Ptge","Ptge Ratés","Passatge de Ratés","0001","0023"
"072001","00800","C","Castanyer","Carrer de Castanyer","0001","0033"
"115851","01320","C","Tren","Carrer del Tren","0001","0010"
"193902","02194","C","Mañé i Flaquer","Carrer de Mañé i Flaquer","0001","0034"
"081206","00917","C","Clariana","Carrer de Clariana","0001","0046"
"363707","04099","C","Vila-real","Carrer de Vila-real","0001","0043"
"107004","01210","C","Equador","Carrer de l'Equador","0001","0101"
"106409","01201","C","Duc","Carrer del Duc","0001","0016"
"299608","03377","C","Sant Eloi","Carrer de Sant Eloi","0001","0014"
"126100","01445","C","Fisas","Carrer de Fisas","0001","0035"
"701478","05806","C","Longitudinal 3","Carrer Longitudinal 3","0029","0094"
"254905","02885","C","Bartomeu Pi","Carrer de Bartomeu Pi","0001","0041"
"045508","00506","C","Boqueria","Carrer de la Boqueria","0001","0047"
"250609","02844","C","Pegàs","Carrer del Pegàs","0001","0020"
"248709","02825","Bda","Bda Pedregar","Baixada del Pedregar","0001","0012"
"134506","01533","C","Freixures","Carrer de Freixures","0001","0031"
"151505","01719","C","Guàrdia","Carrer de Guàrdia","0001","0021"
"701828","06161","Ptge","Ptge Xavier Lloren","Passatge de Xavier Llorens","0001","0003"
"701318","05645","Jard","Jard Gatcpac","Jardins de Gatcpac","",""
"701216","05543","Pl","Pl Roquetes","Plaça de les Roquetes","0001","0001"
"120400","01384","C","Farnés","Carrer de Farnés","0001","0072"
"176200","02009","Pl","Pl Llana","Plaça de la Llana","0001","0024"
"179209","02036","Bda","Bda Llibreteria","Baixada de la Llibreteria","0001","0014"
"096804","01088","C","Dagueria","Carrer de la Dagueria","0001","0022"
"261503","02967","C","Pom d'Or","Carrer del Pom d'Or","0001","0004"
"023902","00268","C","Arlet","Carrer d'Arlet","0001","0006"
"012804","00137","C","Alvarado","Carrer d'Alvarado","0001","0032"
"293703","03316","C","Saleta","Carrer de la Saleta","0001","0012"
"281602","03190","C","Ribera","Carrer de la Ribera","0001","0018"
"700946","05270","C","Carles Ferrer Sala","Carrer de Carles Ferrer Salat","0007","0012"
"073401","00818","C","Castellterçol","Carrer de Castellterçol","0001","0047"
"098708","01109","C","Demòstenes","Carrer de Demòstenes","0001","0025"
"331755","03725","Ptge","Ptge Tàrrega","Passatge de Tàrrega","0001","0006"
"153828","01744","Ptge","Ptge H Zona Franca","Passatge H Zona Franca","0001","0010"
"263509","02990","C","Portlligat","Carrer de Portlligat","0001","0039"
"257506","02917","C","Pinzón","Carrer dels Pinzón","0001","0020"
"124400","01428","C","Ferrer de Blanes","Carrer de Ferrer de Blanes","0001","0016"
"148001","01677","C","Gósol","Carrer de Gósol","0001","0041"
"232403","02623","C","Bisbe Català","Carrer del Bisbe Català","0001","0054"
"301007","03390","Pg","Pg Sant Francesc","Passeig de Sant Francesc","0001","0023"
"068208","00755","C","Carreras","Carrer de Carreras","0001","0014"
"700143","04481","Pl","Pl Corts","Plaça de les Corts","0001","0009"
"241550","02726","Bda","Bda Palautordera","Baixada de Palautordera","0001","0008"
"070006","00781","C","Can Xirot","Carrer de Can Xirot","0001","0009"
"039902","00444","C","Beret","Carrer de Beret","0001","0074"
"701571","05902","Pl","Pl Gas","Plaça del Gas","0001","0002"
"701546","05876","Jrdi","Jrdi Tenor Masini","Jardí del Tenor Masini","",""
"701197","05524","Pg","Pg Ítaca","Passeig d'Ítaca","0001","0003"
"701344","05671","Jard","Jard Gandhi","Jardins de Gandhi","",""
"701419","05747","Jard","Jard Rtor Oliveras","Jardins del Rector Oliveras","",""
"701934","06267","Ptge","Ptge Josefina Torr","Passatge de Josefina Torrens Illas","0001","0004"
"231659","02616","Jard","Jard Vil·la Amèlia","Jardins de la Vil·la Amèlia","",""
"701660","05991","Parc","Parc X Montsalvatg","Parc de Xavier Montsalvatge","",""
"701999","06332","Pas","Pas Paronas","Pas de Paronas, Francesc Comas Pagès","0001","0004"
"032700","00368","C","Balmes","Carrer de Balmes","0001","0470"
"032404","00365","C","Baliarda","Carrer de Baliarda","0001","0114"
"062100","00692","C","Capella","Carrer de Capella","0002","0029"
"094809","01061","C","Creu Coberta","Carrer de la Creu Coberta","0001","0143"
"112300","01279","Ptge","Ptge Escudellers","Passatge d'Escudellers","0001","0010"
"700039","04384","Moll","Moll Oest","Moll de l'Oest","0001","0001"
"294706","03326","Ptge","Ptge S Riera","Passatge de Salvador Riera","0001","0026"
"700654","04982","Av","Av Litoral","Avinguda del Litoral","0002","0136"
"009209","00095","C","Alí Bei","Carrer d'Alí Bei","0001","0141"
"051704","00567","C","Bunyola","Carrer de Bunyola","0001","0023"
"000907","00010","C","Abdó Terradas","Carrer d'Abdó Terradas","0001","0032"
"086403","00972","Pl","Pl Concòrdia","Plaça de la Concòrdia","0001","0015"
"257700","02919","C","Piquer","Carrer de Piquer","0001","0061"
"118000","01354","C","Euclides","Carrer d'Euclides","0001","0011"
"201705","02279","C","Martorell i Peña","Carrer de Martorell i Peña","0001","0027"
"122100","01407","C","Feliu Casanova","Carrer de Feliu Casanova","0001","0036"
"140804","01606","C","Garigliano","Carrer de Garigliano","0001","0058"
"265708","03011","Rbla","Rbla Prat","Rambla de Prat","0001","0029"
"124309","01427","C","Ferrer Bassa","Carrer de Ferrer Bassa","0001","0056"
"237305","02677","C","Òtranto","Carrer d'Òtranto","0001","0009"
"058780","00655","Camí","Camí Mas Sauró","Camí del Mas Sauró","0001","0083"
"366104","04126","C","Virgili","Carrer de Virgili","0001","0103"
"192502","02179","C","Manso","Carrer de Manso","0001","0078"
"219700","02480","C","Mont-roig","Carrer de Mont-roig","0001","0020"
"284101","03216","Av","Av Rius i Taulet","Avinguda de Rius i Taulet","0001","0017"
"118204","01356","C","Heures","Carrer de les Heures","0001","0010"
"142504","01623","C","Gaiarre","Carrer de Gaiarre","0001","0095"
"359801","04059","C","Vidal i Quadras","Carrer de Vidal i Quadras","0001","0056"
"043003","00477","C","Blanco","Carrer d'en Blanco","0002","0073"
"106205","01199","Pl","Pl Duc Medinaceli","Plaça del Duc de Medinaceli","0001","0008"
"174704","01986","C","Jules Verne","Carrer de Jules Verne","0001","0023"
"130200","01489","Camí","Camí Font-trobada","Camí de la Font-trobada","0001","0002"
"701163","05489","Pl","Pl Miguel Unamuno","Plaça de Miguel de Unamuno","0001","0010"
"069506","00771","Pl","Pl Can Baró","Plaça de Can Baró","0001","0016"
"701343","05670","Ptge","Ptge Elena Girol","Passatge d'Elena Girol","0001","0010"
"047707","00530","C","Botella","Carrer d'en Botella","0001","0018"
"338109","03795","C","Tonell","Carrer del Tonell","0001","0003"
"247105","02801","Pas","Pas Sota Muralla","Pas de Sota Muralla","0001","0015"
"043105","00479","C","Blanqueria","Carrer de la Blanqueria","0001","0020"
"300004","03381","C","Sant Ferriol","Carrer de Sant Ferriol","0001","0017"
"066600","00738","Pl","Pl Carlos Ibáñez","Plaça de Carlos Ibáñez","0001","0004"
"118827","01366","C","Extremadura","Carrer d'Extremadura","0001","0019"
"175354","01993","C","Borrell i Soler","Carrer de Borrell i Soler","0001","0014"
"123703","01421","C","Pere Duran Farell","Carrer de Pere Duran Farell","0001","0030"
"700745","05072","C","Antoni Alberdi","Carrer d'Antoni Alberdi","0001","0006"
"110053","01249","C","Enric Morera","Carrer d'Enric Morera","0001","0007"
"337004","03785","Pl","Pl Jardins Tòquio","Plaça dels Jardins de Tòquio","0001","0005"
"170408","01940","C","Josep M. Florensa","Carrer de Josep M. Florensa","0001","0012"
"081104","00916","C","Claravall","Carrer de Claravall","0001","0010"
"148205","01680","C","Gràcia","Carrer de Gràcia","0001","0007"
"107809","01218","Pl","Pl Eguilaz","Plaça d'Eguilaz","0001","0014"
"214627","02426","Camí","Camí Molí Vallvidr","Camí del Molí de Vallvidrera","0001","0020"
"131701","01503","C","Formentor","Carrer de Formentor","0001","0013"
"701118","05444","Plta","Plta R Serrano","Placeta de Rafaela Serrano","0001","0001"
"275100","03119","C","Ramon Mas","Carrer de Ramon Mas","0001","0002"
"700099","04440","Est","Est Renf Pg Gràcia","Estació Renfe Pg Gràcia","",""
"700929","05253","Pl","Pl Joan Casanelles","Plaça de Joan Casanelles","0001","0003"
"060104","00671","Pl","Pl Canonge Colom","Plaça del Canonge Colom","0001","0002"
"101981","01147","Jard","Jard Dr Fleming","Jardins del Doctor Fleming","",""
"193709","02192","Ptge","Ptge Manufactures","Passatge de les Manufactures","",""
"701114","05440","Ctra","Ctra C-33","Carretera C-33","",""
"364903","04112","Ptge","Ptge Vinyeta","Passatge de la Vinyeta","",""
"700645","04974","Pl","Pl M Casablancas","Plaça de Miquel Casablancas i Joanico","0001","0004"
"701839","06172","Plta","Plta Dones de Rave","Placeta de les Dones de Ravensbrück","",""
"700719","05047","Pl","Pl Ram de l'Aigua","Plaça del Ram de l'Aigua","0001","0001"
"357806","04036","Pl","Pl Verònica","Plaça de la Verònica","0001","0002"
"077209","00868","Pl","Pl Turó Trinitat","Plaça del Turó de la Trinitat","0001","0010"
"701455","05783","Jard","Jard Jaume Perich","Jardins de Jaume Perich","",""
"540438","04321","Moll","Moll Barceloneta","Moll de la Barceloneta","0001","0001"
"092009","01029","C","Corçà","Carrer de Corçà","0001","0009"
"348157","03912","Parc","Parc Turó Peira","Parc del Turó de la Peira","",""
"079157","00892","Pl","Pl Cirici Pellicer","Plaça de Cirici Pellicer","",""
"700934","05258","Jard","Jard Tres Xemeneie","Jardins de les Tres Xemeneies","",""
"700174","04508","Parc","Parc Clot","Parc del Clot","",""
"700184","04515","Parc","Parc Creueta Coll","Parc de la Creueta del Coll","",""
"137468","01567","Est","Est Funicular Vall","Estació Funicular Vallvidrera","",""
"700101","04442","Est","Est Renfe Clot","Estació Renfe Clot","",""
"702016","06349","Parc","Parc Neus Català","Parc de Neus Català","",""
"701289","05616","Jard","Jard A Puigvert","Jardins d'Antoni Puigvert","",""
"186973","02120","C","Madame Butterfly","Carrer de Madame Butterfly","0001","0059"
"218300","02466","C","Montsió","Carrer de Montsió","0001","0017"
"228508","02578","C","Nobel","Carrer de Nobel","0001","0018"
"173508","01973","C","Joan Torras","Carrer de Joan Torras","0001","0054"
"186703","02116","C","Llull","Carrer de Llull","0001","0465"
"358900","04049","C","Vico","Carrer de Vico","0001","0038"
"282252","03197","Rier","Rier Blanca","Riera Blanca","0001","0239"
"288805","03264","C","Rosari","Carrer del Rosari","0001","0057"
"209707","02370","Rbla","Rbla Mercedes","Rambla de Mercedes","0001","0026"
"142606","01624","Ptge","Ptge Matilde Gaiol","Passatge de Matilde de Gaiolà","0001","0028"
"022900","00258","C","Argentona","Carrer d'Argentona","0001","0033"
"228053","02572","Ptge","Ptge Nil","Passatge del Nil","0001","0044"
"019202","00218","C","Arbúcies","Carrer d'Arbúcies","0001","0045"
"227200","02562","C","Nena Casas","Carrer de la Nena Casas","0001","0087"
"107605","01216","C","Eduard Tubau","Carrer d'Eduard Tubau","0001","0047"
"701308","05635","Camí","Camí A St Llàtzer","Camí Antic de Sant Llàtzer","0001","0006"
"121300","01397","C","Felanitx","Carrer de Felanitx","0001","0016"
"700017","04366","Pl","Pl Àvies i Avis","Plaça de les Àvies i els Avis","0001","0002"
"340701","03826","C","Torrent de Perera","Carrer del Torrent de Perera","0001","0174"
"701605","05936","Pl","Pl Cosmos","Plaça de la Cosmos","0001","0009"
"701625","05956","Pl","Pl Rosa Peraulet","Plaça de Rosa Peraulet","0001","0003"
"116107","01323","Pl","Pl Estació","Plaça de l'Estació","0001","0015"
"332703","03735","C","Teide","Carrer del Teide","0001","0032"
"194155","02197","Parc","Parc F Meca","Parc Forestal de la Meca","0001","0084"
"157400","01779","C","Hortal","Carrer de l'Hortal","0001","0081"
"285603","03232","C","Rocabertí","Carrer de Rocabertí","0001","0013"
"021703","00243","C","Ardena","Carrer d'Ardena","0001","0054"
"329403","03702","C","Tagamanent","Carrer de Tagamanent","0001","0010"
"249508","02833","C","Pere d'Artés","Carrer de Pere d'Artés","0001","0010"
"252604","02863","C","Pere Joan","Carrer de Pere Joan","0001","0014"
"294874","03329","Pg","Pg Salvat Papassei","Passeig de Salvat Papasseit","0001","0042"
"701292","05619","Pg","Pg Havana","Passeig de l'Havana","0001","0022"
"700865","05189","C","Ignasi Agustí","Carrer d'Ignasi Agustí","0001","0005"
"307502","03457","C","Sant Maurici","Carrer de Sant Maurici","0001","0014"
"035253","00393","Gru","Gru Baron de Viver","Grup Baron de Viver","0648","0770"
"102500","01156","C","Dr Joaq Albarrán","Carrer del Doctor Joaquín Albarrán","0001","0039"
"036100","00402","C","Bassegoda","Carrer de Bassegoda","0001","0061"
"117201","01346","C","Estoril","Carrer d'Estoril","0001","0038"
"336001","03774","Pg","Pg Til·lers","Passeig dels Til·lers","0001","0028"
"250802","02845","Pg","Pg Peira","Passeig de la Peira","0001","0072"
"043309","00481","Pl","Pl Sortidor","Plaça del Sortidor","0001","0019"
"701915","06248","Pl","Pl Volta Ciclista ","Plaça de la Volta Ciclista a Catalunya","0001","0008"
"046704","00519","Pl","Pl Borràs","Plaça de Borràs","0001","0008"
"086607","00973","C","Conxita Supervia","Carrer de Conxita Supervia","0001","0017"
"257200","02914","C","Pintor Tapiró","Carrer del Pintor Tapiró","0001","0059"
"261478","02966","Camí","Camí Polvorí","Camí del Polvorí","0001","0010"
"118328","01358","Pl","Pl Europa","Plaça d'Europa","0001","0001"
"272408","03089","C","Quesada","Carrer de Quesada","0001","0008"
"281307","03187","C","Ribes","Carrer de Ribes","0001","0105"
"701610","05941","Pl","Pl Leonar da Vinci","Plaça de Leonardo da Vinci","0001","0005"
"246703","02791","C","Rector Triadó","Carrer del Rector Triadó","0001","0108"
"147304","01670","C","Gombau","Carrer de Gombau","0001","0028"
"055104","00605","C","Calders","Carrer de Calders","0001","0021"
"086006","00968","Ptge","Ptge Concepció","Passatge de la Concepció","0001","0017"
"061402","00684","C","Canuda","Carrer de la Canuda","0001","0047"
"358605","04046","Pl","Pl V Martorell","Plaça de Vicenç Martorell","0001","0006"
"178002","02026","C","Lleona","Carrer de la Lleona","0001","0014"
"007702","00079","C","Aldana","Carrer d'Aldana","0001","0014"
"119900","01380","Pl","Pl Farga","Plaça de la Farga","0001","0013"
"083201","00939","C","Colònia Tibidabo","Carrer de la Colònia del Tibidabo","0001","0019"
"130006","01487","C","Fontrodona","Carrer d'en Fontrodona","0001","0088"
"359200","04052","Av","Av Pedralbes","Avinguda de Pedralbes","0001","0068"
"147803","01676","C","Gordi","Carrer de Gordi","0001","0011"
"076705","00862","C","Cerdà","Carrer de Cerdà","0001","0015"
"343302","03856","C","Trajà","Carrer de Trajà","0001","0022"
"700794","05119","C","Can Valero","Carrer de Can Valero","0001","0008"
"097909","01100","C","Dansa","Carrer de la Dansa","0001","0008"
"196605","02225","C","Marianao","Carrer de Marianao","0001","0026"
"123204","01417","Pl","Pl F Casablancas","Plaça de Ferran Casablancas","0001","0004"
"183705","02082","Ptge","Ptge Llacuna","Passatge de la Llacuna","0011","0018"
"291606","03295","C","Sabastida","Carrer de Sabastida","0001","0025"
"113426","01294","Pl","Pl Esct R Rocamora","Plaça de l'Escultor Ramir Rocamora","0001","0001"
"121107","01394","Pl","Pl Frederic Soler","Plaça de Frederic Soler","0001","0006"
"700185","04516","Parc","Parc Aigües","Parc de les Aigües","",""
"015700","00170","Ptge","Ptge Andreví","Passatge d'Andreví","0001","0019"
"294502","03323","C","Salvador Aulet","Carrer de Salvador Aulet","0001","0002"
"701830","06163","Pl","Pl Dolors Vives","Plaça de Dolors Vives","0001","0001"
"701390","05718","C","María Zambrano","Carrer de María Zambrano","0002","0002"
"019600","00222","C","Volta d'en Dusai","Carrer de la Volta d'en Dusai","0001","0007"
"701341","05668","Jard","Jard Teatre Grec","Jardins del Teatre Grec","",""
"701140","05466","Pl","Pl Olivereta","Plaça de l'Olivereta","0001","0002"
"701162","05488","Jard","Jard Casa Bloc","Jardins de Casa Bloc","",""
"701759","06091","Jard","Jard Enric Sagnier","Jardins d'Enric Sagnier","",""
"701744","06076","Camí","Camí Can Piteu","Camí de Can Piteu","",""
"700687","05016","Jard","Jard J Vicens Vive","Jardins de Jaume Vicens i Vives","",""
"700449","04778","Pl","Pl Nemesi Ponsati","Plaça de Nemesi Ponsati","0001","0001"
"701797","06130","Ptge","Ptge Josep Durall ","Passatge de Josep Durall i Pujol","",""
"155109","01757","C","Lázaro Cárdenas","Carrer de Lázaro Cárdenas","0001","0011"
"139805","01595","C","Ganduxer","Carrer de Ganduxer","0001","0144"
"228803","02583","Ptge","Ptge Nogués","Passatge de Nogués","0001","0075"
"049509","00546","C","Bruc","Carrer del Bruc","0001","0176"
"228100","02573","C","Nil Fabra","Carrer de Nil Fabra","0001","0038"
"178501","02030","C","Lletres","Carrer de les Lletres","0001","0031"
"701544","05874","Pas","Pas Ramon Cabau","Pas de Ramon Cabau","0001","0002"
"355902","04015","C","Vendrell","Carrer de Vendrell","0001","0017"
"701486","05815","C","Transversal 6","Carrer Transversal 6","0001","0038"
"247036","02796","C","Parsifal","Carrer de Parsifal","0001","0004"
"169704","01933","C","Josep Ciurana","Carrer de Josep Ciurana","0001","0050"
"127307","01458","C","Florència","Carrer de Florència","0001","0025"
"016102","00176","C","Àngel J. Baixeras","Carrer d'Àngel J. Baixeras","0001","0009"
"352008","03961","C","Valldemossa","Carrer de Valldemossa","0001","0072"
"305008","03434","Pl","Pl S Josep Oriol","Plaça de Sant Josep Oriol","0001","0011"
"291800","03297","C","Sacedón","Carrer de Sacedón","0001","0030"
"269709","03061","C","Puig i Cadafalch","Carrer de Puig i Cadafalch","0001","0039"
"027007","00299","C","Assaonadors","Carrer dels Assaonadors","0001","0040"
"223209","02522","C","Municipi","Carrer del Municipi","0001","0020"
"194009","02195","Pl","Pl Mañé i Flaquer","Plaça de Mañé i Flaquer","0001","0010"
"309508","03477","C","St Pere d'Abanto","Carrer de Sant Pere d'Abanto","0001","0028"
"308505","03467","C","Sant Pau","Carrer de Sant Pau","0001","0128"
"278608","03157","C","Reixac","Carrer de Reixac","0001","0028"
"116901","01343","C","Esteve Terradas","Carrer d'Esteve Terradas","0001","0079"
"121606","01402","C","Felip de Malla","Carrer de Felip de Malla","0001","0029"
"254950","02886","Pg","Pg Pi Forcat","Passeig del Pi Forcat","0001","0014"
"116220","01332","Est","Est de Sants","Estació de Sants","",""
"296508","03345","Rda","Rda Sant Antoni","Ronda de Sant Antoni","0001","0106"
"031707","00355","C","Sant Pere Més Baix","Carrer de Sant Pere Més Baix","0001","0098"
"091800","01027","C","Correu Vell","Carrer del Correu Vell","0001","0014"
"159201","01798","C","Vitrària","Carrer de la Vitrària","0001","0006"
"043207","00480","C","Blasco de Garay","Carrer de Blasco de Garay","0001","0097"
"221906","02507","C","Mosques","Carrer de les Mosques","0001","0015"
"367901","04145","C","Watt","Carrer de Watt","0001","0034"
"701708","06040","Jard","Jard Pepa Colomer","Jardins de Pepa Colomer","",""
"700018","04367","Pl","Pl Heroïnes Girona","Plaça de les Heroïnes de Girona","",""
"054451","00597","Ptge","Ptge Caixa Estalv","Passatge de la Caixa d'Estalvis","0001","0007"
"148500","01684","C","Gran Capità","Carrer del Gran Capità","0001","0024"
"347405","03900","Ptge","Ptge Trullàs","Passatge de Trullàs","0001","0010"
"700052","04395","Ptge","Ptge Grèvol","Passatge del Grèvol","0001","0026"
"326303","03667","C","Sitges","Carrer de les Sitges","0001","0012"
"113109","01290","C","Escultor Canet","Carrer de l'Escultor Canet","0001","0046"
"246204","02775","C","Parc","Carrer del Parc","0001","0005"
"154401","01749","C","Hèrcules","Carrer d'Hèrcules","0001","0006"
"260409","02949","C","Plegamans","Carrer de Plegamans","0001","0007"
"152508","01730","C","Guillem Tell","Carrer de Guillem Tell","0001","0053"
"087701","00984","C","Comte Tallaferro","Carrer del Comte Tallaferro","0001","0012"
"148908","01688","C","Granadella","Carrer de la Granadella","0036","0075"
"188480","02139","C","Joan Manén","Carrer de Joan Manén","0001","0016"
"221101","02496","C","Morabos","Carrer dels Morabos","0001","0024"
"700023","04371","C","Almacelles","Carrer d'Almacelles","0001","0012"
"165306","01870","C","Jaume Fabra","Carrer de Jaume Fabra","0001","0021"
"259807","02941","C","Planeta","Carrer del Planeta","0001","0043"
"043058","00478","Bda","Bda Blanes","Baixada de Blanes","0001","0007"
"700734","05062","C","Bedoll","Carrer del Bedoll","0001","0003"
"220302","02488","Plta","Plta Montserrat","Placeta de Montserrat","0001","0003"
"113700","01297","Pl","Pl Isop","Plaça d'Isop","0001","0010"
"700156","04492","Pl","Pl Joan Peiró","Plaça de Joan Peiró","0001","0007"
"700932","05256","C","Maria Montessori","Carrer de Maria Montessori","0001","0003"
"231400","02612","C","Nou de Zurbano","Carrer Nou de Zurbano","0001","0010"
"180605","02052","C","López Catalán","Carrer de López Catalán","0001","0008"
"158752","01793","C","Hort de la Bomba","Carrer de l'Hort de la Bomba","0001","0007"
"159904","01807","Camí","Camí Església","Camí de l'Església","0001","0005"
"167458","01907","Jard","Jard Joan Maragall","Jardins de Joan Maragall","",""
"221972","02510","Jard","Jard M Cst Llobera","Jardins de Mossèn Costa i Llobera","",""
"701774","06106","Pont","Pont 32B","Pont 32B","",""
"701405","05733","Av","Av Número 5","Avinguda Número 5","0027","0031"
"701319","05646","Jard","Jard Massana","Jardins de Massana","",""
"016350","00179","Pl","Pl Àngel Pestaña","Plaça d'Àngel Pestaña","0001","0001"
"222057","02512","Jard","Jard Jacint Verdag","Jardins de Jacint Verdaguer","",""
"701980","06313","Jard","Jard Justa Freire","Jardins de Justa Freire","",""
"259523","02937","Est","Est Les Planes","Estació de Les Planes","",""
"702022","06355","Parc","Parc Tren Potassa","Parc del Tren de la Potassa","",""
"278404","03155","C","Reina Victòria","Carrer de la Reina Victòria","0001","0032"
"038105","00427","C","Bellesguard","Carrer de Bellesguard","0001","0077"
"013909","00148","C","Amigó","Carrer d'Amigó","0001","0091"
"248800","02826","C","Pedrell","Carrer de Pedrell","0001","0211"
"092202","01031","C","Cortada","Carrer dels Cortada","0001","0090"
"086902","00976","C","Nou de la Rambla","Carrer Nou de la Rambla","0001","0203"
"297001","03350","C","St Antoni M Claret","Carrer de Sant Antoni Maria Claret","0001","0522"
"700892","05216","Pg","Pg Garcia Fària","Passeig de Garcia Fària","0001","0103"
"174500","01984","C","Julián Romea","Carrer de Julián Romea","0001","0025"
"131600","01501","C","Formentera","Carrer de Formentera","0001","0069"
"015201","00166","C","Andrade","Carrer d'Andrade","0001","0287"
"053302","00585","C","Cabrera","Carrer de Cabrera","0001","0064"
"342503","03848","C","Treball","Carrer del Treball","0001","0297"
"114305","01303","C","Esparteria","Carrer de l'Esparteria","0001","0023"
"207406","02344","C","Melcior de Palau","Carrer de Melcior de Palau","0001","0161"
"040209","00447","C","Bergnes Casas","Carrer de Bergnes de las Casas","0001","0041"
"018800","00214","C","Arai","Carrer de n'Arai","0001","0011"
"226400","02554","C","Navas de Tolosa","Carrer de Las Navas de Tolosa","0220","0401"
"063204","00706","Ptge","Ptge Caputxins","Passatge dels Caputxins","0001","0012"
"309406","03476","Rda","Rda Sant Pere","Ronda de Sant Pere","0001","0076"
"312604","03510","C","Santa Albina","Carrer de Santa Albina","0001","0069"
"105406","01190","Ptge","Ptge Dos de Maig","Passatge del Dos de Maig","0001","0034"
"173100","01969","C","Joan Riera","Carrer de Joan Riera","0001","0055"
"063850","00713","C","Caracas","Carrer de Caracas","0001","0063"
"015802","00172","C","Aneto","Carrer d'Aneto","0002","0049"
"198258","02245","C","Marquès de Barberà","Carrer del Marquès de Barberà","0001","0039"
"125403","01438","C","Filipines","Carrer de les Filipines","0001","0019"
"314100","03523","Pg","Pg Santa Coloma","Passeig de Santa Coloma","0001","0125"
"700957","05281","C","Pere Vergés","Carrer de Pere Vergés","0001","0006"
"131803","01504","C","Formiga","Carrer de la Formiga","0001","0027"
"700103","04444","C","Segadors","Carrer dels Segadors","0001","0010"
"069652","00776","Camí","Camí Cal Notari","Camí de Cal Notari","0001","0117"
"072307","00806","C","Castellar","Carrer de Castellar","0001","0015"
"182000","02067","C","Luis Antúnez","Carrer de Luis Antúnez","0001","0026"
"220506","02490","C","Muntanya Montserra","Carrer de la Muntanya de Montserrat","0001","0004"
"043502","00483","C","Blesa","Carrer de Blesa","0001","0047"
"042204","00467","C","Bigai","Carrer de Bigai","0001","0021"
"033509","00377","C","Ballester","Carrer de Ballester","0001","0087"
"126701","01452","C","Flassaders","Carrer de Flassaders","0001","0046"
"701900","06233","Pl","Pl Josep Benet","Plaça de Josep Benet i Morell","",""
"213602","02414","Pg","Pg Miramar","Passeig de Miramar","0001","0037"
"294400","03322","Pl","Pl Sants","Plaça de Sants","0001","0013"
"288102","03258","C","Ros de Olano","Carrer de Ros de Olano","0001","0052"
"151709","01721","C","Guardiola i Feliu","Carrer de Guardiola i Feliu","0001","0025"
"203802","02308","C","Massanet","Carrer de Massanet","0001","0012"
"344804","03875","C","Tremp","Carrer de Tremp","0001","0015"
"227403","02564","C","Neptú","Carrer de Neptú","0001","0047"
"028203","00315","C","Aurora","Carrer de l'Aurora","0007","0027"
"312105","03504","C","Santjoanistes","Carrer de les Santjoanistes","0001","0037"
"247750","02814","C","Pau Gargallo","Carrer de Pau Gargallo","0001","0030"
"210502","02380","C","Misser Ferrer","Carrer del Misser Ferrer","0001","0005"
"700102","04443","Ctra","Ctra A Hta Cerdany","Carretera Antiga d'Horta a Cerdanyola","0001","0036"
"352303","03964","C","Vall d'Aran","Carrer de la Vall d'Aran","0001","0024"
"700443","04772","Plta","Plta Roser","Placeta del Roser","0001","0009"
"215903","02439","C","Montfar","Carrer dels Montfar","0001","0034"
"089605","01006","C","Constança","Carrer de Constança","0001","0025"
"353656","03987","C","Valls","Carrer de Valls","0001","0042"
"193200","02186","C","Sant Pere Romanies","Carrer de Sant Pere de Romanies","0001","0011"
"221305","02499","C","Morales","Carrer de Morales","0001","0050"
"295200","03332","C","Santpedor","Carrer de Santpedor","0001","0034"
"002006","00021","C","Actriu Tubau","Carrer de l'Actriu Tubau","0001","0008"
"159609","01803","C","Ivorra","Carrer d'Ivorra","0001","0026"
"700959","05283","C","Àrtic","Carrer de l'Àrtic","0001","0136"
"700026","04374","C","A César Sandino","Carrer d'Augusto César Sandino","0001","0011"
"700805","05130","Pl","Pl Robert Gerhard","Plaça de Robert Gerhard","0001","0005"
"325300","03647","C","Sidó","Carrer de Sidó","0001","0010"
"080305","00905","C","Ciudad Real","Carrer de Ciudad Real","0001","0043"
"097104","01091","C","Dalmau de Creixell","Carrer de Dalmau de Creixell","0001","0020"
"276704","03138","C","Rectoria","Carrer de la Rectoria","0001","0038"
"139907","01596","C","Garbí","Carrer de Garbí","0001","0007"
"278459","03156","Jard","Jard Rna Victòria","Jardins de la Reina Victòria","",""
"701432","05760","Ctra","Ctra C-17 (Barna)","Carretera C-17 (Barcelona)","",""
"278700","03158","Ptge","Ptge Rellotge","Passatge del Rellotge","0001","0004"
"146902","01666","Pl","Pl Glòries Catalan","Plaça de les Glòries Catalanes","0001","0038"
"701337","05664","Jard","Jard Frida Kahlo","Jardins de Frida Kahlo","",""
"700918","05242","Pl","Pl Sta Creu Olorda","Plaça de Santa Creu d'Olorda","0001","0001"
"354808","04005","Pl","Pl Vázquez Mella","Plaça de Vázquez de Mella","0001","0001"
"701829","06162","C","SN (Zona Banys Fòr","Carrer Sense Nom (Zona Banys Fòrum)","0001","0001"
"701604","05935","Pl","Pl Vista Park","Plaça de Vista Park","0001","0001"
"347008","03896","C","Trompetes Jaume I","Carrer de les Trompetes de Jaume I","0001","0004"
"701177","05504","Pl","Pl Monterrey","Plaça de Monterrey","0001","0001"
"701436","05764","Esc","Esc de Montclar","Escales de Montclar","0001","0004"
"701663","05994","Parc","Parc A Santiburcio","Parc d'Antoni Santiburcio","",""
"210772","02382","Jard","Jard Turó Putxet","Jardins del Turó del Putxet","",""
"700448","04777","Jard","Jard Can Feu","Jardins de Can Feu","",""
"116231","01333","Est","Est Pg de Gràcia","Estació Passeig de Gràcia","",""
"335643","03770","Parc","Parc F Tibidabo","Parc Forestal del Tibidabo","",""
"042758","00474","Ptge","Ptge Blada","Passatge de la Blada","0001","0014"
"103502","01170","C","Doctor Roux","Carrer del Doctor Roux","0001","0147"
"108404","01226","C","Elisa","Carrer d'Elisa","0001","0033"
"270606","03070","C","Puigmartí","Carrer de Puigmartí","0001","0056"
"158504","01791","C","Huelva","Carrer de Huelva","0001","0140"
"323203","03626","C","Sepúlveda","Carrer de Sepúlveda","0001","0189"
"039709","00442","C","Berenguer de Palou","Carrer de Berenguer de Palou","0001","0151"
"128106","01466","C","Fluvià","Carrer de Fluvià","0019","0303"
"207009","02340","C","Mediterrània","Carrer de la Mediterrània","0001","0020"
"051169","00561","Ptge","Ptge Bonavista","Passatge de Bonavista","0001","0022"
"023709","00266","C","Arítjols","Carrer dels Arítjols","0001","0107"
"288703","03263","C","Rosalía de Castro","Carrer de Rosalía de Castro","0001","0067"
"017105","00188","C","Anníbal","Carrer d'Anníbal","0001","0028"
"337605","03791","C","Tomàs Padró","Carrer de Tomàs Padró","0001","0031"
"003701","00038","C","Agudes","Carrer de les Agudes","0001","0146"
"152600","01731","C","Guinardó","Carrer del Guinardó","0001","0040"
"075906","00852","C","Cendra","Carrer de la Cendra","0001","0040"
"076002","00853","Ptge","Ptge Centelles","Passatge de Centelles","0001","0030"
"325504","03649","C","Sigüenza","Carrer de Sigüenza","0001","0141"
"214004","02418","C","Modest Urgell","Carrer de Modest Urgell","0001","0042"
"003009","00031","C","Agramunt","Carrer d'Agramunt","0001","0037"
"070505","00787","Ptge","Ptge Casamitjana","Passatge de Casamitjana","0001","0029"
"700756","05082","Pg","Pg Marít Bogatell","Passeig Marítim del Bogatell","0080","0103"
"274200","03109","C","Ana María Matute","Carrer d'Ana María Matute Ausejo","0001","0058"
"330402","03712","C","Tapineria","Carrer de la Tapineria","0001","0039"
"216906","02448","C","Montalegre","Carrer de Montalegre","0001","0010"
"197608","02235","C","Torrent C Mariner","Carrer del Torrent de Can Mariner","0001","0053"
"700884","05207","Pl","Pl Voluntaris","Plaça dels Voluntaris Olímpics","",""
"145105","01650","C","Getsemaní","Carrer de Getsemaní","0002","0008"
"261875","02972","Pl","Pl Pompeu Gener","Plaça de Pompeu Gener","0001","0028"
"062700","00699","C","Bosch i Gimpera","Carrer de Bosch i Gimpera","0001","0038"
"194701","02204","Rier","Rier Marcel·lí","Riera de Marcel·lí","0001","0039"
"700931","05255","C","Josep Samitier","Carrer de Josep Samitier","0001","0010"
"700685","05014","Pl","Pl Margarida Xirgu","Plaça de Margarida Xirgu","0001","0012"
"314803","03533","C","Santa Elena","Carrer de Santa Elena","0001","0012"
"068809","00762","Ptge","Ptge Carsi","Passatge de Carsi","0001","0016"
"145400","01653","C","Gignàs","Carrer d'en Gignàs","0001","0032"
"700089","04431","C","Serra i Hunter","Carrer de Serra i Hunter","0001","0014"
"022309","00249","C","Arenes Sant Pere","Carrer de les Arenes de Sant Pere","0001","0008"
"301109","03391","Pl","Pl Palmeres","Plaça de les Palmeres","0001","0026"
"200000","02262","C","Marquesa","Carrer de la Marquesa","0001","0013"
"129765","01482","T","T Font del Mont","Torrent de la Font del Mont","0001","0028"
"092905","01038","Ptge","Ptge Costa","Passatge de Costa","0001","0028"
"315307","03538","C","Santa Eulàlia","Carrer de Santa Eulàlia","0001","0036"
"058601","00648","C","Can Caralleu","Carrer de Can Caralleu","0001","0035"
"365509","04118","C","Mare Déu de Gràcia","Carrer de la Mare de Déu de Gràcia","0001","0028"
"349579","03932","C","Presseguer","Carrer del Presseguer","0001","0013"
"105701","01194","C","Dublín","Carrer de Dublín","0001","0029"
"318407","03570","C","Santa Tecla","Carrer de Santa Tecla","0001","0014"
"280508","03176","C","Msèn Epifani Lorda","Carrer de Mossèn Epifani Lorda","0001","0022"
"021000","00236","C","Arc de Sant Vicenç","Carrer de l'Arc de Sant Vicenç","0001","0006"
"118907","01367","C","Ezequiel Boixet","Carrer d'Ezequiel Boixet","0001","0002"
"079805","00899","C","Cistellet","Carrer del Cistellet","0001","0027"
"218800","02471","C","Montjuïc del Bisbe","Carrer de Montjuïc del Bisbe","0001","0006"
"545646","04348","Moll","Moll Sud","Moll del Sud","0001","0006"
"701735","06067","Pl","Pl Msèn Edu Piquer","Plaça de Mossèn Eduard Piquer","0001","0001"
"133106","01519","C","Francisco Manzano","Carrer de Francisco Manzano","0010","0012"
"701688","06020","C","Palafrugell","Carrer de Palafrugell","0001","0004"
"544177","04335","Moll","Moll Nou","Moll Nou","0001","0001"
"701332","05659","Pl","Pl Meguidó","Plaça de Meguidó","0001","0001"
"700104","04445","Pl","Pl Sot Paletes","Plaça del Sot dels Paletes","0003","0004"
"700989","05314","Pg","Pg Font d'Arboç","Passeig de la Font d'Arboç","",""
"701143","05469","Jrdi","Jrdi Tres Torres","Jardí de les Tres Torres","",""
"332306","03731","C","Taxdirt","Carrer de Taxdirt","0001","0065"
"701367","05694","Rbla","Rbla Raval","Rambla del Raval","0001","0053"
"221600","02503","C","Morell","Carrer del Morell","0001","0006"
"221203","02497","C","Moragas","Carrer de Moragas","0001","0038"
"316004","03545","C","Santa Gemma","Carrer de Santa Gemma","0001","0024"
"367300","04139","C","Biscaia","Carrer de Biscaia","0305","0462"
"048801","00539","C","Briquets","Carrer de Briquets","0001","0065"
"028702","00321","C","Aviació","Carrer de l'Aviació","0001","0016"
"133809","01526","C","Fraternitat","Carrer de la Fraternitat","0001","0046"
"355403","04011","C","Vint-i-sis Gener","Carrer del Vint-i-sis de Gener de 1641","0001","0048"
"070607","00788","C","Casanova","Carrer de Casanova","0001","0270"
"701224","05551","C","Josep Pijoan","Carrer de Josep Pijoan","0002","0005"
"314905","03534","C","Santa Engràcia","Carrer de Santa Engràcia","0001","0129"
"069404","00770","Av","Av Can Baró","Avinguda de Can Baró","0001","0039"
"261707","02969","C","Pomaret","Carrer de Pomaret","0001","0128"
"177203","02019","C","Llatzeret","Carrer del Llatzeret","0001","0036"
"137901","01572","Ptge","Ptge Gabarnet","Passatge de Gabarnet","0001","0016"
"202050","02284","Camí","Camí Mas Guimbau","Camí del Mas Guimbau","0001","0068"
"088602","00994","C","Congrés","Carrer del Congrés","0001","0132"
"234602","02648","C","Om","Carrer de l'Om","0001","0031"
"218606","02469","Pg","Pg Montjuïc","Passeig de Montjuïc","0001","0077"
"342900","03852","C","Trafalgar","Carrer de Trafalgar","0001","0082"
"701048","05373","C","Fèlix Martí Alpera","Carrer de Fèlix Martí Alpera","0001","0010"
"091301","01022","C","Cornudella","Carrer de Cornudella","0001","0046"
"034807","00389","C","Baró de la Barre","Carrer del Baró de la Barre","0001","0076"
"357657","04034","Camí","Camí Verns","Camí dels Verns","0001","0023"
"368450","04153","C","Xavier Nogués","Carrer de Xavier Nogués","0001","0063"
"080804","00912","C","Civader","Carrer del Civader","0001","0009"
"700679","05008","C","Los Angeles","Carrer de Los Angeles","0001","0036"
"083904","00948","C","Coll i Vehí","Carrer de Coll i Vehí","0001","0145"
"219507","02478","C","Montpeller","Carrer de Montpeller","0001","0064"
"701304","05631","Ptge","Ptge Bering","Passatge de Bering","0001","0027"
"102601","01157","C","Doctor Joaquim Pou","Carrer del Doctor Joaquim Pou","0001","0012"
"098402","01107","C","Degollada","Carrer de Degollada","0001","0012"
"035901","00399","C","Basea","Carrer de Basea","0001","0010"
"249905","02836","C","Verdaguer i Callís","Carrer de Verdaguer i Callís","0001","0016"
"076501","00859","C","Cera","Carrer de la Cera","0001","0057"
"128503","01470","C","Folgueroles","Carrer de Folgueroles","0001","0054"
"368303","04151","C","Xandri","Carrer d'en Xandri","0001","0025"
"313709","03520","Bda","Bda Santa Clara","Baixada de Santa Clara","0001","0004"
"232607","02625","C","Bisbe Laguarda","Carrer del Bisbe Laguarda","0001","0016"
"264807","03003","C","Pou de la Figuera","Carrer del Pou de la Figuera","0001","0020"
"258702","02928","C","Pizarro","Carrer de Pizarro","0001","0014"
"080258","00904","C","Ciutat d'Elx","Carrer de la Ciutat d'Elx","0001","0031"
"011608","00122","C","Alsina","Carrer de n'Alsina","0001","0003"
"335803","03773","C","Tigre","Carrer del Tigre","0001","0035"
"230907","02606","Pl","Pl Nova","Plaça Nova","0001","0005"
"294852","03328","C","Salvador","Carrer dels Salvador","0001","0024"
"359903","04060","C","Vidal Valenciano","Carrer de Vidal i de Valenciano","0001","0022"
"700868","05192","C","Riudaura","Carrer de Riudaura","0001","0008"
"700666","04994","C","Joan Oliver","Carrer de Joan Oliver","0001","0010"
"077901","00877","C","Ciceró","Carrer de Ciceró","0001","0012"
"347529","03903","Ptge","Ptge Tubella","Passatge de Tubella","0001","0050"
"250450","02842","C","Martí i Julià","Carrer de Martí i Julià","0001","0016"
"226309","02553","Pl","Pl Las Navas","Plaça de Las Navas","0001","0013"
"700911","05235","Pl","Pl Mar","Plaça del Mar","0001","0008"
"322109","03614","C","Sgon Jocs Mediterr","Carrer dels Segons Jocs Mediterranis","0001","0007"
"265800","03012","C","Prat d'en Rull","Carrer del Prat d'en Rull","0001","0013"
"701080","05406","Pl","Pl Estatut","Plaça de l'Estatut","0001","0003"
"215200","02433","Bda","Bda Monestir","Baixada del Monestir","0001","0015"
"181200","02059","C","Lucà","Carrer de Lucà","0001","0018"
"701262","05589","Pl","Pl Madrona Prat","Plaça de Madrona Prat","0001","0001"
"036405","00404","C","Batet","Carrer de Batet","0001","0018"
"349900","03936","C","Uruguai","Carrer de l'Uruguai","0001","0004"
"701545","05875","Pl","Pl Titellaires","Plaça dels Titellaires","0001","0003"
"700899","05223","Pl","Pl Ca n'Ensenya","Plaça de Ca n'Ensenya","0001","0004"
"544734","04344","Moll","Moll Prínc Espanya","Moll del Príncep d'Espanya","0001","0015"
"700711","05039","Pl","Pl Primer de Maig","Plaça del Primer de Maig","0001","0001"
"224201","02531","C","Muret","Carrer de Muret","0001","0012"
"701385","05713","Pl","Pl Carmen Tórtola","Plaça de Carmen Tórtola Valencia","0001","0001"
"700755","05081","Parc","Parc Poblenou","Parc del Poblenou","",""
"275450","03124","Pl","Pl Raquel Meller","Plaça de Raquel Meller","0001","0001"
"700757","05083","Pg","Pg Mar Nova Icària","Passeig Marítim de Nova Icària","0060","0083"
"701313","05640","Pl","Pl Mitja Lluna","Plaça de la Mitja Lluna","0001","0001"
"701547","05877","Jard","Jard Maria Baldó","Jardins de Maria Baldó","",""
"701930","06263","Jard","Jard Treballadores","Jardins de les Treballadores de la Numax","",""
"701661","05992","Plta","Plta Lugo","Placeta de Lugo","",""
"701946","06279","Jard","Jard Ramon","Jardins de Ramon Margalef i López","",""
"701580","05911","Jard","Jard Dr Pla Armeng","Jardins del Doctor Pla i Armengol","",""
"061504","00685","C","Canyameres","Carrer de Canyameres","0001","0038"
"367107","04136","C","Viver","Carrer de Viver","0001","0031"
"106001","01197","C","Dulcet","Carrer de Dulcet","0001","0022"
"260602","02951","C","Plutó","Carrer de Plutó","0001","0047"
"113007","01289","C","Escoles Pies","Carrer de les Escoles Pies","0001","0140"
"206458","02333","C","Major del Rectoret","Carrer Major del Rectoret","0001","0188"
"184708","02093","Ptge","Ptge Llavallol","Passatge de Llavallol","0001","0025"
"276500","03135","C","Rector Bruguera","Carrer del Rector Bruguera","0001","0034"
"213908","02417","Av","Av Mistral","Avinguda de Mistral","0001","0099"
"140203","01599","Av","Av Drassanes","Avinguda de les Drassanes","0001","0029"
"246907","02793","C","Rector Voltà","Carrer del Rector Voltà","0001","0005"
"132602","01511","Pl","Pl Nou","Plaça del Nou","0001","0009"
"262801","02982","C","Pontons","Carrer de Pontons","0001","0010"
"284804","03223","C","Robador","Carrer d'en Robador","0001","0055"
"226003","02550","C","Navarra","Carrer de Navarra","0001","0026"
"133004","01518","C","Francisco Giner","Carrer de Francisco Giner","0001","0060"
"129754","01481","C","Font del Mont","Carrer de la Font del Mont","0001","0067"
"700050","04393","C","Cunit","Carrer de Cunit","0001","0012"
"023800","00267","C","Arizala","Carrer d'Arizala","0001","0084"
"061107","00682","C","Pedreres","Carrer de les Pedreres","0001","0037"
"007000","00071","C","Alcamo","Carrer d'Alcamo","0001","0012"
"701726","06058","Pl","Pl Font del Mont","Plaça de la Font del Mont","0001","0001"
"330005","03708","C","Tamariu","Carrer de Tamariu","0001","0020"
"328309","03690","C","Sors","Carrer de Sors","0001","0075"
"218005","02463","C","Montecassino","Carrer de Montecassino","0001","0009"
"701681","06013","C","Rosario Pi","Carrer de Rosario Pi","0001","0019"
"701748","06080","C","Francesc Pedra","Carrer de Francesc Pedra","0001","0027"
"325800","03652","Ptge","Ptge Francesca Sim","Passatge de Francesca Simon","0001","0027"
"240300","02713","Ptge","Ptge Pagès","Passatge de Pagès","0001","0016"
"046205","00514","C","Bòria","Carrer de la Bòria","0001","0026"
"362409","04086","Av","Av Vilanova","Avinguda de Vilanova","0001","0020"
"091200","01021","C","Cornet i Mas","Carrer de Cornet i Mas","0001","0073"
"166604","01892","C","Gessamí","Carrer del Gessamí","0002","0020"
"094401","01057","C","Cros","Carrer de Cros","0001","0032"
"157705","01782","C","Hortènsia","Carrer de l'Hortènsia","0006","0017"
"181007","02057","C","Lotus","Carrer del Lotus","0001","0004"
"098800","01110","C","Dénia","Carrer de Dénia","0001","0036"
"272204","03087","C","Queralt","Carrer de Queralt","0001","0020"
"310609","03488","Ptge","Ptge S Ramon Nonat","Passatge de Sant Ramon Nonat","0001","0019"
"272805","03094","Ptge","Ptge Quintana","Passatge de Quintana","0001","0020"
"133208","01520","C","Francesc Tarafa","Carrer de Francesc Tarafa","0001","0010"
"329006","03697","C","Suñol i Gras","Carrer de Suñol i Gras","0001","0005"
"183104","02078","C","Lluís Vives","Carrer de Lluís Vives","0001","0017"
"266802","03021","C","Julián Besteiro","Carrer de Julián Besteiro","0001","0018"
"211108","02387","C","M Sants Oliver","Carrer de Miquel dels Sants Oliver","0001","0019"
"164609","01862","C","Jadraque","Carrer de Jadraque","0001","0016"
"239800","02707","C","Pare Roldós","Carrer del Pare Roldós","0001","0014"
"328604","03693","C","Subirats","Carrer de Subirats","0001","0010"
"324308","03637","Ptge","Ptge Sert","Passatge de Sert","0001","0015"
"166513","01885","Jard","Jard Bacardí","Jardins de Bacardí","",""
"701644","05975","Pg","Pg Mare Nostrum","Passeig del Mare Nostrum","0013","0021"
"069801","00778","Ptge","Ptge Ca n'Oliva","Passatge de Ca n'Oliva","0001","0006"
"701764","06096","Av","Av Moll Energia","Avinguda del Moll de l'Energia","0001","0082"
"701519","05848","C","Port de Gènova","Carrer del Port de Gènova","0001","0010"
"701802","06135","Plta","Plta Lluís Ulloa ","Placeta de Lluís Ulloa i Cisneros","",""
"700182","04513","Jard","Jard Vil·la Cecíli","Jardins de Vil·la Cecília","",""
"281103","03185","C","Ribagorça","Carrer de la Ribagorça","0001","0009"
"701244","05571","Jrdi","Jrdi Elies Ortiz","Jardí d'Elies Ortiz","",""
"701754","06086","Jrdi","Jrdi M. Rosa Farré","Jardí de Maria Rosa Farré i Escofet","",""
"184457","02089","Est","Est Funic Tibida 1","Estació Funicular Tibidabo 1","",""
"701528","05858","Camí","Camí Mar","Camí del Mar","",""
"702006","06339","Ptge","Ptge Pilar Santiag","Passatge de Pilar Santiago","0001","0008"
"127205","01457","C","Flor de Neu","Carrer de la Flor de Neu","0001","0115"
"214503","02424","C","Moliné","Carrer de Moliné","0001","0009"
"029705","00332","C","Ajuntament","Carrer de l'Ajuntament","0001","0024"
"046602","00517","C","Borràs","Carrer de Borràs","0001","0049"
"145706","01655","C","Ginebra","Carrer de Ginebra","0001","0049"
"024701","00276","C","Arnús i de Garí","Carrer d'Arnús i de Garí","0001","0015"
"037350","00416","Av","Av J. V. Foix","Avinguda de J. V. Foix","0001","0122"
"089004","00998","C","Consell de Cent","Carrer del Consell de Cent","0001","0631"
"068503","00759","C","Carretes","Carrer de les Carretes","0001","0081"
"347551","03904","C","Tucumán","Carrer de Tucumán","0001","0030"
"267850","03036","C","Tossal","Carrer del Tossal","0001","0056"
"293408","03313","C","Saldes","Carrer de Saldes","0001","0072"
"349105","03925","Pg","Pg Universal","Passeig Universal","0001","0098"
"144805","01646","C","Gènova","Carrer de Gènova","0001","0047"
"339101","03806","Pg","Pg Torras i Bages","Passeig de Torras i Bages","0001","0172"
"192604","02180","C","Mas Casanovas","Carrer del Mas Casanovas","0001","0090"
"003406","00034","C","Agricultura","Carrer de l'Agricultura","0039","0347"
"244800","02762","C","Paraguai","Carrer del Paraguai","0001","0052"
"361701","04079","C","Vilageliu Gavaldà","Carrer de Vilageliu i Gavaldà","0001","0022"
"701627","05958","Pl","Pl Joan Riera","Plaça de Joan Riera","0001","0001"
"144408","01642","C","General Vives","Carrer del General Vives","0001","0040"
"353805","03993","Av","Av Vallvidrera","Avinguda de Vallvidrera","0001","0087"
"302509","03407","Camí","Camí S Genís Horta","Camí de Sant Genís a Horta","0001","0076"
"074700","00834","C","Catasús","Carrer de Catasús","0001","0023"
"223107","02521","Ptge","Ptge Mulet","Passatge de Mulet","0001","0020"
"352904","03979","C","Vallespir","Carrer del Vallespir","0001","0203"
"345658","03884","C","Trilla","Carrer de Trilla","0001","0026"
"063907","00714","T","T Can Caralleu","Torrent de Can Caralleu","0001","0062"
"225102","02540","Pl","Pl Nadal","Plaça de Nadal","0001","0017"
"097206","01092","C","Vallès i Ribot","Carrer de Vallès i Ribot","0005","0056"
"235208","02653","C","Olzinelles","Carrer d'Olzinelles","0001","0122"
"121901","01405","C","Feliu","Carrer de Feliu","0001","0032"
"050304","00553","C","Gabriel Ferrater","Carrer de Gabriel Ferrater","0001","0031"
"701897","06230","Jard","Jard Pepita i Elis","Jardins de Pepita i Elisa Úriz Pi","",""
"000500","00006","C","Abat Safont","Carrer de l'Abat Safont","0001","0012"
"076308","00856","Pl","Pl Centre","Plaça del Centre","0001","0017"
"700872","05196","Parc","Parc Trinitat","Parc de la Trinitat","",""
"161509","01826","Ptge","Ptge G Pareto","Passatge de Graziella Pareto","0001","0014"
"227607","02566","C","Nerbion","Carrer del Nerbion","0005","0010"
"291708","03296","C","Sabateret","Carrer del Sabateret","0001","0007"
"218708","02470","C","Montjuïc del Carme","Carrer de Montjuïc del Carme","0001","0007"
"331008","03718","C","Taradell","Carrer de Taradell","0001","0032"
"701443","05771","Ptge","Ptge Ricard Zamora","Passatge de Ricard Zamora","0001","0008"
"257007","02910","C","Pintor Pahissa","Carrer del Pintor Pahissa","0001","0041"
"369157","04162","C","Z Zona Franca","Carrer Z Zona Franca","0023","0041"
"130607","01492","C","Fontanet","Carrer dels Fontanet","0001","0047"
"213409","02412","Ctra","Ctra Miramar","Carretera de Miramar","0001","0044"
"161305","01824","C","Indíbil","Carrer d'Indíbil","0001","0014"
"173304","01971","C","J Sebastian Bach","Carrer de Johann Sebastian Bach","0001","0030"
"073106","00814","Pl","Pl Castelló","Plaça de Castelló","0001","0006"
"290603","03283","C","Rubinstein","Carrer de Rubinstein","0001","0006"
"212803","02405","C","Miquel i Badia","Carrer de Miquel i Badia","0001","0021"
"134903","01537","Ptge","Ptge Frígola","Passatge de Frígola","0001","0027"
"113608","01296","C","Escultura","Carrer de l'Escultura","0001","0012"
"014300","00152","C","Amor","Carrer de l'Amor","0001","0014"
"229103","02586","C","Notariat","Carrer del Notariat","0001","0013"
"052401","00575","C","Buxó","Carrer de Buxó","0005","0008"
"155007","01756","Pl","Pl Prat de la Riba","Plaça de Prat de la Riba","0001","0001"
"701458","05786","Jard","Jard Maria Callas","Jardins de Maria Callas","",""
"700947","05271","Pl","Pl C Arderiu","Plaça de Clementina Arderiu","0001","0010"
"700697","05025","Moll","Moll Gregal","Moll de Gregal","0001","0033"
"700942","05266","Jard","Jard Joana Tomàs","Jardins de Joana Tomàs","",""
"701854","06187","Jard","Jard Dones Motor I","Jardins de les Dones de la Motor Ibèrica","",""
"302349","03403","Pl","Pl Sant Genís","Plaça de Sant Genís","",""
"353791","03992","Est","Est Ap Vallvidrera","Estació Apeadero Vallvidrera","",""
"701659","05990","Esc","Esc Albarrasí","Escales d'Albarrasí","",""
"702004","06337","Jard","Jard Núria Pompeia","Jardins de Núria Pompeia","",""
"321605","03609","C","Pau Alsina","Carrer de Pau Alsina","0001","0150"
"083609","00945","Av","Av Coll Portell","Avinguda del Coll del Portell","0001","0132"
"341500","03835","Ptge","Ptge Torres","Passatge de Torres","0001","0023"
"156101","01764","C","Hipòlit Lázaro","Carrer d'Hipòlit Lázaro","0001","0036"
"249304","02831","C","Pere IV","Carrer de Pere IV","0002","0560"
"112004","01276","C","Escorial","Carrer de l'Escorial","0001","0214"
"349808","03935","Pg","Pg Urrutia","Passeig d'Urrutia","0001","0145"
"111205","01263","Pl","Pl Herenni","Plaça d'Herenni","0001","0013"
"110803","01258","C","Entença","Carrer d'Entença","0001","0338"
"157104","01776","C","Horta","Carrer d'Horta","0001","0247"
"110508","01255","Pg","Pg Enric Sanchis","Passeig d'Enric Sanchis","0001","0054"
"033203","00373","C","Baltasar Gracián","Carrer de Baltasar Gracián","0001","0039"
"075203","00839","Ptge","Ptge Ordi","Passatge de l'Ordi","0001","0030"
"025409","00283","Ptge","Ptge Arq Millàs","Passatge de l'Arquitecte Millàs","0001","0018"
"011007","00115","C","Almirall Pròixida","Carrer de l'Almirall Pròixida","0001","0026"
"107853","01219","C","Menta","Carrer de la Menta","0001","0055"
"133401","01522","C","Francolí","Carrer del Francolí","0011","0076"
"166900","01899","C","Jericó","Carrer de Jericó","0001","0031"
"701567","05897","Ptge","Ptge Mart","Passatge de Mart","0001","0011"
"184402","02088","C","Llança","Carrer de Llança","0001","0060"
"093205","01044","C","Cotoners","Carrer dels Cotoners","0001","0014"
"058532","00642","Camí","Camí Can Balasch","Camí de Can Balasch","0001","0113"
"285104","03227","C","Robrenyo","Carrer de Robrenyo","0001","0130"
"202297","02293","Pg","Pg Solé i Pla","Passeig de Solé i Pla","0001","0035"
"142402","01622","C","Gavà","Carrer de Gavà","0001","0091"
"207304","02343","C","Mèxic","Carrer de Mèxic","0001","0046"
"300809","03389","C","Sant Francesc","Carrer de Sant Francesc","0001","0032"
"701359","05686","Ptge","Ptge Posoltega","Passatge de Posoltega","0001","0023"
"338700","03800","C","Torné","Carrer de Torné","0001","0030"
"145808","01656","Ptge","Ptge Ginecòs","Passatge de Ginecòs","0001","0054"
"102408","01154","C","Doctor Ibáñez","Carrer del Doctor Ibáñez","0001","0049"
"344906","03876","C","Tres Creus","Carrer de les Tres Creus","0001","0023"
"159405","01801","Pl","Pl Ibèria","Plaça d'Ibèria","0001","0005"
"117507","01349","C","Estruc","Carrer d'Estruc","0001","0038"
"000601","00007","C","Abadessa Olzet","Carrer de l'Abadessa Olzet","0001","0040"
"160404","01814","Pl","Pl Ignasi Juliol","Plaça d'Ignasi Juliol","0001","0005"
"001808","00019","C","Acer","Carrer de l'Acer","0001","0045"
"701027","05352","C","George R. Collins","Carrer de George R. Collins","0001","0002"
"101802","01144","Jard","Jard Dr Duran Reyn","Jardins del Doctor Duran i Reynals","",""
"701531","05861","Pl","Pl Àngel Rodríguez","Plaça d'Àngel Rodríguez","0001","0008"
"277503","03146","C","Regomir","Carrer del Regomir","0001","0043"
"303454","03417","Pl","Pl Sant Iu","Plaça de Sant Iu","0001","0006"
"064309","00718","Ptge","Ptge Carbonell","Passatge de Carbonell","0001","0011"
"701232","05559","Pl","Pl Henry Dunant","Plaça d'Henry Dunant","0001","0007"
"001400","00015","Pl","Pl Acadèmia","Plaça de l'Acadèmia","0001","0006"
"129007","01475","Ptge","Ptge Paula Font","Passatge de Paula Font","0001","0023"
"202901","02300","C","Masnou","Carrer del Masnou","0001","0047"
"700013","04364","Pl","Pl Karl Marx","Plaça de Karl Marx","0001","0007"
"701716","06048","Pl","Pl Jesús Carrasco","Plaça de Jesús Carrasco","0001","0001"
"068106","00754","C","Carrera","Carrer de Carrera","0001","0036"
"123000","01416","C","Ferran Agulló","Carrer de Ferran Agulló","0001","0024"
"348805","03922","Pl","Pl Revolució 1868","Plaça de la Revolució de Setembre de 1868","0001","0018"
"338743","03801","Ptge","Ptge Torné","Passatge de Torné","0001","0042"
"074200","00829","Pl","Pl Catalana","Plaça Catalana","0001","0010"
"701388","05716","C","Pau Sabater","Carrer de Pau Sabater","0001","0006"
"037500","00418","C","Begònia","Carrer de la Begònia","0011","0016"
"701047","05372","C","Àngels Garriga","Carrer d'Àngels Garriga","0001","0008"
"211709","02394","C","Milton","Carrer de Milton","0001","0004"
"247604","02811","C","Pau","Carrer de Pau","0001","0012"
"700803","05128","Pl","Pl Ocellets","Plaça dels Ocellets","0001","0001"
"701589","05920","Jard","Jard Can Bruixa","Jardins de Can Bruixa","",""
"701263","05590","Camí","Camí Turó del Puig","Camí del Turó del Puig","0001","0003"
"701823","06156","C","Simó Ferrer","Carrer de Simó Ferrer","0001","0005"
"701550","05880","Pl","Pl Marga Rivière  ","Plaça de Margarita Rivière Martí","0001","0001"
"701274","05601","Pl","Pl Lluís Casassas","Plaça de Lluís Casassas","0001","0001"
"212600","02402","Ptge","Ptge Ministral","Passatge de Ministral","0001","0006"
"701294","05621","Jard","Jard Cal Sèbio","Jardins de Cal Sèbio","",""
"701775","06107","Pont","Pont 32C","Pont 32C","",""
"701416","05744","Jard","Jard Emma Barcelon","Jardins d'Emma de Barcelona","",""
"701796","06129","Pl","Pl Rosa Balcells","Plaça de Rosa Balcells i Llastarry","",""
"541259","04327","Moll","Moll Dipòsit","Moll del Dipòsit","",""
"701874","06207","Jard","Jard Elisa García ","Jardins d'Elisa García Sáez","",""
"250201","02839","C","Pere Oller","Carrer de Pere Oller","0001","0016"
"701597","05928","Jard","Jard T de Calcuta","Jardins de Teresa de Calcuta","",""
"701922","06255","Jrdi","Jrdi Pilar Espuña ","Jardí de Pilar Espuña i Domènech","",""
"701859","06192","Ptge","Ptge Isabel Vicent","Passatge d'Isabel Vicente","",""
"246248","02777","Parc","Parc Joan Miró","Parc de Joan Miró","",""
"702020","06353","Pl","Pl Josep Xarles","Plaça de Josep Xarles","",""
"370305","04177","C","Número 4","Carrer Número 4 Zona Franca","0030","0126"
"316300","03548","C","Santa Laura","Carrer de Santa Laura","0001","0024"
"205309","02321","C","Camp de la Ferro","Carrer del Camp de la Ferro","0001","0025"
"009901","00104","C","Almansa","Carrer d'Almansa","0001","0096"
"701106","05432","Ptge","Ptge Casa Llarga","Passatge de Casa Llarga","0001","0005"
"282707","03204","C","Riu de la Plata","Carrer del Riu de la Plata","0001","0033"
"363809","04100","C","Villarroel","Carrer de Villarroel","0001","0277"
"224100","02530","C","Múrcia","Carrer de Múrcia","0001","0064"
"166003","01879","C","Jaume Roig","Carrer de Jaume Roig","0001","0045"
"236506","02667","C","Oristà","Carrer d'Oristà","0001","0167"
"110009","01248","C","Ramon Turró","Carrer de Ramon Turró","0001","0448"
"042408","00470","C","Biosca","Carrer de Biosca","0001","0041"
"176404","02011","C","Llenguadoc","Carrer del Llenguadoc","0001","0118"
"111475","01267","C","Escales C Caralleu","Carrer de les Escales de Can Caralleu","0001","0006"
"079907","00900","C","Cister","Carrer del Cister","0001","0060"
"190100","02156","C","Maladeta","Carrer de la Maladeta","0001","0114"
"227301","02563","C","Neopàtria","Carrer de Neopàtria","0008","0165"
"288408","03260","C","Roser","Carrer del Roser","0001","0109"
"011732","00124","Ptge","Ptge Alt del Turó","Passatge Alt del Turó","0001","0026"
"214900","02430","Pg","Pg Mollerussa","Passeig de Mollerussa","0001","0085"
"100800","01132","C","Diputació","Carrer de la Diputació","0001","0483"
"241007","02720","C","Palafox","Carrer de Palafox","0001","0037"
"072500","00808","C","Castellbisbal","Carrer de Castellbisbal","0001","0067"
"220903","02494","C","Móra d'Ebre","Carrer de Móra d'Ebre","0001","0106"
"361803","04080","C","Vila Joiosa","Carrer de la Vila Joiosa","0001","0056"
"220109","02484","C","Montseny","Carrer del Montseny","0001","0051"
"030602","00343","Rbla","Rbla Badal","Rambla de Badal","0001","0202"
"180208","02048","C","Londres","Carrer de Londres","0001","0111"
"023505","00264","C","Arimon","Carrer d'Arimon","0001","0070"
"327601","03683","Ptge","Ptge Solsona","Passatge de Solsona","0023","0030"
"041303","00459","C","Bertran","Carrer de Bertran","0001","0160"
"185100","02099","Camí","Camí Lliça","Camí de la Lliça","0001","0046"
"006302","00063","C","Alcalá de Guadaira","Carrer d'Alcalá de Guadaira","0001","0028"
"701073","05398","Ptge","Ptge Mare Déu Estr","Passatge Mare de Déu de l'Estrella","0001","0014"
"011506","00120","C","Alpens","Carrer d'Alpens","0001","0041"
"066905","00742","Ptge","Ptge Carlota Mena","Passatge de Carlota de Mena","0001","0021"
"235707","02658","C","Orduña","Carrer de l'Orduña","0001","0024"
"338903","03804","C","Torns","Carrer de Torns","0001","0039"
"293204","03311","Ptge","Ptge Saladrigas","Passatge de Saladrigas","0001","0019"
"311805","03502","C","Sancho Marraco","Carrer de Sancho Marraco","0001","0016"
"304107","03424","Pl","Pl Sant Joaquim","Plaça de Sant Joaquim","0001","0010"
"700822","05147","Av","Av Martí-Codolar","Avinguda de Martí-Codolar","0001","0026"
"132307","01509","Pl","Pl Fossar Moreres","Plaça del Fossar de les Moreres","0001","0021"
"701495","05824","C","Transversal 15","Carrer Transversal 15","0002","0038"
"250904","02846","C","Pelai","Carrer de Pelai","0001","0062"
"358558","04045","Ptge","Ptge Vicent Martín","Passatge de Vicent Martín","0001","0015"
"327907","03686","C","Sombrerers","Carrer dels Sombrerers","0001","0027"
"700820","05145","Escu","Escu Poblenou","Escullera del Poblenou","0001","0024"
"063408","00708","C","Carabassa","Carrer d'en Carabassa","0001","0021"
"093704","01049","C","Cremat Gran i Xic","Carrer Cremat Gran i Xic","0001","0023"
"701500","05829","C","Nou de Sadurní","Carrer Nou de Sadurní","0001","0011"
"183206","02079","C","Lluna","Carrer de la Lluna","0001","0031"
"024009","00270","C","Armengol","Carrer d'Armengol","0001","0008"
"261900","02973","C","Ponce de León","Carrer de Ponce de León","0001","0017"
"211902","02396","C","Mimoses","Carrer de les Mimoses","0001","0012"
"223402","02524","C","Munner","Carrer de Munner","0001","0012"
"155608","01761","C","Hercegovina","Carrer d'Hercegovina","0001","0033"
"370101","04170","C","Número 2","Carrer Número 2 Zona Franca","0001","0022"
"122802","01414","C","Fernández Duró","Carrer de Fernández Duró","0001","0030"
"175558","01998","C","L Zona Franca","Carrer L Zona Franca","0001","0021"
"172108","01960","C","Joan Gamper","Carrer de Joan Gamper","0001","0040"
"079000","00890","Ptge","Ptge Cinc Torres","Passatge de les Cinc Torres","0001","0009"
"028101","00314","C","Aulèstia i Pijoan","Carrer d'Aulèstia i Pijoan","0001","0034"
"150502","01705","C","Gresolet","Carrer de Gresolet","0001","0018"
"283506","03211","C","Ritme","Carrer del Ritme","0001","0007"
"701439","05767","Pl","Pl Raimon Noguera","Plaça de Raimon Noguera","0001","0001"
"701243","05570","Pl","Pl M Antònia Salvà","Plaça de Maria-Antònia Salvà","0001","0001"
"259159","02932","Camí","Camí Pla Llorens","Camí del Pla Llorens","0001","0026"
"700781","05107","Est","Est Renfe Cantunis","Estació Renfe Cantunis","",""
"701675","06006","Jard","Jard William Shake","Jardins de William Shakespeare","",""
"701246","05573","Pla","Pla N Salmerón","Pla de Nicolás Salmerón","",""
"701648","05979","Jard","Jard Gaietà Renom","Jardins de Gaietà Renom","",""
"701737","06069","Jard","Jard Beatriu Pinós","Jardins de Beatriu de Pinós-Milany","",""
"701653","05984","Esc","Esc Floresta","Escales de la Floresta","0001","0002"
"701667","05998","C","Manuel Muñoz","Carrer de Manuel Muñoz","0001","0010"
"701799","06132","C","Faroners","Carrer dels Faroners","0001","0005"
"701875","06208","Pl","Pl Vilabesòs","Plaça de Vilabesòs","",""
"701734","06066","Pl","Pl Herta Frankel","Plaça d'Herta Frankel","0001","0001"
"246328","02784","Parc","Parc Guineueta","Parc de la Guineueta","",""
"298456","03365","Parc","Parc F Sant Cebrià","Parc Forestal de Sant Cebrià","",""
"701552","05882","Jrdi","Jrdi Mercè Llimona","Jardí de Mercè Llimona","",""
"701606","05937","Jrdi","Jrdi Lledoner","Jardí del Lledoner","",""
"701615","05946","Parc","Parc Maresme","Parc del Maresme","",""
"361406","04076","C","Viladomat","Carrer de Viladomat","0001","0325"
"151006","01713","C","Guadalete","Carrer del Guadalete","0001","0006"
"348306","03915","Pg","Pg Turull","Passeig de Turull","0001","0068"
"312400","03507","C","Sants","Carrer de Sants","0001","0445"
"135804","01548","C","Font del Coll","Carrer de la Font del Coll","0001","0038"
"352507","03974","Pg","Pg Vall d'Hebron","Passeig de la Vall d'Hebron","0001","0320"
"030307","00340","Pl","Pl Bacardí","Plaça de Bacardí","0001","0021"
"701393","05721","C","Soweto","Carrer de Soweto","0001","0017"
"173009","01968","C","Joan de Peguera","Carrer de Joan de Peguera","0001","0133"
"001706","00018","C","Séquia Madriguera","Carrer de la Séquia Madriguera","0001","0028"
"068900","00763","C","Cartagena","Carrer de Cartagena","0149","0403"
"359506","04056","C","Vic","Carrer de Vic","0001","0028"
"118747","01363","Pla","Pla Montbau","Pla de Montbau","0001","0011"
"135702","01547","Pl","Pl Font Castellana","Plaça de la Font Castellana","0001","0012"
"030704","00344","Ptge","Ptge Badal","Passatge de Badal","0001","0018"
"308607","03468","Ptge","Ptge Sant Pau","Passatge de Sant Pau","0001","0019"
"050100","00551","C","Brussel·les","Carrer de Brussel·les","0001","0071"
"342809","03851","C","Tradició","Carrer de la Tradició","0001","0010"
"006608","00066","C","Alcalde Móstoles","Carrer de l'Alcalde de Móstoles","0001","0053"
"701631","05962","Pl","Pl Pilar Miró","Plaça de Pilar Miró","0001","0004"
"115002","01311","C","Espiga","Carrer de l'Espiga","0001","0016"
"326405","03668","Av","Av Sivatte","Avinguda de Sivatte","0002","0030"
"271100","03075","Pg","Pg Pujades","Passeig de Pujades","0001","0037"
"277401","03145","Ptge","Ptge Rgnt Mendieta","Passatge del Regent Mendieta","0001","0019"
"232902","02628","Pl","Pl Urquinaona","Plaça d'Urquinaona","0001","0014"
"701904","06237","Pl","Pl Sonia Rescalvo ","Plaça de Sonia Rescalvo Zafra","",""
"198000","02240","C","Marlet","Carrer de Marlet","0001","0005"
"008079","00082","C","Malva","Carrer de la Malva","0001","0034"
"328003","03687","C","Sor Eulàlia Anzizu","Carrer de Sor Eulàlia d'Anzizu","0001","0067"
"166309","01882","C","Jambrina","Carrer de Jambrina","0001","0018"
"201206","02274","C","Martí i Alsina","Carrer de Martí i Alsina","0001","0030"
"277106","03142","Ptge","Ptge Redemptor","Passatge del Redemptor","0001","0024"
"368802","04157","C","Xuclà","Carrer d'en Xuclà","0001","0025"
"255001","02887","C","Picalquers","Carrer de Picalquers","0001","0017"
"274607","03113","Plta","Plta Pi","Placeta del Pi","0001","0005"
"343007","03853","C","Tragí","Carrer del Tragí","0001","0014"
"097501","01095","C","Dames","Carrer de les Dames","0001","0006"
"303206","03413","C","Sant Ignasi","Carrer de Sant Ignasi","0001","0006"
"118102","01355","C","Eugeni d'Ors","Carrer d'Eugeni d'Ors","0001","0016"
"700169","04503","Camí","Camí Boscà","Camí Boscà","0001","0012"
"339509","03814","C","Torre d'en Damians","Carrer de la Torre d'en Damians","0001","0040"
"358300","04042","Viad","Viad Vallcarca","Viaducte de Vallcarca","0001","0015"
"358707","04047","C","Vicenç Montal","Carrer de Vicenç Montal","0001","0014"
"245052","02766","Bda","Bda Passerell","Baixada del Passerell","0001","0018"
"123408","01419","Pl","Pl Lesseps","Plaça de Lesseps","0001","0033"
"037102","00413","C","Pare Miquel Sarrià","Carrer del Pare Miquel de Sarrià","0001","0018"
"088908","00997","C","Conreria","Carrer de la Conreria","0001","0014"
"314701","03532","C","Santa Dorotea","Carrer de Santa Dorotea","0001","0011"
"068605","00760","Pl","Pl Carril","Plaça del Carril","0001","0004"
"701362","05689","C","Ponts Maquinista","Carrer dels Ponts de La Maquinista","0001","0012"
"074903","00836","C","Cabanelles","Carrer de Cabanelles","0001","0016"
"700738","05065","Camí","Camí Faig","Camí del Faig","0001","0007"
"701683","06015","Pl","Pl Mirall Pedralbe","Plaça del Mirall de Pedralbes","0001","0001"
"012859","00138","Pg","Pg Agrícola","Passeig de l'Agrícola","0001","0134"
"306204","03445","Pl","Pl Sant Lluc","Plaça de Sant Lluc","0001","0004"
"701619","05950","Ptge","Ptge L Kubala","Passatge de Ladislao Kubala","",""
"701767","06099","C","Teresa Boronat","Carrer de Teresa Boronat i Fabra","0001","0012"
"700164","04498","Camí","Camí Pebràs","Camí del Pebràs","0001","0031"
"700693","05021","Port","Port Olímpic","Port Olímpic","0100","0100"
"116195","01329","Est","Est França","Estació de França","",""
"701925","06258","C","Xàtiva","Carrer de Xàtiva","0001","0004"
"701124","05450","Pl","Pl Falset","Plaça de Falset","",""
"700866","05190","Pl","Pl Pau","Plaça de la Pau","0001","0004"
"701717","06049","Jard","Jard M D Bargalló","Jardins de Maria Dolors Bargalló i Serra","",""
"701119","05445","Jard","Jard Petit Príncep","Jardins d'El Petit Príncep","",""
"702009","06342","Jard","Jard Montserrat Mi","Jardins de Montserrat Minobis","",""
"041700","00463","C","Besòs","Carrer del Besòs","0001","0036"
"175478","01995","C","K Zona Franca","Carrer K Zona Franca","0001","0043"
"280100","03172","C","Reus","Carrer de Reus","0001","0031"
"003600","00037","C","Agudells","Carrer dels Agudells","0001","0089"
"050202","00552","C","Brusi","Carrer de Brusi","0001","0106"
"005707","00056","C","Albert Llanas","Carrer d'Albert Llanas","0001","0041"
"187207","02124","Av","Av Madrid","Avinguda de Madrid","0001","0222"
"018902","00215","C","Arbeca","Carrer d'Arbeca","0001","0063"
"000204","00003","C","Guerau de Liost","Carrer de Guerau de Liost","0001","0022"
"200600","02268","C","Marroc","Carrer del Marroc","0001","0241"
"126905","01454","C","Flix","Carrer de Flix","0001","0044"
"360709","04068","C","Vigatans","Carrer dels Vigatans","0001","0015"
"282650","03203","Av","Av Rio de Janeiro","Avinguda de Rio de Janeiro","0001","0135"
"331609","03723","C","Terrassa","Carrer de Terrassa","0001","0014"
"365702","04121","Av","Av M Déu Montserra","Avinguda de la Mare de Déu de Montserrat","0001","0288"
"337401","03789","C","Tolrà","Carrer de Tolrà","0001","0062"
"188458","02138","C","Amarant","Carrer de l'Amarant","0001","0012"
"273852","03105","C","Ràfols","Carrer de Ràfols","0001","0030"
"701109","05435","Pl","Pl Julio González","Plaça de Julio González","0001","0014"
"348703","03921","C","Autonomia","Carrer de l'Autonomia","0001","0028"
"023607","00265","C","Ariosto","Carrer d'Ariosto","0001","0021"
"125505","01439","C","Finestrat","Carrer de Finestrat","0001","0027"
"308902","03471","C","St Pasqual Bailón","Carrer de Sant Pasqual Bailón","0001","0016"
"049203","00543","C","Bronze","Carrer del Bronze","0001","0020"
"122700","01413","C","Fernán Caballero","Carrer de Fernán Caballero","0001","0071"
"335009","03761","C","Tessàlia","Carrer de Tessàlia","0001","0006"
"108007","01221","C","Elkano","Carrer d'Elkano","0001","0082"
"055909","00613","C","Call","Carrer del Call","0001","0030"
"540813","04326","Moll","Moll Costa","Moll de la Costa","0001","0001"
"010300","00108","C","Ametllers","Carrer dels Ametllers","0001","0016"
"342208","03844","C","Tortosa","Carrer de Tortosa","0022","0061"
"010809","00112","C","Almirall Barceló","Carrer de l'Almirall Barceló","0001","0035"
"242203","02733","C","Palma de Sant Just","Carrer de la Palma de Sant Just","0001","0016"
"121005","01393","Av","Av Frederic Rahola","Avinguda de Frederic Rahola","0001","0071"
"164358","01859","C","Gardènia","Carrer de la Gardènia","0001","0030"
"189406","02150","C","Magdalenes","Carrer de les Magdalenes","0001","0031"
"036507","00405","C","Batista","Carrer de Batista","0001","0016"
"077854","00876","Ptge","Ptge Ceuta","Passatge de Ceuta","0001","0007"
"332601","03734","C","Guàrdia Urbana","Carrer de la Guàrdia Urbana","0001","0012"
"247400","02809","Pl","Pl Pastrana","Plaça de Pastrana","0001","0020"
"295301","03333","C","Samsó","Carrer de Samsó","0001","0038"
"701739","06071","Camí","Camí Turó Segarra","Camí del Turó d'en Segarra","",""
"701579","05910","C","Dolors Lleonart","Carrer de Dolors Lleonart","0001","0003"
"161247","01823","Pl","Pl Teix","Plaça del Teix","",""
"166659","01893","Jard","Jard Joaquim Ruyra","Jardins de Joaquim Ruyra","",""
"700700","05028","Pl","Pl Espronceda","Plaça d'Espronceda","0001","0001"
"175627","02000","Parc","Parc Laberint","Parc del Laberint","",""
"701988","06321","Jard","Jard Encarnació Co","Jardins d'Encarnació Colomina","",""
"701998","06331","Pl","Pl Canal de la Inf","Plaça del Canal de la Infanta","0001","0001"
"158107","01786","Av","Av Vallcarca","Avinguda de Vallcarca","0001","0266"
"700650","04978","C","Carles Riba","Carrer de Carles Riba","0001","0031"
"180401","02049","C","Lope de Vega","Carrer de Lope de Vega","0001","0316"
"077800","00875","C","Ceuta","Carrer de Ceuta","0001","0086"
"346300","03890","C","Trinquet","Carrer del Trinquet","0001","0045"
"157308","01778","Ctra","Ctra Hta Cerdany","Carretera d'Horta a Cerdanyola","0001","0197"
"298401","03364","Camí","Camí Sant Cebrià","Camí de Sant Cebrià","0001","0157"
"322007","03613","C","Segre","Carrer del Segre","0001","0131"
"366206","04127","C","Viriat","Carrer de Viriat","0005","0053"
"274709","03115","C","Ramon Batlle","Carrer de Ramon Batlle","0001","0086"
"208602","02359","C","Mercaders","Carrer de Mercaders","0001","0042"
"226659","02557","C","Nebuloses","Carrer de les Nebuloses","0001","0045"
"701491","05820","C","Transversal 11","Carrer Transversal 11","0001","0095"
"180900","02056","C","Loreto","Carrer de Loreto","0001","0056"
"293601","03315","C","Sales i Ferré","Carrer de Sales i Ferré","0001","0079"
"186102","02110","C","Llorens i Barba","Carrer de Llorens i Barba","0001","0094"
"173202","01970","C","Juan de Sada","Carrer de Juan de Sada","0005","0061"
"234307","02644","Ptge","Ptge Olivé","Passatge d'Olivé","0001","0031"
"246102","02774","Ptge","Ptge Pere Calders","Passatge de Pere Calders","0001","0014"
"152009","01725","Ptge","Ptge Güell","Passatge de Güell","0001","0018"
"040504","00450","C","Bermejo","Carrer de Bermejo","0001","0040"
"276680","03137","Av","Av Rectoret","Avinguda del Rectoret","0001","0027"
"008909","00091","C","Algarves","Carrer dels Algarves","0001","0026"
"316809","03554","Pg","Pg Santa Madrona","Passeig de Santa Madrona","0001","0054"
"118601","01361","C","Euterpe","Carrer d'Euterpe","0001","0016"
"242509","02737","C","Palomar","Carrer de Palomar","0001","0074"
"240106","02711","Pl","Pl Pedró","Plaça del Pedró","0001","0016"
"008807","00090","Pl","Pl Alfons el Savi","Plaça d'Alfons el Savi","0001","0008"
"701857","06190","C","29 del BZ (No Ofi)","Carrer 29 del BZ (No Oficial)","0002","0086"
"199308","02255","Pl","Pl Barceloneta","Plaça de la Barceloneta","0001","0006"
"355006","04007","C","Sta Joaquima Vedru","Carrer de Santa Joaquima de Vedruna","0001","0012"
"243705","02750","C","Panses","Carrer de les Panses","0001","0008"
"014901","00162","Ptge","Ptge Andalet","Passatge d'Andalet","0001","0011"
"220700","02492","Camí","Camí Can Móra","Camí de Can Móra","0001","0017"
"145309","01652","C","Gegants","Carrer dels Gegants","0001","0004"
"320500","03594","C","Cerdanyola","Carrer de Cerdanyola","0001","0043"
"262700","02981","C","Pontils","Carrer de Pontils","0001","0032"
"041904","00465","C","Béthencourt","Carrer de Béthencourt","0001","0014"
"375808","04193","C","Número 61","Carrer Número 61 Zona Franca","0001","0016"
"700647","04975","Esc","Esc Llobera","Escales de Llobera","0001","0005"
"356406","04020","C","Ventura Rodríguez","Carrer de Ventura Rodríguez","0001","0018"
"700721","05049","C","Gerard Piera","Carrer de Gerard Piera","0001","0019"
"192003","02174","C","Manila","Carrer de Manila","0038","0069"
"176153","02008","C","Lamote de Grignon","Carrer dels Lamote de Grignon","0001","0017"
"257404","02916","C","Pintura","Carrer de la Pintura","0001","0006"
"241404","02724","C","Palaudàries","Carrer de Palaudàries","0001","0031"
"347450","03901","Pl","Pl Tulipa","Plaça de la Tulipa","0001","0004"
"701521","05850","C","Port de Ningbo","Carrer del Port de Ningbo","0001","0040"
"129903","01485","Pl","Pl Font i Sagué","Plaça de Font i Sagué","0001","0005"
"090309","01013","Ptge","Ptge Conradí","Passatge de Conradí","0001","0037"
"369500","04166","C","Zuloaga","Carrer de Zuloaga","0002","0006"
"701553","05883","Jrdi","Jrdi C Serrallonga","Jardí de Carme Serrallonga","",""
"701611","05942","Ptja","Ptja Llevant","Platja del Llevant","0001","0001"
"700716","05044","Pl","Pl Sòl de Baix","Plaça del Sòl de Baix","0001","0001"
"701670","06001","C","SN (Palamós-S'Aga)","Carrer Sense Nom (Palamós-S'Agaró)","0002","0008"
"701983","06316","Pl","Pl SN (Sancho-T)","Plaça Sense Nom (Sancho-Tànger)","0001","0016"
"701674","06005","Jard","Jard José I Urenda","Jardins de José Ignacio Urenda","",""
"701682","06014","Jard","Jard Càndida Pérez","Jardins de Càndida Pérez","",""
"700903","05227","Jard","Jard Rasos Peguera","Jardins dels Rasos de Peguera","",""
"701954","06287","C","Mercè Torrents","Carrer de Mercè Torrents i Turmo","",""
"701945","06278","Pl","Pl Luisa Alba","Plaça de Luisa Alba","0001","0004"
"701848","06181","Jard","Jard Encants Nous","Jardins dels Encants Nous","",""
"178400","02029","C","Lleida","Carrer de Lleida","0001","0061"
"264206","02997","C","Avenir","Carrer de l'Avenir","0001","0076"
"327408","03681","C","Soler i Rovirosa","Carrer de Soler i Rovirosa","0001","0018"
"151108","01714","C","Guadalquivir","Carrer del Guadalquivir","0001","0016"
"226207","02552","C","Navarro i Reverter","Carrer de Navarro i Reverter","0001","0037"
"065403","00728","C","Card Tedeschini","Carrer del Cardenal Tedeschini","0001","0090"
"210808","02383","C","Miquel Àngel","Carrer de Miquel Àngel","0001","0120"
"095109","01066","C","Cuba","Carrer de Cuba","0001","0035"
"310008","03482","C","Sant Quintí","Carrer de Sant Quintí","0001","0140"
"060308","00673","C","Canonge Pibernat","Carrer del Canonge Pibernat","0001","0041"
"323000","03624","C","Sentís","Carrer de Sentís","0001","0046"
"701476","05804","C","Longitudinal 1","Carrer Longitudinal 1","0001","0094"
"319501","03582","C","Stma Trinitat Mont","Carrer de la Santíssima Trinitat del Mont","0001","0090"
"348102","03910","C","Turó Blau","Carrer del Turó Blau","0001","0030"
"113404","01293","C","Escultor Ordóñez","Carrer de l'Escultor Ordóñez","0001","0213"
"346800","03894","Rbla","Rbla Poblenou","Rambla del Poblenou","0001","0193"
"233803","02639","C","Oli","Carrer de l'Oli","0001","0007"
"024406","00273","C","Arnau","Carrer d'Arnau","0001","0022"
"181801","02065","C","Lugo","Carrer de Lugo","0001","0065"
"099405","01116","C","Desert","Carrer del Desert","0001","0009"
"294659","03325","Pl","Pl Salvador Seguí","Plaça de Salvador Seguí","0001","0017"
"316208","03547","C","Santa Joana d'Arc","Carrer de Santa Joana d'Arc","0001","0073"
"010900","00113","C","Pepe Rubianes","Carrer de Pepe Rubianes","0001","0039"
"362205","04084","C","Vilana","Carrer de Vilana","0001","0013"
"353769","03991","Camí","Camí Vallvi Tibida","Camí de Vallvidrera al Tibidabo","0001","0061"
"138008","01573","Ptge","Ptge G Abiell","Passatge de Guillem Abiell","0001","0009"
"314508","03530","Camí","Camí St Creu Vallv","Camí de Santa Creu d'Olorda a Vallvidrera","0001","0114"
"168202","01917","C","Joaquim Ruyra","Carrer de Joaquim Ruyra","0001","0017"
"073707","00822","C","Castella","Carrer de Castella","0001","0062"
"138507","01580","C","Galba","Carrer de Galba","0001","0028"
"199807","02260","C","Marquès Santillana","Carrer del Marquès de Santillana","0001","0020"
"149503","01695","C","Grases","Carrer de Grases","0001","0029"
"082402","00932","C","Colòmbia","Carrer de Colòmbia","0001","0015"
"124502","01429","Ptge","Ptge Ferrer Vidal","Passatge de Ferrer i Vidal","0001","0017"
"306408","03447","C","Sant Magí","Carrer de Sant Magí","0001","0032"
"102907","01163","Pl","Pl Doctor Modrego","Plaça del Doctor Modrego","0001","0005"
"701720","06052","Ptge","Ptge M.Àngels Riva","Passatge de Ma. Àngels Rivas","0001","0008"
"104200","01177","C","Doctor Zamenhof","Carrer del Doctor Zamenhof","0001","0028"
"216407","02443","C","Monjo","Carrer de Monjo","0001","0022"
"111103","01261","C","Ercilla","Carrer d'Ercilla","0001","0080"
"108700","01229","C","Elisi","Carrer de l'Elisi","0011","0038"
"701907","06240","Pl","Pl Idrissa Diallo","Plaça d'Idrissa Diallo","0002","0004"
"020303","00229","C","Arc de Sant Agustí","Carrer de l'Arc de Sant Agustí","0001","0010"
"198600","02248","Ptge","Ptge M Castellbell","Passatge del Marquès de Castellbell","0001","0006"
"294604","03324","C","Salvador Mundí","Carrer de Salvador Mundí","0001","0024"
"701883","06216","C","Lola Iturbe","Carrer de Lola Iturbe Arizcuren","0001","0013"
"336908","03784","C","Tòquio","Carrer de Tòquio","0001","0009"
"701336","05663","Jard","Jard Can Castelló","Jardins de Can Castelló","",""
"700750","05077","Esp","Esp A. Gutiérrez","Espigó d'Antoni Gutiérrez Díaz","0001","0001"
"280202","03173","C","Msèn Amadeu Oller","Carrer de Mossèn Amadeu Oller","0001","0040"
"244901","02763","C","Parcerisa","Carrer de Parcerisa","0001","0050"
"232301","02622","C","Bisbe Caçador","Carrer del Bisbe Caçador","0001","0004"
"364608","04109","Ptge","Ptge Vinyassa","Passatge de la Vinyassa","0001","0025"
"258804","02929","Ptge","Ptge Pla","Passatge de Pla","0001","0013"
"339000","03805","Ptge","Ptge Torras Bages","Passatge de Torras i Bages","0001","0015"
"700113","04453","C","Mirador de Llobera","Carrer del Mirador de Llobera","0001","0016"
"188753","02143","C","Vesc","Carrer del Vesc","0001","0019"
"022604","00252","C","Argensola","Carrer dels Argensola","0001","0019"
"700720","05048","Trvs","Trvs Castellfollit","Travessia de Castellfollit","0014","0022"
"700816","05141","C","Carles Soldevila","Carrer de Carles Soldevila","0001","0006"
"267838","03035","Pl","Pl Ventura Gassol","Plaça de Ventura Gassol","0001","0009"
"256900","02909","C","Pintor Mir","Carrer del Pintor Mir","0001","0023"
"232006","02620","C","Panxampla","Carrer d'en Panxampla","0001","0015"
"283302","03209","C","Ripollet","Carrer de Ripollet","0001","0026"
"700063","04405","Ctra","Ctra Circmv Tram 5","Carretera Circumval·lació Tram 5","0001","0182"
"701540","05870","Ptge","Ptge Magdal Giralt","Passatge de Magdalena Giralt","0001","0006"
"251408","02851","C","Penitents","Carrer dels Penitents","0007","0010"
"356100","04017","C","Venero","Carrer de Venero","0001","0023"
"701656","05987","Pl","Pl Numen Mestre","Plaça de Numen Mestre","0001","0006"
"701423","05751","Ctra","Ctra Ant Montjuïc","Carretera Antiga de Montjuïc","0001","0017"
"216258","02442","Rier","Rier Monges","Riera de les Monges","",""
"221702","02504","Ptge","Ptge Morenes","Passatge de Morenes","0001","0015"
"126053","01444","Pl","Pl Firmament","Plaça del Firmament","0001","0005"
"701339","05666","Jard","Jard J Planas Alem","Jardins de Jaume Planas i Alemany","",""
"311907","03503","C","Sanet","Carrer de Sanet","0001","0012"
"701831","06164","Jard","Jard Rosa Deulofeu","Jardins de Rosa Deulofeu","",""
"701452","05780","Jard","Jard Paula Montal","Jardins de Paula Montal","",""
"701533","05863","Pl","Pl Joan Capri","Plaça de Joan Capri","0001","0001"
"700764","05089","Ctra","Ctra C-16","Carretera C-16","",""
"072170","00803","C","Castelladral","Carrer de Castelladral","0006","0010"
"701972","06305","C","Olimpíada Popular","Carrer de l'Olimpíada Popular","0001","0003"
"701743","06075","Camí","Camí Llars Mundet","Camí de les Llars Mundet","",""
"701451","05779","Jard","Jard Flora Tristán","Jardins de Flora Tristán","",""
"701898","06231","Pl","Pl Concepció Aleix","Plaça de Concepció Aleixandre Ballester","",""
"203904","02309","C","Massens","Carrer de Massens","0001","0084"
"282106","03195","C","Riera Alta","Carrer de la Riera Alta","0001","0073"
"122303","01409","C","Feliu i Codina","Carrer de Feliu i Codina","0001","0114"
"701328","05655","Pl","Pl Kõbe","Plaça de Kõbe","0001","0016"
"700651","04979","Av","Av Estatut Catalun","Avinguda de l'Estatut de Catalunya","0001","0088"
"354706","04004","C","Vayreda","Carrer de Vayreda","0001","0040"
"170306","01939","Ptge","Ptge Josep Llovera","Passatge de Josep Llovera","0001","0015"
"024803","00277","C","Vall d'Aro","Carrer de la Vall d'Aro","0001","0011"
"176801","02015","C","Roger de Llúria","Carrer de Roger de Llúria","0001","0159"
"125006","01435","C","Fígols","Carrer de Fígols","0001","0049"
"083303","00941","C","Coll","Carrer de Coll","0001","0061"
"319603","03583","C","Sant Crist","Carrer del Sant Crist","0001","0072"
"081909","00927","C","Cobalt","Carrer del Cobalt","0001","0026"
"216600","02445","C","Montmany","Carrer de Montmany","0001","0070"
"115104","01312","C","Espinauga","Carrer d'Espinauga","0025","0084"
"165259","01869","C","Baladre","Carrer del Baladre","0001","0054"
"334607","03755","C","Ter","Carrer del Ter","0001","0039"
"147701","01675","C","Góngora","Carrer de Góngora","0001","0133"
"186805","02117","C","Lluçanès","Carrer del Lluçanès","0001","0056"
"152202","01727","C","Guilleries","Carrer de les Guilleries","0001","0035"
"291300","03291","C","S'Agaró","Carrer de S'Agaró","0001","0063"
"320307","03590","C","Santuari","Carrer del Santuari","0001","0155"
"700191","04522","C","Josep Irla i Bosch","Carrer de Josep Irla i Bosch","0001","0018"
"004001","00041","C","Agullana","Carrer d'Agullana","0001","0012"
"146709","01664","C","Gleva","Carrer de la Gleva","0001","0044"
"300208","03383","Ptge","Ptge Sant Felip","Passatge de Sant Felip","0001","0017"
"701525","05855","C","Port de Miami","Carrer del Port de Miami","0002","0021"
"289309","03268","C","Rossend Nobas","Carrer de Rossend Nobas","0001","0041"
"170554","01942","C","Josep M. Jujol","Carrer de Josep M. Jujol","0001","0017"
"124604","01430","C","Ferrocarril","Carrer del Ferrocarril","0001","0031"
"350206","03939","C","Vacarisses","Carrer de Vacarisses","0001","0020"
"248902","02827","Ptge","Ptge Pedrell","Passatge de Pedrell","0001","0019"
"700809","05134","Pl","Pl Valdivia","Plaça de Valdivia","0001","0002"
"038502","00431","C","Bellver","Carrer de Bellver","0001","0024"
"250405","02841","Ptge","Ptge P Rodríguez","Passatge de Pere Rodríguez","0001","0026"
"062507","00697","C","Capità Arenas","Carrer del Capità Arenas","0001","0070"
"110100","01250","C","Dolors Batlle","Carrer de Dolors Batlle i Sunyer","0001","0026"
"338608","03799","C","Torelló","Carrer de Torelló","0001","0019"
"089106","00999","C","Consellers","Carrer dels Consellers","0001","0005"
"146505","01662","Pl","Pl Manuel Corachan","Plaça de Manuel Corachan","0001","0006"
"091607","01025","C","Coronel Sanfeliu","Carrer del Coronel Sanfeliu","0001","0021"
"544712","04343","Moll","Moll Ponent","Moll de Ponent","0001","0001"
"336704","03781","C","Tubella","Carrer de Tubella","0023","0031"
"261300","02961","Pl","Pl Consell Vila","Plaça del Consell de la Vila","0001","0011"
"085706","00965","C","Cometa","Carrer del Cometa","0001","0007"
"297205","03352","C","Sant Bartomeu","Carrer de Sant Bartomeu","0001","0009"
"130108","01488","C","Font-rúbia","Carrer de Font-rúbia","0001","0014"
"095302","01068","C","Cucurulla","Carrer de Cucurulla","0001","0009"
"086800","00975","C","Comtal","Carrer Comtal","0001","0037"
"357908","04037","C","Bertrellans","Carrer de Bertrellans","0001","0011"
"324603","03640","C","Sèrbia","Carrer de Sèrbia","0001","0025"
"701535","05865","Pl","Pl Cal Muns","Plaça de Cal Muns","0001","0003"
"059207","00662","C","Canàries","Carrer de les Canàries","0001","0025"
"362103","04083","C","Vilamur","Carrer de Vilamur","0001","0038"
"253006","02867","C","Pérez Galdós","Carrer de Pérez Galdós","0001","0049"
"196503","02224","C","Mariana Pineda","Carrer de Mariana Pineda","0001","0010"
"137504","01569","C","Funoses Llussà","Carrer de Funoses Llussà","0001","0012"
"326904","03674","Pl","Pl Sol","Plaça del Sol","0001","0024"
"292100","03300","Ptge","Ptge Sgda Família","Passatge de la Sagrada Família","0001","0006"
"366308","04128","Ptge","Ptge Virreina","Passatge de la Virreina","0001","0010"
"160700","01817","C","Igualada","Carrer d'Igualada","0001","0037"
"197700","02237","Ptge","Ptge Mariner","Passatge de Mariner","0001","0026"
"286005","03236","C","Rodes","Carrer de Rodes","0001","0009"
"700864","05188","Pl","Pl César Vallejo","Plaça de César Vallejo","0001","0001"
"700999","05324","Esc","Esc Matagalls","Escales del Matagalls","0001","0008"
"701510","05839","Pl","Pl Ernest Lluch","Plaça d'Ernest Lluch i Martín","0001","0009"
"701617","05948","Pl","Pl Joaquim Serra","Plaça de Joaquim Serra","0001","0001"
"701722","06054","Ptja","Ptja Somorrostro","Platja del Somorrostro","0001","0001"
"269607","03060","Pl","Pl N de la Rutlla","Plaça del Nen de la Rutlla","0001","0001"
"701812","06145","Jard","Jard Joan Prats","Jardins de Joan Prats","",""
"350159","03938","C","Agustí Mauri","Carrer d'Agustí Mauri","0001","0014"
"701844","06177","Ptge","Ptge Camps Marina","Passatge dels Camps de la Marina","",""
"701678","06010","Av","Av Arturo Mundet","Avinguda d'Arturo Mundet","",""
"141104","01608","Pl","Pl Garriga i Bachs","Plaça de Garriga i Bachs","0001","0001"
"700736","05064","Jard","Jard C Albert","Jardins de Caterina Albert","",""
"701949","06282","C","Joaquim Amat-P","Carrer de Joaquim Amat-Piniella","0001","0017"
"246317","02783","Parc","Parc Montjuïc","Parc de Montjuïc","",""
"168053","01915","Pg","Pg Joaquim Renart","Passeig de Joaquim Renart","",""
"248550","02824","Parc","Parc Pedralbes","Parc de Pedralbes","",""
"702011","06344","Pl","Pl Can Sitjar","Plaça de Can Sitjar","",""
"154300","01748","C","Hedilla","Carrer d'Hedilla","0001","0153"
"700121","04459","C","Longitudinal 7","Carrer Longitudinal 7","0001","0160"
"298707","03368","C","Sant Crispí","Carrer de Sant Crispí","0001","0045"
"700450","04779","C","J Puig i Pidemunt","Carrer de Joaquim Puig i Pidemunt","0001","0020"
"064207","00717","C","Carbonell","Carrer de Carbonell","0001","0009"
"036700","00407","C","Batllori","Carrer de Batllori","0001","0051"
"141909","01616","C","Gas","Carrer del Gas","0001","0014"
"263906","02994","C","Portugal","Carrer de Portugal","0001","0062"
"701147","05473","C","Joan Sales","Carrer de Joan Sales","0001","0014"
"348204","03914","C","Turó de la Rovira","Carrer del Turó de la Rovira","0001","0086"
"094707","01060","C","Creu dels Molers","Carrer de la Creu dels Molers","0001","0113"
"321503","03608","C","Seca","Carrer de la Seca","0001","0009"
"324501","03639","C","Servet","Carrer de Servet","0001","0137"
"700036","04382","C","Can Castellví","Carrer de Can Castellví","0001","0079"
"277809","03149","C","Reina Amàlia","Carrer de la Reina Amàlia","0001","0041"
"320704","03596","Av","Av Sarrià","Avinguda de Sarrià","0001","0163"
"187706","02130","C","Mestrança","Carrer de la Mestrança","0021","0064"
"352100","03962","C","Valldonzella","Carrer de Valldonzella","0001","0062"
"243603","02749","C","Panorama","Carrer del Panorama","0001","0031"
"268604","03048","C","Pont Treball Digne","Carrer del Pont del Treball Digne","0001","0030"
"045950","00511","C","Borgonya","Carrer de Borgonya","0001","0014"
"700151","04487","Pl","Pl Cultura","Plaça de la Cultura","0001","0010"
"287609","03251","C","Romans","Carrer de Romans","0001","0050"
"037601","00419","C","Béjar","Carrer de Béjar","0001","0099"
"260340","02948","Ptja","Ptja Sant Miquel","Platja de Sant Miquel","0001","0100"
"700785","05111","C","Can Ràbia","Carrer de Can Ràbia","0001","0018"
"280803","03181","C","Elisa Moragas","Carrer d'Elisa Moragas i Badia","0001","0060"
"285206","03228","C","Roca","Carrer d'en Roca","0001","0036"
"701895","06228","Jard","Jard Fadwa Tuqan","Jardins de Fadwa Tuqan","",""
"253505","02871","C","Perla","Carrer de la Perla","0001","0039"
"172607","01964","C","Joan Massana","Carrer de Joan Massana","0001","0004"
"333604","03745","C","John M. Keynes","Carrer de John M. Keynes","0001","0023"
"320351","03591","Ptge","Ptge Santuaris","Passatge dels Santuaris","0001","0013"
"158005","01784","Ptge","Ptge Hospital","Passatge de l'Hospital","0001","0002"
"066009","00733","Pl","Pl Cardona","Plaça de Cardona","0001","0011"
"093103","01043","C","Costa Rica","Carrer de Costa Rica","0011","0037"
"051307","00563","C","Bonsuccés","Carrer del Bonsuccés","0001","0013"
"331802","03726","C","Tarròs","Carrer d'en Tarròs","0001","0022"
"034104","00382","C","Banys Vells","Carrer dels Banys Vells","0001","0025"
"701186","05513","Pl","Pl Mn Ferran Palau","Plaça de Mossèn Ferran Palau","0001","0004"
"134200","01530","C","Fra Luis Granada","Carrer de Fra Luis de Granada","0001","0014"
"700690","05018","Pg","Pg Migdia","Passeig del Migdia","0147","0210"
"039301","00438","C","Benlliure","Carrer de Benlliure","0001","0040"
"267703","03032","C","Profeta","Carrer del Profeta","0001","0011"
"207508","02345","C","Melilla","Carrer de Melilla","0001","0010"
"268207","03040","C","Pruit","Carrer de Pruit","0001","0014"
"149900","01699","Ptge","Ptge Grau","Passatge de Grau","0001","0020"
"100854","01133","Ptge","Ptge Anemone","Passatge de l'Anemone","0001","0003"
"701442","05770","Jard","Jard Drets Humans","Jardins dels Drets Humans","",""
"368256","04149","C","X Zona Franca","Carrer X Zona Franca","",""
"701171","05497","Jard","Jard Bosquet Encan","Jardins del Bosquet dels Encants","",""
"701740","06072","Camí","Camí Serra d'Agude","Camí de la Serra d'Agudells","",""
"701871","06204","Pl","Pl Anna Lizaran","Plaça d'Anna Lizaran","0001","0001"
"701260","05587","Pl","Pl Montse Garriga","Plaça de Montserrat Garriga","0001","0001"
"701379","05706","C","Número 28","Carrer Número 28","0001","0007"
"019508","00221","C","Volta Colomines","Carrer de la Volta d'en Colomines","0001","0007"
"701952","06285","Pl","Pl Sense Nom (701","Plaça Sense Nom (701952)","0001","0001"
"701543","05873","Jard","Jard Amistat","Jardins de l'Amistat","",""
"247058","02797","Parc","Parc F Can Pasqual","Parc Forestal de Can Pasqual","",""
"247069","02798","Pas","Pas Groc Montbau","Pas Groc de Montbau","",""
"701563","05893","Jard","Jard V Ángeles","Jardins de Victoria de los Ángeles","",""
"064400","00719","C","Carcassona","Carrer de Carcassona","0001","0013"
"701956","06289","Jard","Jard Trinidad G","Jardins de Trinidad Gallego","",""
"116253","01334","Est","Est Torre Baró","Estació Torre Baró","",""
"701979","06312","Jard","Jard Passionària","Jardins de la Passionària, Dolores Ibárruri","",""
"303807","03421","C","Sant Jaume Apòstol","Carrer de Sant Jaume Apòstol","0001","0019"
"120807","01390","Via","Via Favència","Via Favència","0001","0568"
"345308","03882","C","Tres Torres","Carrer de les Tres Torres","0001","0062"
"357704","04035","C","Verntallat","Carrer de Verntallat","0001","0048"
"044221","00491","C","Bohemis","Carrer dels Bohemis","0001","0066"
"268003","03038","C","Provença","Carrer de Provença","0001","0598"
"327102","03677","C","Solà","Carrer de Solà","0001","0043"
"195103","02209","C","Mare Eterna","Carrer de la Mare Eterna","0001","0074"
"035005","00390","C","Baró d'Esponellà","Carrer del Baró d'Esponellà","0001","0049"
"290104","03277","Ptge","Ptge Rovira","Passatge de Rovira","0001","0027"
"248301","02821","C","Pedraforca","Carrer del Pedraforca","0001","0108"
"185802","02107","C","Llopis","Carrer de Llopis","0001","0026"
"195409","02212","C","Maresme","Carrer del Maresme","0019","0324"
"015303","00167","C","Andratx","Carrer d'Andratx","0001","0012"
"159507","01802","Pl","Pl Eivissa","Plaça d'Eivissa","0001","0023"
"182101","02068","C","Lluís Bonifaç","Carrer de Lluís Bonifaç","0001","0015"
"183002","02077","C","Lluís Sagnier","Carrer de Lluís Sagnier","0001","0080"
"011903","00127","C","Alt de Gironella","Carrer Alt de Gironella","0001","0071"
"368959","04159","C","Y Zona Franca","Carrer Y Zona Franca","0008","0042"
"343200","03855","Via","Via Trajana","Via Trajana","0017","0076"
"244504","02760","C","Papin","Carrer de Papin","0001","0036"
"072158","00802","Pg","Pg Castanyers","Passeig dels Castanyers","0001","0023"
"013501","00144","C","Amargor","Carrer de l'Amargor","0001","0020"
"215109","02432","C","Mònec","Carrer d'en Mònec","0001","0025"
"014708","00157","C","Empúries","Carrer d'Empúries","0001","0016"
"254304","02879","C","Petons","Carrer dels Petons","0001","0036"
"342300","03845","C","Tossa","Carrer de Tossa","0001","0028"
"039006","00436","C","Benevent","Carrer de Benevent","0001","0006"
"240503","02714","C","Palla","Carrer de la Palla","0001","0039"
"355505","04012","C","Velázquez","Carrer de Velázquez","0001","0021"
"107401","01214","C","Eduard Toda","Carrer d'Eduard Toda","0001","0104"
"000703","00008","C","Abaixadors","Carrer dels Abaixadors","0001","0016"
"230102","02596","Av","Av Mare Déu Lorda","Avinguda de la Mare de Déu de Lorda","0001","0050"
"327306","03679","C","Solanes","Carrer de Solanes","0001","0004"
"701113","05439","Jard","Jard Dr Castelló","Jardins del Doctor Castelló","",""
"315908","03544","C","Santa Filomena","Carrer de Santa Filomena","0001","0016"
"081534","00921","Ptge","Ptge Clip","Passatge de Clip","0001","0008"
"029953","00336","Pl","Pl Otero Pedrayo","Plaça d'Otero Pedrayo","0001","0007"
"701637","05968","C","Amàlia Garcia","Carrer d'Amàlia Garcia","0001","0011"
"309304","03475","Pl","Pl Sant Pere","Plaça de Sant Pere","0003","0016"
"302804","03409","C","Sant Guillem","Carrer de Sant Guillem","0001","0032"
"045600","00507","Pla","Pla Boqueria","Pla de la Boqueria","0001","0003"
"083507","00943","Ptge","Ptge Coll","Passatge de Coll","0001","0030"
"022207","00248","C","Arenes dels Canvis","Carrer de les Arenes dels Canvis","0001","0002"
"196106","02219","C","Maria Auxiliadora","Carrer de Maria Auxiliadora","0001","0029"
"223504","02525","C","Muntadas","Carrer de Muntadas","0001","0037"
"701601","05932","Pl","Pl Llibert Ròdenas","Plaça de Llibertat Ròdenas","0001","0005"
"010401","00109","Ptge","Ptge Ametllers","Passatge dels Ametllers","0001","0004"
"059808","00668","C","Canfranc","Carrer de Canfranc","0001","0018"
"540777","04325","Moll","Moll Contradic","Moll del Contradic","0007","0011"
"253403","02870","Ptge","Ptge Peris Menchet","Passatge de Peris i Mencheta","0001","0008"
"336169","03776","C","Tiro","Carrer de Tiro","0001","0008"
"181302","02060","Ptge","Ptge Lucà","Passatge de Lucà","0001","0022"
"227902","02570","C","Nicolau St Climent","Carrer de Nicolau de Sant Climent","0001","0005"
"143303","01631","Ptge","Ptge Gral Bassols","Passatge del General Bassols","0001","0036"
"701731","06063","Pl","Pl Bugaderes Horta","Plaça de les Bugaderes d'Horta","0001","0001"
"247003","02794","C","Pere Tarrés","Carrer de Pere Tarrés","0001","0009"
"701378","05705","C","Número 29","Carrer Número 29","0002","0012"
"701438","05766","C","Enginyeria","Carrer de l'Enginyeria","0003","0020"
"701089","05415","Ptge","Ptge Ricart Giralt","Passatge de Josep Ricart i Giralt","",""
"701638","05969","C","Síndic Rahola","Carrer del Síndic Rahola","0001","0001"
"332500","03733","Pl","Pl Teatre","Plaça del Teatre","",""
"700096","04437","C","Paixalet","Carrer d'en Paixalet","0001","0008"
"701801","06134","C","Ignasi Solà-Morale","Carrer d'Ignasi Solà-Morales","0016","0039"
"701025","05350","C","Can Falgàs","Carrer de Can Falgàs","0001","0030"
"700759","05085","Parc","Parc Nova Icària","Parc de Nova Icària","",""
"092100","01030","C","Curt","Carrer Curt","0001","0003"
"701053","05378","Jard","Jard M Redondo","Jardins de Marcos Redondo","",""
"701188","05515","Jard","Jard Hortes S Bert","Jardins de les Hortes de Sant Bertran","",""
"700905","05229","Parc","Parc Josep M Serra","Parc de Josep Maria Serra Martí","",""
"292507","03304","C","Gran de la Sagrera","Carrer Gran de la Sagrera","0002","0202"
"121708","01403","C","Felipe de Paz","Carrer de Felipe de Paz","0001","0041"
"018505","00211","C","Aragó","Carrer d'Aragó","0001","0661"
"223606","02526","C","Muntaner","Carrer de Muntaner","0001","0577"
"004908","00049","C","Àlaba","Carrer d'Àlaba","0001","0160"
"092508","01034","C","Cortit","Carrer de Cortit","0001","0030"
"148704","01686","C","Ciutat de Granada","Carrer de la Ciutat de Granada","0001","0179"
"034308","00384","C","Rambla","Carrer la Rambla","0001","0142"
"305507","03438","C","Sant Joan de Malta","Carrer de Sant Joan de Malta","0001","0221"
"198203","02244","Av","Av Mrq Argentera","Avinguda del Marquès de l'Argentera","0001","0027"
"099904","01120","C","Rere Palau","Carrer de Rere Palau","0001","0013"
"701371","05698","C","Repúb Dominicana","Carrer de la República Dominicana","0001","0080"
"096101","01080","C","Las Chafarinas","Carrer de Las Chafarinas","0001","0031"
"112106","01277","C","Escornalbou","Carrer d'Escornalbou","0001","0068"
"191907","02173","C","Manigua","Carrer de la Manigua","0001","0066"
"070200","00784","C","Casals","Carrer de Casals","0001","0045"
"074109","00828","C","Castor","Carrer del Castor","0001","0098"
"086301","00971","C","Concòrdia","Carrer de la Concòrdia","0001","0082"
"258509","02926","C","Pitàgores","Carrer de Pitàgores","0001","0045"
"258203","02923","C","Pirineus","Carrer dels Pirineus","0001","0019"
"136705","01558","Camí","Camí Font Quintana","Camí de la Font d'en Quintana","0001","0017"
"214809","02429","C","Molist","Carrer de Molist","0001","0030"
"227006","02560","C","Negrell","Carrer de Negrell","0003","0022"
"101609","01141","C","Doctor Dou","Carrer del Doctor Dou","0001","0021"
"028305","00316","C","Ausiàs Marc","Carrer d'Ausiàs Marc","0001","0165"
"139306","01589","Ptge","Ptge Galla","Passatge de la Galla","0001","0009"
"046103","00513","C","Bori i Fontestà","Carrer de Bori i Fontestà","0001","0053"
"132952","01517","Av","Av Francesc Cambó","Avinguda de Francesc Cambó","0010","0045"
"700075","04418","C","Espinagosa","Carrer de l'Espinagosa","0001","0011"
"331201","03720","C","Tàrent","Carrer de Tàrent","0001","0006"
"303603","03419","Ptge","Ptge Sant Jaume","Passatge de Sant Jaume","0001","0022"
"256809","02908","C","Pintor Josep Pinós","Carrer del Pintor Josep Pinós","0001","0042"
"700140","04478","Esc","Esc SN (Llerona)","Escales Sense Nom (Llerona-Balenya)","0001","0010"
"701433","05761","Rda","Rda Mig(Ascendent)","Ronda del Mig (Ascendent)","",""
"048200","00534","C","Bragança","Carrer de Bragança","0001","0025"
"128401","01469","C","Folc","Carrer de Folc","0001","0018"
"094503","01058","C","Croia","Carrer de Croia","0001","0006"
"318101","03567","C","Santa Peronella","Carrer de Santa Peronella","0001","0017"
"245904","02772","Ptge","Ptge París","Passatge de París","0001","0010"
"028600","00319","C","Avellà","Carrer dels Avellà","0001","0008"
"337809","03792","C","Timó","Carrer del Timó","0001","0003"
"260001","02943","C","Plata","Carrer de la Plata","0001","0007"
"114000","01300","Pl","Pl Espanya","Plaça d'Espanya","0001","0010"
"347507","03902","C","Trullols","Carrer de Trullols","0001","0040"
"192900","02183","C","Manuel Angelon","Carrer de Manuel Angelon","0001","0028"
"017568","00199","Ptge","Ptge Antic Valènci","Passatge Antic de València","0001","0026"
"211301","02389","C","Milà i Fontanals","Carrer de Milà i Fontanals","0001","0090"
"247207","02803","C","Pas Ensenyança","Carrer del Pas de l'Ensenyança","0001","0006"
"319909","03586","C","St Domènec Sta Cat","Carrer de Sant Domènec de Santa Caterina","0001","0006"
"277900","03150","C","Reina Cristina","Carrer de la Reina Cristina","0001","0014"
"184606","02092","C","Llauder","Carrer de Llauder","0001","0007"
"300605","03387","C","Sant Feliu Guíxols","Carrer de Sant Feliu de Guíxols","0001","0018"
"700671","04999","Pl","Pl Tirant lo Blanc","Plaça de Tirant lo Blanc","0001","0009"
"245100","02767","Ptge","Ptge Passerell","Passatge del Passerell","0001","0008"
"701623","05954","Pl","Pl Moviment Obrer","Plaça del Moviment Obrer","0001","0006"
"121504","01401","C","Felip Gil","Carrer de Felip Gil","0001","0011"
"700154","04490","Pl","Pl Gall","Plaça del Gall","0001","0001"
"154900","01755","C","Herois del Bruc","Carrer dels Herois del Bruc","0001","0015"
"252808","02865","C","Pere Serafí","Carrer de Pere Serafí","0001","0044"
"136308","01552","C","Font del Lleó","Carrer de la Font del Lleó","0001","0027"
"299404","03375","C","Sant Delfí","Carrer de Sant Delfí","0001","0011"
"196004","02218","C","Maria","Carrer de Maria","0001","0014"
"180707","02053","Pl","Pl Llorca","Plaça de Llorca","0001","0005"
"146200","01660","C","Gíriti","Carrer Gíriti","0001","0007"
"104855","01185","Ptge","Ptge Magraner","Passatge del Magraner","0001","0002"
"701218","05545","Pl","Pl Josep Rovira","Plaça de Josep Rovira","0001","0016"
"214208","02421","Ptge","Ptge Monyarc","Passatge de Monyarc","0007","0009"
"295902","03339","Pl","Pl Sant Agustí","Plaça de Sant Agustí","0001","0004"
"701237","05564","Jrdi","Jrdi Petra Kelly","Jardí de Petra Kelly","",""
"701776","06108","Pont","Pont 32D","Pont 32D","",""
"258600","02927","Ptge","Ptge Pitàgores","Passatge de Pitàgores","0001","0016"
"701603","05934","Pl","Pl Masies d'Horta","Plaça de les Masies d'Horta","0001","0001"
"701878","06211","Pl","Pl Carme Enriqueta","Plaça de Carme i Enriqueta Soriano i Tresserra","0001","0001"
"701927","06260","Ptge","Ptge Manuel Cros","Passatge de Manuel Cros Grau","",""
"701840","06173","Jrdi","Jrdi Baltasar Porc","Jardí de Baltasar Porcel","",""
"701241","05568","Pl","Pl Joaquín Maurín","Plaça de Joaquín Maurín","0001","0001"
"701996","06329","Gal","Gal Sarrià","Galeria Sarrià","",""
"009005","00092","C","Alguer","Carrer de l'Alguer","0001","0038"
"067103","00744","Rbla","Rbla Carmel","Rambla del Carmel","0001","0125"
"266201","03015","C","Premià","Carrer de Premià","0001","0046"
"098005","01101","C","Daoíz i Velarde","Carrer de Daoíz i Velarde","0001","0048"
"106806","01205","C","Duran i Borrell","Carrer de Duran i Borrell","0001","0029"
"111158","01262","Ptge","Ptge Ercilla","Passatge d'Ercilla","0001","0011"
"101201","01137","C","Doctor Bové","Carrer del Doctor Bové","0001","0202"
"700059","04401","Ctra","Ctra Vallvi Planes","Carretera de Vallvidrera a les Planes","0001","0145"
"235809","02660","Pl","Pl Orfila","Plaça d'Orfila","0001","0013"
"263804","02993","C","Portolà","Carrer de Portolà","0001","0028"
"260158","02946","C","Plató","Carrer de Plató","0001","0030"
"213704","02415","C","Mireia","Carrer de Mireia","0001","0082"
"062609","00698","Av","Av Icària","Avinguda d'Icària","0090","0219"
"166400","01883","C","Japó","Carrer del Japó","0001","0044"
"364007","04102","C","Vinaròs","Carrer de Vinaròs","0001","0064"
"275304","03122","C","Ramon Rocafull","Carrer de Ramon Rocafull","0001","0116"
"013104","00141","C","Amadeu Vives","Carrer d'Amadeu Vives","0001","0008"
"260307","02947","C","Platja d'Aro","Carrer de Platja d'Aro","0001","0026"
"102102","01150","C","Dr Giné Partagàs","Carrer del Doctor Giné i Partagàs","0001","0090"
"029603","00330","Ptge","Ptge Aymà","Passatge d'Aymà","0001","0026"
"015008","00163","C","Andalusia","Carrer d'Andalusia","0001","0052"
"359700","04058","C","Vidal i Guasch","Carrer de Vidal i Guasch","0001","0099"
"335654","03771","Ctra","Ctra Vallvid Tibid","Carretera de Vallvidrera al Tibidabo","0001","0118"
"161000","01820","C","Inca","Carrer d'Inca","0001","0011"
"029807","00334","C","Açores","Carrer de les Açores","0001","0010"
"700076","04419","C","Papiol","Carrer del Papiol","0001","0004"
"138201","01576","C","Gabriel Miró","Carrer de Gabriel Miró","0001","0032"
"015507","00169","C","Andreu Febrer","Carrer d'Andreu Febrer","0005","0080"
"257608","02918","Ptge","Ptge Pinyol","Passatge de Pinyol","0001","0026"
"011404","00119","Ptge","Ptge Aloi","Passatge d'Aloi","0001","0030"
"193800","02193","C","Manzanares","Carrer de Manzanares","0001","0028"
"312706","03511","C","Santa Amàlia","Carrer de Santa Amàlia","0001","0074"
"170805","01946","C","Josepa Massanés","Carrer de Josepa Massanés","0001","0039"
"700783","05109","C","Can Segalar","Carrer de Can Segalar","0001","0022"
"012203","00130","C","Alt de Pedrell","Carrer Alt de Pedrell","0001","0120"
"214740","02428","Ctra","Ctra Molins de Rei","Carretera de Molins de Rei","0008","0066"
"048404","00535","Rbla","Rbla Brasil","Rambla del Brasil","0001","0062"
"241903","02730","Ptge","Ptge Ciut Mallorca","Passatge de la Ciutat de Mallorca","0001","0022"
"063000","00704","C","Capsec","Carrer de Capsec","0001","0015"
"101904","01145","C","Doctor Fleming","Carrer del Doctor Fleming","0001","0030"
"040300","00448","C","Berlín","Carrer de Berlín","0001","0107"
"268808","03049","Av","Av Portal Àngel","Avinguda del Portal de l'Àngel","0001","0044"
"700962","05286","C","Índic","Carrer de l'Índic","0001","0030"
"357646","04033","Pl","Pl Verneda","Plaça de la Verneda","0001","0001"
"158800","01794","C","Hort de Sant Pau","Carrer de l'Hort de Sant Pau","0002","0002"
"701911","06244","Plta","Plta Sense Nom","Placeta Sense Nom (701911)","0001","0005"
"701618","05949","Pl","Pl Bella Dorita","Plaça de la Bella Dorita","0001","0001"
"305802","03441","C","Sant Llàtzer","Carrer de Sant Llàtzer","0001","0010"
"282208","03196","C","Riera Baixa","Carrer de la Riera Baixa","0001","0026"
"188505","02140","Pl","Pl Lluís Millet","Plaça de Lluís Millet","0001","0003"
"317801","03564","C","Santa Mònica","Carrer de Santa Mònica","0001","0006"
"077300","00869","C","Cervantes","Carrer de Cervantes","0001","0007"
"000102","00001","C","Llebrencs","Carrer dels Llebrencs","0001","0026"
"339407","03809","Pl","Pl Torre","Plaça de la Torre","0001","0007"
"078008","00878","C","Cid","Carrer del Cid","0001","0016"
"179457","02039","C","Llorens i Artigas","Carrer de Llorens i Artigas","0001","0012"
"323906","03633","Ptge","Ptge Serrahima","Passatge de Serrahima","0001","0016"
"370407","04181","C","Número 5","Carrer Número 5 Zona Franca","0001","0023"
"188006","02133","C","Isaac Albéniz","Carrer d'Isaac Albéniz","0002","0031"
"700658","04986","C","Mossèn Batlle","Carrer de Mossèn Batlle","0001","0010"
"184005","02084","C","Lledoner","Carrer del Lledoner","0001","0020"
"118306","01357","C","Europa","Carrer d'Europa","0001","0052"
"248505","02823","Pl","Pl Pedralbes","Plaça de Pedralbes","",""
"701494","05823","C","Transversal 14","Carrer Transversal 14","0001","0018"
"254406","02880","C","Petrarca","Carrer de Petrarca","0001","0065"
"701068","05393","C","Vila Arrufat","Carrer de Vila Arrufat","0001","0009"
"090900","01018","C","Corders","Carrer dels Corders","0001","0018"
"084500","00953","C","Collegats","Carrer de Collegats","0001","0017"
"700748","05075","C","Bisbe J Climent","Carrer del Bisbe Josep Climent","0001","0012"
"156906","01774","Ptge","Ptge Hort Velluter","Passatge de l'Hort dels Velluters","0001","0012"
"292405","03303","Bda","Bda Sagrera","Baixada de la Sagrera","0002","0016"
"701723","06055","Pl","Pl Vuit de Març","Plaça del Vuit de Març","0001","0001"
"211200","02388","Ptge","Ptge Mil vuit-cent","Passatge del Mil vuit-cents","0007","0008"
"701157","05483","C","Luz Casanova","Carrer de Luz Casanova","0001","0012"
"701787","06120","Jard","Jard Agustí Centel","Jardins d'Agustí Centelles","",""
"701847","06180","Pl","Pl Doctor Matias G","Plaça del Doctor Matias Guiu","0001","0001"
"701296","05623","Jard","Jard J Goday Casal","Jardins de Josep Goday i Casals","",""
"701446","05774","Pont","Pont Sarajevo","Pont de Sarajevo","",""
"701590","05921","Jard","Jard Laura Albéniz","Jardins de Laura Albéniz","",""
"159100","01797","C","Hurtado","Carrer d'Hurtado","0001","0038"
"087009","00977","C","Comte Borrell","Carrer del Comte Borrell","0001","0342"
"369204","04163","C","Zamora","Carrer de Zamora","0035","0125"
"238308","02692","C","Pacífic","Carrer del Pacífic","0001","0076"
"126600","01451","C","Flaçà","Carrer de Flaçà","0001","0014"
"119502","01375","C","Fages","Carrer de les Fages","0001","0006"
"014107","00150","C","Amílcar","Carrer d'Amílcar","0001","0233"
"318906","03575","C","Santander","Carrer de Santander","0001","0138"
"202005","02282","C","Mas Duran","Carrer del Mas Duran","0001","0082"
"263000","02985","C","Porta","Carrer de Porta","0001","0040"
"700895","05219","Pl","Pl Baró de Viver","Plaça del Baró de Viver","0001","0028"
"244209","02757","Av","Av Joan XXIII","Avinguda de Joan XXIII","0001","0038"
"065200","00726","C","Cardenal Reig","Carrer del Cardenal Reig","0001","0061"
"075101","00838","Rbla","Rbla Caçador","Rambla del Caçador","0001","0126"
"109305","01241","Ptge","Ptge Encarnació","Passatge de l'Encarnació","0001","0032"
"133605","01524","C","França Xica","Carrer de la França Xica","0001","0052"
"334800","03759","C","Terré","Carrer de Terré","0001","0022"
"360006","04061","C","Vidiella","Carrer de Vidiella","0001","0031"
"701522","05851","C","Port d'Alexandria","Carrer del Port d'Alexandria","0001","0020"
"157206","01777","C","Bonaventura Gisper","Carrer de Bonaventura Gispert","0001","0047"
"131304","01498","Ptge","Ptge Foret","Passatge de Foret","0001","0040"
"082504","00933","Ptge","Ptge Colomer","Passatge de Colomer","0001","0016"
"245201","02768","C","Pardo","Carrer de Pardo","0001","0075"
"182203","02069","C","Lluís Borrassà","Carrer de Lluís Borrassà","0001","0025"
"700754","05080","Ptge","Ptge Ferradura","Passatge de la Ferradura","0001","0012"
"254803","02884","C","Peu de la Creu","Carrer del Peu de la Creu","0001","0032"
"098151","01103","C","Das","Carrer de Das","0001","0008"
"349400","03929","Pl","Pl Univers","Plaça de l'Univers","0001","0009"
"365407","04117","C","Mare Déu Carmel","Carrer de la Mare de Déu del Carmel","0001","0027"
"101642","01142","C","Dr Farreras Valent","Carrer del Doctor Farreras i Valentí","0001","0038"
"135000","01539","C","Fruita","Carrer de la Fruita","0001","0005"
"167108","01902","C","Jerusalem","Carrer de Jerusalem","0001","0032"
"179504","02040","C","Lima","Carrer de Lima","0001","0034"
"275803","03128","C","Rauric","Carrer d'en Rauric","0001","0023"
"260500","02950","C","Plom","Carrer del Plom","0001","0039"
"701825","06158","C","Encants Vells","Carrer dels Encants Vells","0001","0015"
"700811","05136","Av","Av A Bastardas","Avinguda d'Albert Bastardas","0006","0037"
"169023","01925","C","Jordi Girona","Carrer de Jordi Girona","0001","0033"
"701666","05997","Pg","Pg Marta Mata","Passeig de Marta Mata","0001","0013"
"701322","05649","C","Martin Luther King","Carrer de Martin Luther King","0008","0087"
"328105","03688","C","Sòria","Carrer de Sòria","0001","0020"
"540380","04319","Moll","Moll Balears","Moll de Balears","0001","0001"
"224507","02534","C","Música","Carrer de la Música","0001","0008"
"700709","05037","C","Onyar","Carrer de l'Onyar","0001","0008"
"701034","05359","C","Saüc","Carrer del Saüc","0001","0049"
"175004","01988","C","Jonquera","Carrer de la Jonquera","0001","0026"
"210207","02377","C","Hostal Sant Antoni","Carrer de l'Hostal de Sant Antoni","0001","0008"
"700796","05121","C","Jocs del 92","Carrer dels Jocs del 92","0001","0015"
"087202","00979","C","Comte de Noroña","Carrer del Comte de Noroña","0001","0025"
"080203","00903","C","Ciutat de Balaguer","Carrer de la Ciutat de Balaguer","0001","0080"
"701566","05896","Pl","Pl Dones del 36","Plaça de les Dones del 36","0001","0014"
"096702","01086","C","Chopin","Carrer de Chopin","0001","0015"
"701539","05869","Pl","Pl Dolors Piera","Plaça de Dolors Piera","0001","0007"
"014821","00160","Pg","Pg Anna Rúbies","Passeig d'Anna Rúbies","0001","0012"
"344305","03868","C","Travessia","Carrer de la Travessia","0001","0004"
"236801","02670","C","Orpí","Carrer d'Orpí","0001","0028"
"318000","03566","C","Santa Perpètua","Carrer de Santa Perpètua","0001","0032"
"061708","00688","C","Canó","Carrer del Canó","0001","0010"
"262404","02978","C","Pons i Subirà","Carrer de Pons i Subirà","0001","0010"
"291209","03290","Ptge","Ptge Rustullet","Passatge de Rustullet","0001","0025"
"701760","06092","Jard","Jard Eduard Batist","Jardins d'Eduard Batiste i Alentorn","",""
"701331","05658","Jard","Jard Manuel J. Arn","Jardins de Manuel J. Arnalot","",""
"701821","06154","Rda","Rda Port","Ronda del Port","0013","0739"
"700747","05074","Esp","Esp Bac de Roda","Espigó de Bac de Roda","0001","0001"
"701977","06310","Ptge","Ptge SN (Veneçuela","Passatge Sense Nom (Veneçuela-Pallars)","0001","0007"
"701899","06232","Jard","Jard Maria Pi","Jardins de Maria Pi Ferrer","",""
"701961","06294","C","Port de la Selva","Carrer del Port de la Selva","0001","0007"
"073558","00820","Parc","Parc Can Castellví","Parc Forestal de Can Castellví de Dalt","",""
"701203","05530","Jard","Jard Clot Mel","Jardins del Clot de la Mel","",""
"701593","05924","Jard","Jard Enriq Sèculi","Jardins d'Enriqueta Sèculi","",""
"701641","05972","Jard","Jard Remedios Varo","Jardins de Remedios Varo","",""
"261106","02958","Parc","Parc Poeta Eduard","Parc del Poeta Eduard Marquina - Turó","",""
"066100","00734","C","Cardener","Carrer del Cardener","0001","0082"
"111602","01271","C","Escipió","Carrer d'Escipió","0001","0067"
"318804","03574","C","Santaló","Carrer de Santaló","0001","0165"
"284305","03218","Pl","Pl Vila de Gràcia","Plaça de la Vila de Gràcia","0001","0020"
"132001","01506","C","Fortuna","Carrer de Fortuna","0003","0014"
"090400","01014","C","Alberes","Carrer de les Alberes","0001","0069"
"259400","02934","C","Plana","Carrer de la Plana","0001","0040"
"050803","00557","C","Buenaventura Muñoz","Carrer de Buenaventura Muñoz","0001","0068"
"254701","02883","C","Petxina","Carrer de la Petxina","0001","0012"
"700091","04433","C","Rubió i Lluch","Carrer de Rubió i Lluch","0001","0012"
"701404","05732","Av","Av Número 4","Avinguda Número 4","0009","0032"
"085808","00966","Ptge","Ptge Companyia","Passatge de la Companyia","0001","0032"
"278007","03151","Pg","Pg Rna E Montcada","Passeig de la Reina Elisenda de Montcada","0001","0028"
"222206","02514","C","Motors","Carrer dels Motors","0002","0205"
"331700","03724","C","Tàrrega","Carrer de Tàrrega","0001","0082"
"207202","02342","C","Mejía Lequerica","Carrer de Mejía Lequerica","0001","0055"
"235106","02652","C","Oblit","Carrer de l'Oblit","0001","0072"
"211800","02395","C","Mímica","Carrer de la Mímica","0001","0015"
"095506","01070","C","Conca","Carrer de Conca","0001","0048"
"142300","01620","Av","Av Gaudí","Avinguda de Gaudí","0001","0087"
"370531","04183","C","Número 6","Carrer Número 6 Zona Franca","0051","0114"
"032200","00363","C","Balears","Carrer de les Balears","0001","0038"
"341704","03838","C","Torres de Marina","Carrer de Torres de Marina","0001","0031"
"211957","02397","Pg","Pg Grèvol","Passeig del Grèvol","0001","0024"
"700952","05276","Ptge","Ptge Vapor Vell","Passatge del Vapor Vell","0001","0020"
"701493","05822","C","Transversal 13","Carrer Transversal 13","0001","0001"
"210400","02379","C","Metges","Carrer dels Metges","0001","0020"
"039505","00440","Pl","Pl Berenguer Gran","Plaça de Ramon Berenguer el Gran","0001","0004"
"317302","03559","C","Santa Maria","Carrer de Santa Maria","0001","0018"
"368100","04147","C","Guifré","Carrer de Guifré","0001","0016"
"143405","01632","C","General Castaños","Carrer del General Castaños","0001","0014"
"049101","00542","C","Brocaters","Carrer dels Brocaters","0001","0004"
"058204","00637","Ptge","Ptge Camps Elisis","Passatge dels Camps Elisis","0001","0011"
"700664","04992","C","Arquitecte Sert","Carrer de l'Arquitecte Sert","0001","0032"
"049757","00549","C","Brull","Carrer del Brull","0001","0022"
"257164","02913","C","Albercoquer","Carrer de l'Albercoquer","0001","0008"
"051001","00559","C","Bonaventura Pollés","Carrer de Bonaventura Pollés","0001","0034"
"163107","01845","C","Irlanda","Carrer d'Irlanda","0001","0042"
"008308","00085","C","Alfambra","Carrer de l'Alfambra","0001","0020"
"236302","02665","C","Oriol Mestres","Carrer d'Oriol Mestres","0001","0024"
"355301","04010","Pl","Pl Coll Finestrell","Plaça del Coll de Finestrelles","0001","0009"
"072704","00810","C","Castellet","Carrer de Castellet","0001","0016"
"111351","01265","C","Trèmol","Carrer del Trèmol","0001","0028"
"700681","05010","Pl","Pl Rafael Benet","Plaça de Rafael Benet","0001","0002"
"096305","01082","Ptge","Ptge Chapí","Passatge de Chapí","0001","0015"
"701477","05805","C","Longitudinal 2","Carrer Longitudinal 2","0001","0015"
"007804","00080","C","Aldea","Carrer de l'Aldea","0001","0020"
"701133","05459","Pl","Pl Msèn J Cortinas","Plaça de Mossèn Joan Cortinas","0001","0004"
"701420","05748","Pl","Pl Fort Pienc","Plaça de Fort Pienc","0001","0006"
"136104","01551","Pl","Pl Font Fargas","Plaça de la Font d'en Fargas","0001","0007"
"315704","03542","C","Santa Fe","Carrer de Santa Fe","0001","0009"
"701008","05333","Ptge","Ptge Granollers","Passatge de Granollers","0002","0014"
"111806","01273","Ptge","Ptge Escòcia","Passatge d'Escòcia","0001","0008"
"540201","04317","Moll","Moll Álvarez Campa","Moll d'Álvarez de la Campa","0001","0007"
"164008","01854","Camí","Camí Ca l'Isidret","Camí de Ca l'Isidret","0001","0010"
"701709","06041","Pl","Pl Martínez Hueso","Plaça de Martínez Hueso","0001","0001"
"700790","05116","Rda","Rda Dalt","Ronda de Dalt","",""
"701560","05890","Jard","Jard Ernest Lluch","Jardins d'Ernest Lluch","",""
"343700","03862","C","Trapani","Carrer de Trapani","0001","0012"
"701800","06133","C","Far de Llobregat","Carrer del Far de Llobregat","",""
"701713","06045","Jard","Jard Mercè Rovira","Jardins de Mercè Rovira","",""
"700888","05212","Jard","Jard Atlanta","Jardins d'Atlanta","",""
"166590","01891","Jard","Jard Dr Roig Raven","Jardins del Doctor Roig i Raventós","",""
"166670","01894","Jard","Jard Joan Altisent","Jardins de Joan Altisent","",""
"701786","06119","Moll","Moll Nova Maians","Moll de la Nova Maians","0002","0016"
"346107","03888","Ptge","Ptge Trinitat","Passatge de la Trinitat","0001","0006"
"701939","06272","Plta","Plta Laminació","Placeta de la Laminació","0001","0002"
"701201","05528","Ptge","Ptge Dardanels","Passatge dels Dardanels","0001","0011"
"097829","01099","C","Danubi","Carrer del Danubi","0001","0045"
"139500","01591","C","Bonaventura Roig","Carrer de Bonaventura Roig","0001","0022"
"356701","04024","C","Verdet","Carrer del Verdet","0001","0014"
"356803","04025","C","Verdi","Carrer de Verdi","0001","0351"
"010106","00106","C","Almassora","Carrer d'Almassora","0001","0020"
"196900","02228","C","Marià Cubí","Carrer de Marià Cubí","0001","0209"
"167200","01903","C","Jesús","Carrer de Jesús","0001","0021"
"023403","00263","C","Aribau","Carrer d'Aribau","0001","0330"
"152905","01733","Rda","Rda Guinardó","Ronda del Guinardó","0001","0255"
"089900","01009","C","Conveni","Carrer del Conveni","0001","0072"
"363503","04097","C","Vilalba dels Arcs","Carrer de Vilalba dels Arcs","0001","0140"
"029308","00327","C","Avinyonet","Carrer d'Avinyonet","0001","0059"
"293306","03312","C","Salamanca","Carrer de Salamanca","0001","0058"
"313902","03522","C","Santa Coloma","Carrer de Santa Coloma","0001","0118"
"043604","00484","C","Boada","Carrer de Boada","0001","0055"
"320001","03587","C","Beat Domènec Savio","Carrer del Beat Domènec Savio","0001","0026"
"321004","03599","C","Sas","Carrer de Sas","0001","0043"
"701489","05818","C","Transversal 9","Carrer Transversal 9","0001","0087"
"104709","01183","C","Dominics","Carrer dels Dominics","0001","0035"
"247309","02807","C","Pasteur","Carrer de Pasteur","0001","0074"
"109600","01244","C","Alzina","Carrer de l'Alzina","0001","0058"
"013705","00146","C","Amèrica","Carrer d'Amèrica","0001","0055"
"701103","05429","Pl","Pl Alfonso Comín","Plaça d'Alfonso Comín","0001","0016"
"100559","01129","C","Diligències","Carrer de les Diligències","0001","0020"
"264308","02998","C","Potosí","Carrer de Potosí","0001","0042"
"154605","01751","Csta","Csta St Bartomeu Q","Costa de Sant Bartomeu de la Quadra","0001","0015"
"259909","02942","C","Plantada","Carrer de Plantada","0001","0048"
"167709","01911","C","Joaquín Costa","Carrer de Joaquín Costa","0001","0072"
"165601","01873","C","Jaume Huguet","Carrer de Jaume Huguet","0001","0081"
"231900","02619","Ptge","Ptge Núria","Passatge de Núria","0001","0024"
"058543","00643","C","Can Basseda","Carrer de Can Basseda","0001","0051"
"357500","04031","Camí","Camí Verneda","Camí de la Verneda","0001","0030"
"109101","01238","C","Enamorats","Carrer dels Enamorats","0001","0156"
"250100","02838","C","Pere Moragues","Carrer de Pere Moragues","0001","0050"
"310201","03484","C","St Ramon Penyafort","Carrer de Sant Ramon de Penyafort","0001","0019"
"192105","02175","Ptge","Ptge Manlleu","Passatge de Manlleu","0001","0010"
"309701","03479","C","Sant Pere Màrtir","Carrer de Sant Pere Màrtir","0001","0056"
"700098","04439","Pas","Pas Valls","Pas de Valls","0019","0030"
"362704","04089","Ptge","Ptge Vilaret","Passatge de Vilaret","0001","0056"
"007258","00074","C","Martí i Franquès","Carrer de Martí i Franquès","0001","0023"
"231003","02608","C","Nou de Dulce","Carrer Nou de Dulce","0001","0016"
"298004","03360","C","Sant Carles","Carrer de Sant Carles","0001","0046"
"082901","00937","Pg","Pg Colom","Passeig de Colom","0001","0031"
"701762","06094","C","Port de Xangai","Carrer del Port de Xangai","",""
"166681","01895","C","Joaquim Sunyer","Carrer de Joaquim Sunyer","0002","0008"
"055206","00606","C","Calella","Carrer de Calella","0001","0002"
"701074","05399","Parc","Parc Bederrida","Parc de Bederrida","",""
"206469","02334","Pl","Pl Major Rectoret","Plaça Major del Rectoret","0001","0003"
"701609","05940","Pl","Pl Willy Brandt","Plaça de Willy Brandt","0001","0014"
"134700","01535","C","Davant Portal Nou","Carrer del Davant del Portal Nou","0001","0007"
"146006","01658","C","Giralt Pellisser","Carrer d'en Giralt el Pellisser","0001","0028"
"297307","03353","C","Sant Bertran","Carrer de Sant Bertran","0001","0016"
"041201","00458","C","Berruguete","Carrer de Berruguete","0024","0126"
"330901","03717","C","Taquígraf Serra","Carrer del Taquígraf Serra","0001","0037"
"310700","03489","C","Sant Roc","Carrer de Sant Roc","0001","0037"
"156804","01773","C","Forn","Carrer del Forn","0001","0010"
"304209","03425","C","Sant Jordi","Carrer de Sant Jordi","0001","0015"
"700051","04394","C","Cresques","Carrer dels Cresques","0001","0073"
"219802","02481","C","Mont-ros","Carrer de Mont-ros","0001","0010"
"275905","03129","C","Ravella","Carrer de Ravella","0001","0030"
"067409","00747","Pl","Pl Carme","Plaça del Carme","0001","0008"
"081807","00925","C","Clotés","Carrer de Clotés","0001","0005"
"165204","01868","C","Jaume Cascalls","Carrer de Jaume Cascalls","0001","0022"
"701176","05502","C","Greenwich","Carrer de Greenwich","0001","0006"
"358503","04044","C","Vicent López","Carrer de Vicent López","0001","0017"
"114702","01307","Ptge","Ptge Esperança","Passatge de l'Esperança","0001","0015"
"701302","05629","Pl","Pl T. Harry Walker","Plaça de les Treballadores i Treballadors de la Harry Walker","0001","0001"
"304708","03431","Pl","Pl St J Calassanç","Plaça de Sant Josep de Calassanç","0001","0003"
"701482","05811","C","Transversal 1","Carrer Transversal 1","0001","0006"
"190802","02162","C","Malnom","Carrer del Malnom","0002","0013"
"701559","05889","Av","Av E Maristany","Avinguda d'Eduard Maristany","0001","0014"
"701655","05986","Pl","Pl Haya la Torre","Plaça d'Haya de la Torre","0001","0001"
"058747","00653","Camí","Camí Can Pasqual","Camí de Can Pasqual","",""
"701850","06183","Est","Est Renfe Arc Trio","Estació Renfe Arc de Triomf","",""
"700964","05288","Jard","Jard M Sacristán","Jardins de Manuel Sacristán","",""
"102623","01158","Jard","Jard Josep Trueta","Jardins de Josep Trueta","",""
"701139","05465","Jard","Jard Valent Petit","Jardins del Valent Petit","",""
"247149","02802","Pas","Pas Blanc Montbau","Pas Blanc de Montbau","",""
"701649","05980","Jard","Jard M Rodoreda","Jardins de Mercè Rodoreda","",""
"701936","06269","Pl","Pl Vapor Vell","Plaça de les Treballadores del Vapor Vell","0001","0003"
"700961","05285","Jard","Jard Castellers","Jardins dels Castellers","",""
"059900","00669","C","Canigó","Carrer del Canigó","0001","0139"
"059309","00663","C","Cançó","Carrer de la Cançó","0001","0009"
"201501","02277","C","Martínez Rosa","Carrer de Martínez de la Rosa","0001","0073"
"311703","03501","C","Sancho de Ávila","Carrer de Sancho de Ávila","0001","0186"
"254600","02882","C","Peronella","Carrer de Peronella","0001","0047"
"223005","02520","Ptge","Ptge Mulassa","Passatge de la Mulassa","0001","0022"
"014209","00151","C","Amistat","Carrer de l'Amistat","0001","0044"
"027700","00309","C","Atlàntida","Carrer de l'Atlàntida","0001","0115"
"188902","02145","C","Josep Serrano","Carrer de Josep Serrano","0001","0077"
"195806","02216","C","Marí","Carrer de Marí","0001","0074"
"123306","01418","C","Ferran Junoy","Carrer de Ferran Junoy","0001","0131"
"264400","02999","C","Pou de la Cadena","Carrer del Pou de la Cadena","0001","0009"
"332102","03729","Ptge","Ptge Taulat","Passatge del Taulat","0001","0026"
"289400","03269","C","Rosés","Carrer de Rosés","0001","0071"
"347948","03908","Camí","Camí Turó Alzina","Camí del Turó de l'Alzina","0001","0048"
"052900","00581","C","Cabanes","Carrer de Cabanes","0001","0054"
"089300","01002","Ptge","Ptge Constància","Passatge de la Constància","0001","0029"
"029501","00329","C","Avió Plus Ultra","Carrer de l'Avió Plus Ultra","0001","0043"
"122904","01415","C","Ferran","Carrer de Ferran","0001","0061"
"030806","00345","C","Badalona","Carrer de Badalona","0001","0044"
"005004","00050","C","Alba","Carrer de l'Alba","0001","0017"
"289900","03275","C","Josep Roura","Carrer de Josep Roura","0001","0050"
"128004","01464","C","Flors de Maig","Carrer de les Flors de Maig","0001","0015"
"083008","00938","C","Colònia","Carrer de Colònia","0001","0043"
"162705","01841","C","Inst Químic Sarrià","Carrer de l'Institut Químic de Sarrià","0013","0052"
"038706","00433","C","Benedetti","Carrer de Benedetti","0001","0082"
"137446","01566","Est","Est Funic Montjuïc","Estació Funicular Montjuïc","",""
"701588","05919","C","Clara Zetkin","Carrer de Clara Zetkin","0002","0012"
"700643","04972","Ptja","Ptja Nova Mar Bell","Platja de la Nova Mar Bella","0001","0106"
"022502","00251","Ptge","Ptge Arenys","Passatge d'Arenys","0001","0006"
"103309","01168","C","Dr Ribas i Perdigó","Carrer del Doctor Ribas i Perdigó","0001","0010"
"356905","04026","Pg","Pg Verdum","Passeig de Verdum","0001","0057"
"296600","03346","C","Sant Antoni Abat","Carrer de Sant Antoni Abat","0001","0063"
"160302","01813","Ptge","Ptge Iglésias","Passatge d'Iglésias","0001","0023"
"209401","02367","Pl","Pl Mercè","Plaça de la Mercè","0001","0004"
"701630","05961","Plta","Plta Anna Murià","Placeta d'Anna Murià","0001","0004"
"259002","02930","C","Pla dels Cirerers","Carrer del Pla dels Cirerers","0001","0042"
"289706","03272","C","Rosic","Carrer d'en Rosic","0001","0007"
"369102","04161","C","Amnistia Internaci","Carrer de l'Amnistia Internacional","0001","0020"
"161203","01822","Ptge","Ptge Independència","Passatge de la Independència","0001","0030"
"700706","05034","C","Muga","Carrer de la Muga","0001","0011"
"310507","03487","Av","Av St Ramon Nonat","Avinguda de Sant Ramon Nonat","0001","0040"
"700705","05033","Pl","Pl Palestina","Plaça de Palestina","0001","0007"
"701126","05452","C","SN(Sta Coloma Nus","Carrer Sense Nom (Pg Santa Coloma Nus Trinitat)","0001","0007"
"337900","03793","Ptge","Ptge Tona","Passatge de Tona","0001","0018"
"058408","00639","C","Camprodon","Carrer de Camprodon","0001","0036"
"162501","01837","C","Lliri","Carrer del Lliri","0001","0009"
"052208","00573","C","Buscarons","Carrer de Buscarons","0001","0026"
"042259","00468","Ptge","Ptge Bigai","Passatge de Bigai","0001","0006"
"257109","02911","C","Pintor Pradilla","Carrer del Pintor Pradilla","0001","0040"
"151403","01717","C","Guarda Anton","Carrer del Guarda Anton","0001","0023"
"058306","00638","C","Campreciós","Carrer de Campreciós","0001","0041"
"346901","03895","C","Trompetes","Carrer de les Trompetes","0001","0006"
"701620","05951","Ptge","Ptge M de Andrés","Passatge de Montserrat de Andrés","0001","0015"
"074608","00833","C","Catània","Carrer de Catània","0001","0011"
"701724","06056","Plta","Plta Miquel Pallés","Placeta de Miquel Pallés","0001","0001"
"205105","02319","Ctra","Ctra Mataró","Carretera de Mataró","0001","0010"
"069175","00766","C","Cartoixa","Carrer de la Cartoixa","0001","0002"
"227505","02565","Pl","Pl Neptú","Plaça de Neptú","0001","0001"
"700727","05055","Jard","Jard Indústria","Jardins de la Indústria","",""
"701791","06124","Camí","Camí Edmund Hillar","Camí d'Edmund Hillary","",""
"542524","04331","Moll","Moll Lepant","Moll de Lepant","0001","0001"
"701968","06301","Pl","Pl Trobada","Plaça Trobada","",""
"701910","06243","Jard","Jard Mercè Climent","Jardins de Mercè Climent i Pascual","",""
"701059","05384","Jard","Jard Juan Ponce","Jardins de Juan Ponce","",""
"701599","05930","Jard","Jard Ada Byron","Jardins d'Ada Byron","",""
"701277","05604","Jard","Jard J. M. Sostres","Jardins de Josep M. Sostres","",""
"701815","06148","Parc","Parc Can Rigal","Parc de Can Rigal","",""
"231604","02615","C","Eduard Fontserè","Carrer d'Eduard Fontserè","0001","0021"
"299200","03373","C","Sant Cugat Vallès","Carrer de Sant Cugat del Vallès","0001","0064"
"110304","01253","C","Enric Granados","Carrer d'Enric Granados","0001","0159"
"341103","03830","C","Torrent Vidalet","Carrer del Torrent d'en Vidalet","0001","0092"
"055603","00610","C","Calvet","Carrer de Calvet","0001","0090"
"701564","05894","C","Lligabosc","Carrer del Lligabosc","0001","0041"
"349003","03924","Pl","Pl Unió","Plaça de la Unió","0001","0025"
"354003","03998","Ctra","Ctra Vallv a Barna","Carretera de Vallvidrera a Barcelona","0001","0076"
"060705","00677","C","Cànoves","Carrer de Cànoves","0001","0139"
"176506","02012","C","Lanzarote","Carrer de Lanzarote","0001","0047"
"087406","00981","C","Felícia Fuster","Carrer de Felícia Fuster i Viladecans","0001","0088"
"317700","03563","C","Santa Matilde","Carrer de Santa Matilde","0001","0045"
"700060","04402","Ptge","Ptge Tossa","Passatge de Tossa","0001","0018"
"064604","00722","Ptge","Ptge Cardedeu","Passatge de Cardedeu","0001","0043"
"259308","02933","Bda","Bda Plana","Baixada de la Plana","0001","0054"
"002709","00028","C","Afores","Carrer dels Afores","0002","0056"
"701361","05688","C","Naus Maquinista","Carrer de les Naus de La Maquinista","0001","0016"
"113506","01295","C","Escultors Claperós","Carrer dels Escultors Claperós","0001","0093"
"700667","04995","C","Jaume Vicens Vives","Carrer de Jaume Vicens i Vives","0001","0015"
"232800","02627","C","Bisbe Sivilla","Carrer del Bisbe Sivilla","0001","0052"
"008104","00083","C","A de Torrelles","Carrer d'Alexandre de Torrelles","0001","0045"
"175503","01997","Ptge","Ptge Klein","Passatge de Klein","0001","0032"
"296406","03344","Pg","Pg Sant Antoni","Passeig de Sant Antoni","0001","0057"
"266551","03019","Ptge","Ptge Prim","Passatge de Prim","0001","0030"
"701268","05595","Rda","Rda Dalt(Llobregat","Ronda de Dalt (Llobregat)","",""
"149809","01698","C","Grau","Carrer de Grau","0001","0120"
"243501","02747","C","Panissars","Carrer de Panissars","0001","0176"
"701684","06016","C","Hipàtia d'Alexandr","Carrer d'Hipàtia d'Alexandria","0001","0008"
"044902","00499","C","Bonaplata","Carrer de Bonaplata","0001","0067"
"701881","06214","C","Gretel Ammann","Carrer de Gretel Ammann Martínez","0001","0022"
"039607","00441","C","Berenguer Mallol","Carrer de Berenguer Mallol","0001","0020"
"700649","04977","Pl","Pl C Pi i Sunyer","Plaça de Carles Pi i Sunyer","0008","0010"
"301200","03392","Plta","Plta Sant Francesc","Placeta de Sant Francesc","0001","0006"
"055705","00611","Pl","Pl Calvó","Plaça de Calvó","0001","0004"
"331904","03727","Ptge","Ptge Tasso","Passatge de Tasso","0001","0013"
"144500","01643","C","Eduard Toldrà","Carrer d'Eduard Toldrà","0001","0018"
"060400","00674","Pl","Pl Canonge Rodó","Plaça del Canonge Rodó","0001","0008"
"049407","00545","C","Brosolí","Carrer del Brosolí","0001","0008"
"127806","01463","C","Floristes Rambla","Carrer de les Floristes de la Rambla","0001","0016"
"134109","01529","Pl","Pl Celestí Boada","Plaça de Celestí Boada Salvador","0001","0013"
"060206","00672","Ptge","Ptge Canonge Cuffí","Passatge del Canonge Cuffí","0001","0011"
"207905","02349","Ptge","Ptge Méndez Vigo","Passatge de Méndez Vigo","0001","0010"
"263600","02991","C","Portell","Carrer del Portell","0001","0048"
"095404","01069","Pl","Pl Cucurulla","Plaça de Cucurulla","0001","0001"
"136603","01556","Pl","Pl Font Mulassa","Plaça de la Font de la Mulassa","0001","0013"
"288500","03261","Ptge","Ptge Roserar","Passatge del Roserar","0001","0023"
"700968","05292","Ptge","Ptge Suez","Passatge de Suez","0001","0020"
"032109","00362","C","Baldomer Girona","Carrer de Baldomer Girona","0001","0050"
"189100","02147","C","Mtres Casals Marto","Carrer dels Mestres Casals i Martorell","0001","0027"
"298809","03369","C","Sant Cristòfol","Carrer de Sant Cristòfol","0001","0021"
"364404","04107","C","Vinya Llarga","Carrer de la Vinya Llarga","0001","0020"
"140101","01598","C","García-Mariño","Carrer de García-Mariño","0001","0016"
"374703","04190","C","Número 50","Carrer Número 50 Zona Franca","0001","0027"
"306102","03444","C","Sant Liguori","Carrer de Sant Liguori","0001","0003"
"059003","00660","Ptge","Ptge Canadell","Passatge de Canadell","0001","0019"
"124003","01424","C","Ferran Valentí","Carrer de Ferran Valentí","0001","0026"
"236404","02666","C","Orís","Carrer d'Orís","0001","0015"
"700912","05236","C","Naranjo de Bulnes","Carrer del Naranjo de Bulnes","0001","0012"
"701276","05603","Jard","Jard Carles Barral","Jardins de Carles Barral","",""
"701295","05622","Jard","Jard J Domingo Sán","Jardins de Joaquim Domingo i Sánchez","",""
"701425","05753","Ptge","Ptge Antaviana","Passatge d'Antaviana","",""
"073955","00825","Parc","Parc Cast Oreneta","Parc del Castell de l'Oreneta","",""
"701664","05995","C","Antoni Santiburcio","Carrer d'Antoni Santiburcio","0001","0013"
"701751","06083","Pl","Pl Les Dones Nou B","Plaça de Les Dones de Nou Barris","0001","0004"
"701386","05714","Pl","Pl G Rubió Bellver","Plaça dels Germans Rubió i Bellver","0001","0001"
"053007","00582","C","Cabanyal","Carrer del Cabanyal","0001","0004"
"701969","06302","Pl","Pl Maquis","Plaça del Maquis","",""
"701928","06261","Pl","Pl Francesca Vergé","Plaça de Francesca Vergés Escofet","0001","0009"
"701687","06019","Jard","Jard Sufragistes C","Jardins de les Sufragistes Catalanes","",""
"213170","02409","Jard","Jard Mirador","Jardins del Mirador","",""
"290705","03284","Jard","Jard Rubió i Lluch","Jardins de Rubió i Lluch","",""
"700717","05045","Plta","Plta Pedraforca","Placeta del Pedraforca","",""
"276602","03136","C","Rector Vallfogona","Carrer del Rector de Vallfogona","0001","0012"
"700157","04493","Pl","Pl A Pérez i Moya","Plaça d'Antoni Pérez i Moya","0001","0001"
"702023","06356","Jard","Jard Pepita Pardel","Jardins de Pepita Pardell Terrade","",""
"012305","00131","Ctra","Ctra Alta Roquetes","Carretera Alta de les Roquetes","0034","0339"
"288601","03262","C","Rosales","Carrer de Rosales","0001","0037"
"238206","02691","Ptge","Ptge Paca Soler","Passatge de Paca Soler","0001","0022"
"128208","01467","C","Foc Follet","Carrer del Foc Follet","0001","0113"
"274505","03112","C","Ramon Albó","Carrer de Ramon Albó","0001","0078"
"295709","03337","C","Sant Adrià","Carrer de Sant Adrià","0001","0196"
"157909","01783","C","Hospital","Carrer de l'Hospital","0001","0159"
"031004","00347","C","Badosa","Carrer de Badosa","0001","0047"
"045701","00508","Av","Av Quinze","Avinguda dels Quinze","0001","0074"
"303501","03418","C","Sant Jacint","Carrer de Sant Jacint","0001","0013"
"070800","00790","Ptge","Ptge Casanovas","Passatge de Casanovas","0001","0016"
"121209","01395","C","Feijoo","Carrer de Feijoo","0001","0019"
"255409","02891","C","Pierola","Carrer de Pierola","0001","0024"
"700033","04379","Ptge","Ptge Via Trajana B","Passatge Via Trajana B","0001","0017"
"294207","03321","C","Salvà","Carrer de Salvà","0001","0096"
"243807","02751","Camí","Camí Pantà","Camí del Pantà","0001","0064"
"357103","04028","C","Vergós","Carrer dels Vergós","0001","0067"
"160007","01809","Ctra","Ctra Església","Carretera de l'Església","0001","0108"
"309600","03478","C","Sant Pere Claver","Carrer de Sant Pere Claver","0001","0043"
"700663","04991","C","Rosa Sensat","Carrer de Rosa Sensat","0001","0040"
"267306","03027","C","Príncep de Viana","Carrer del Príncep de Viana","0001","0030"
"041008","00455","C","Bernat Desclot","Carrer de Bernat Desclot","0008","0035"
"180809","02055","C","Lorenzale","Carrer de Lorenzale","0001","0028"
"045304","00504","C","Bonveí","Carrer de Bonveí","0001","0016"
"109804","01245","Av","Av Alzinar","Avinguda de l'Alzinar","0001","0044"
"247502","02810","Ptge","Ptge Patriarca","Passatge del Patriarca","0001","0010"
"230805","02604","C","Mare Déu dels Reis","Carrer de la Mare de Déu dels Reis","0001","0012"
"353500","03985","C","Vallmajor","Carrer de Vallmajor","0001","0040"
"093409","01046","C","Craywinckel","Carrer de Craywinckel","0001","0031"
"299801","03379","C","Sant Eudald","Carrer de Sant Eudald","0001","0065"
"701818","06151","C","27 del BZ","Carrer 27 del BZ","0001","0079"
"701869","06202","C","Irena Sendler","Carrer d'Irena Sendler","0001","0028"
"244708","02761","C","Paradís","Carrer del Paradís","0001","0014"
"316106","03546","Pl","Pl Raspall","Plaça del Raspall","0001","0002"
"202402","02295","Pl","Pl Masadas","Plaça de Masadas","0001","0007"
"700752","05078","Parc","Parc Carles I","Parc de Carles I","",""
"237702","02685","Pl","Pl R Campalans","Plaça de Rafael Campalans","0001","0004"
"181903","02066","Ptge","Ptge Lugo","Passatge de Lugo","0001","0028"
"008400","00086","C","Alfarràs","Carrer d'Alfarràs","0001","0045"
"218107","02464","C","Turó de Monterols","Carrer del Turó de Monterols","0001","0017"
"000805","00009","C","Abd el-Kader","Carrer d'Abd el-Kader","0001","0019"
"273309","03098","C","Rabí Rubèn","Carrer del Rabí Rubèn","0001","0041"
"158901","01795","Pl","Pl Osca","Plaça d'Osca","0001","0012"
"262302","02977","C","Pons i Serra","Carrer de Pons i Serra","0001","0010"
"184901","02095","T","T Lligalbé","Torrent de Lligalbé","0002","0019"
"700984","05309","C","Apel·les Fenosa","Carrer d'Apel·les Fenosa","0001","0011"
"100504","01128","C","Apel·les Mestres","Carrer d'Apel·les Mestres","0009","0025"
"700092","04434","Ptge","Ptge Pruit","Passatge de Pruit","0001","0011"
"300401","03385","Pl","Pl Sant Felip Neri","Plaça de Sant Felip Neri","0001","0006"
"701211","05538","Pl","Pl Frederic Marès","Plaça de Frederic Marès","0001","0005"
"048153","00533","Gal","Gal Bulevard Antiq","Galeria Bulevard dels Antiquaris - Boulevard Rosa","",""
"701298","05625","Jard","Jard Font Ocellets","Jardins de la Font dels Ocellets","",""
"700712","05040","Esc","Esc Can Besora","Escales de Can Besora","",""
"701592","05923","Jard","Jard Anaïs Napoleo","Jardins d'Anaïs Napoleon","",""
"701607","05938","Pl","Pl Rom Cremat","Plaça del Rom Cremat","0001","0001"
"700930","05254","Pl","Pl John Lennon","Plaça de John Lennon","0001","0002"
"700710","05038","Esc","Esc Polvorí","Escales del Polvorí","0001","0001"
"701370","05697","Jrdi","Jrdi Joan Llarch","Jardí de Joan Llarch","",""
"701929","06262","Pl","Pl Valerie Powles","Plaça de Valerie Powles","0001","0002"
"701903","06236","Jard","Jard Antònia Adroh","Jardins d'Antònia Adroher i Pascual","",""
"701958","06291","Pl","Pl SN (Tremp-Calaf","Plaça SN (Tremp-Calafell)","0001","0004"
"133900","01527","Pl","Pl Fra Eloi Bianya","Plaça de Fra Eloi de Bianya","0001","0001"
"701329","05656","Jard","Jard R Luxemburg","Jardins de Rosa Luxemburg","",""
"702005","06338","Pl","Pl Bassa de Torre ","Plaça de la Bassa de Torre Baró","0001","0001"
"702002","06335","Pl","Pl 25 de Novembre","Plaça del 25 de Novembre","0001","0006"
"361202","04074","C","Viladecavalls","Carrer de Viladecavalls","0001","0101"
"234908","02650","C","Olot","Carrer d'Olot","0001","0024"
"188200","02135","C","Mestre Dalmau","Carrer del Mestre Dalmau","0001","0030"
"268105","03039","C","Providència","Carrer de la Providència","0001","0184"
"220404","02489","C","Montse Casanovas","Carrer de Montserrat de Casanovas","0001","0233"
"244005","02755","C","Pantomima","Carrer de la Pantomima","0001","0009"
"179107","02035","Pl","Pl Llibertat","Plaça de la Llibertat","0001","0027"
"112605","01282","Rier","Rier Escuder","Riera d'Escuder","0006","0060"
"365804","04122","Pl","Pl Mare Déu Pau","Plaça de la Mare de Déu de la Pau","0001","0018"
"234001","02641","Pg","Pg Olímpic","Passeig Olímpic","0001","0020"
"293000","03309","C","Sagunt","Carrer de Sagunt","0001","0117"
"113302","01292","C","Escultor Llimona","Carrer de l'Escultor Llimona","0001","0054"
"251805","02856","C","Peníscola","Carrer de Peníscola","0001","0051"
"261150","02959","C","Boix","Carrer del Boix","0001","0014"
"289852","03274","C","Rosselló i Porcel","Carrer de Rosselló i Porcel","0001","0021"
"060603","00676","C","Canovelles","Carrer de Canovelles","0001","0032"
"357602","04032","Pg","Pg Verneda","Passeig de la Verneda","0049","0266"
"243206","02744","C","Pamplona","Carrer de Pamplona","0018","0133"
"700053","04396","Camí","Camí Mig Can Balas","Camí Mig de Can Balasch","0001","0037"
"091709","01026","C","Corral","Carrer del Corral","0001","0042"
"101303","01138","C","Doctor Cadevall","Carrer del Doctor Cadevall","0001","0061"
"700741","05068","Camí","Camí Savina","Camí de la Savina","0001","0044"
"286901","03245","C","Roís de Corella","Carrer de Roís de Corella","0001","0016"
"210105","02376","C","Messina","Carrer de Messina","0001","0024"
"314406","03529","Ctra","Ctra S Creu Sarrià","Carretera de Santa Creu d'Olorda a Sarrià","0001","0530"
"219609","02479","C","Mont-ral","Carrer de Mont-ral","0002","0067"
"120909","01392","C","Alexandre Galí","Carrer d'Alexandre Galí","0001","0070"
"105552","01192","C","Dragó","Carrer del Dragó","0001","0034"
"287303","03248","C","Roma","Carrer de Roma","0001","0032"
"057008","00624","Ptge","Ptge Caminal","Passatge del Caminal","0001","0026"
"193108","02185","Pg","Pg Manuel Girona","Passeig de Manuel Girona","0001","0088"
"700170","04504","Camí","Camí Can Llavallol","Camí de Can Llavallol","0002","0062"
"150105","01701","C","Graus","Carrer de Graus","0001","0019"
"175809","02002","C","Lafont","Carrer de Lafont","0001","0034"
"321809","03611","C","Segimon","Carrer de Segimon","0001","0027"
"068401","00758","C","Carreras i Candi","Carrer de Carreras i Candi","0001","0115"
"022706","00254","C","Argenter","Carrer de l'Argenter","0001","0022"
"006506","00065","C","Alcalde Miralles","Carrer de l'Alcalde Miralles","0001","0036"
"184479","02090","Est","Est Funic Tibida 2","Estació Funicular Tibidabo 2","",""
"280905","03183","C","Rialb","Carrer de Rialb","0004","0016"
"701719","06051","Pl","Pl Carmen Laforet","Plaça de Carmen Laforet","0001","0011"
"303104","03412","C","Sant Honorat","Carrer de Sant Honorat","0001","0013"
"700173","04507","Ptja","Ptja Mar Bella","Platja de la Mar Bella","0001","0104"
"311204","03495","C","Sant Simplici","Carrer de Sant Simplici","0001","0006"
"108608","01228","Ptge","Ptge Elisabets","Passatge d'Elisabets","0001","0017"
"282605","03201","C","Riereta","Carrer de la Riereta","0001","0037"
"182305","02070","C","Louis Braille","Carrer de Louis Braille","0002","0005"
"291107","03289","C","Rull","Carrer d'en Rull","0001","0014"
"170000","01936","C","Josep Garí","Carrer de Josep Garí","0001","0014"
"104505","01181","Ptge","Ptge Domingo","Passatge de Domingo","0001","0014"
"700830","05155","C","Arquitecte Moragas","Carrer de l'Arquitecte Moragas","0001","0031"
"103808","01173","Pl","Pl Doctor Serrat","Plaça del Doctor Serrat","0001","0004"
"242702","02739","C","Palou","Carrer de Palou","0001","0035"
"169205","01927","C","José de Agulló","Carrer de José de Agulló","0001","0026"
"076206","00855","C","Centre","Carrer del Centre","0001","0025"
"189304","02149","Ptge","Ptge Magarola","Passatge de Magarola","0001","0008"
"002210","00024","Av","Av Adrià Gual","Avinguda d'Adrià Gual","0038","0069"
"701503","05832","Pl","Pl Juliana Morell","Plaça de Juliana Morell","0001","0007"
"052106","00572","Ptge","Ptge Burrull","Passatge de Burrull","0001","0010"
"266008","03013","C","Prats de Rei","Carrer dels Prats de Rei","0001","0015"
"061606","00686","C","Canyelles","Carrer de Canyelles","0001","0006"
"081501","00920","C","Clavell","Carrer del Clavell","0001","0006"
"700069","04412","C","SN(Pujades Llatzar","Carrer Sense Nom (Pujades Llatzaret)","0001","0011"
"116140","01325","C","Estació del Morrot","Carrer Estació del Morrot","0001","0003"
"701418","05746","Jard","Jard F Puigserver","Jardins de Fabià Puigserver","",""
"701662","05993","Parc","Parc C Poblenou","Parc del Centre del Poblenou","",""
"025908","00288","Pl","Pl Traginers","Plaça dels Traginers","0001","0008"
"013603","00145","C","Amer","Carrer d'Amer","0002","0008"
"032506","00366","Ptge","Ptge Baliarda","Passatge de Baliarda","0001","0013"
"701822","06155","Jrdi","Jrdi Salvador Esca","Jardí de Salvador Escamilla","",""
"701398","05726","Jrdi","Jrdi J Raspall","Jardí de Joaquima Raspall","",""
"701707","06039","Jard","Jard M Martí i Pol","Jardins de Miquel Martí i Pol","",""
"700889","05213","Jard","Jard Can Cuiàs","Jardins de Can Cuiàs","",""
"700042","04387","Moll","Moll Zona Sud","Moll de la Zona Sud","",""
"211050","02386","C","Miquel Ferrà","Carrer de Miquel Ferrà","0001","0006"
"700739","05066","Jard","Jard S Espriu","Jardins de Salvador Espriu","",""
"701738","06070","Camí","Camí Font Muguera","Camí de la Font Muguera","",""
"062450","00696","C","Capella C Caralleu","Carrer de la Capella de Can Caralleu","0001","0028"
"156407","01769","C","Homer","Carrer d'Homer","0002","0063"
"111307","01264","C","Ermengarda","Carrer d'Ermengarda","0001","0042"
"016907","00186","C","Anglí","Carrer d'Anglí","0001","0126"
"340406","03824","C","Torrent Flors","Carrer del Torrent de les Flors","0001","0178"
"267805","03033","C","Progrés","Carrer del Progrés","0001","0048"
"031300","00350","C","Bailèn","Carrer de Bailèn","0001","0244"
"188403","02137","C","Manuel de Falla","Carrer de Manuel de Falla","0001","0042"
"182509","02072","C","Lluís Dalmau","Carrer de Lluís Dalmau","0001","0080"
"275600","03126","Av","Av Rasos Peguera","Avinguda dels Rasos de Peguera","0001","0242"
"162909","01843","C","Iradier","Carrer d'Iradier","0001","0072"
"112751","01284","C","Codonyer","Carrer del Codonyer","0001","0010"
"301608","03396","C","Sant Fructuós","Carrer de Sant Fructuós","0001","0143"
"162400","01836","C","Immaculada","Carrer de la Immaculada","0001","0070"
"159700","01805","C","Ifni","Carrer d'Ifni","0001","0016"
"178909","02034","C","Llibertat","Carrer de la Llibertat","0001","0060"
"304504","03429","Pl","Pl Sant Josep","Plaça de Sant Josep","0001","0019"
"088001","00987","C","Comtes Bell-lloc","Carrer dels Comtes de Bell-lloc","0041","0216"
"007203","00073","C","Alcántara","Carrer d'Alcántara","0001","0071"
"072602","00809","C","Castelldefels","Carrer de Castelldefels","0001","0098"
"322404","03617","C","Selva","Carrer de Selva","0001","0066"
"007407","00076","C","Alcolea","Carrer d'Alcolea","0001","0167"
"351800","03958","C","Germans Desvalls","Carrer dels Germans Desvalls","0001","0060"
"099507","01117","C","Paletes","Carrer dels Paletes","0001","0013"
"286209","03238","C","Rodrigo Caro","Carrer de Rodrigo Caro","0001","0074"
"700907","05231","C","General Batet","Carrer del General Batet","0001","0012"
"303002","03411","C","Sant Hipòlit","Carrer de Sant Hipòlit","0001","0067"
"185303","02102","Ptge","Ptge Llívia","Passatge de Llívia","0001","0084"
"165805","01877","C","Jaume Piquet","Carrer de Jaume Piquet","0001","0044"
"055501","00609","Pg","Pg Calvell","Passeig de Calvell","0001","0065"
"325912","03655","Ptge","Ptge Tèxtil","Passatge del Tèxtil","0001","0038"
"299007","03372","Camí","Camí Sant Cugat","Camí de Sant Cugat","0001","0102"
"152304","01728","C","Guillem de Llúria","Carrer de Guillem de Llúria","0001","0021"
"129459","01478","C","Font Honrada","Carrer de la Font Honrada","0001","0050"
"063703","00711","C","Caravel·la La Niña","Carrer de la Caravel·la La Niña","0001","0025"
"105905","01196","C","Duero","Carrer del Duero","0001","0072"
"356009","04016","C","Venècia","Carrer de Venècia","0001","0049"
"240605","02715","Ptge","Ptge Palau","Passatge de Palau","0001","0008"
"701650","05981","C","Josefa Rosich","Carrer de Josefa Rosich","0001","0010"
"058500","00640","C","Camps i Fabrés","Carrer de Camps i Fabrés","0001","0015"
"241700","02728","C","Palerm","Carrer de Palerm","0001","0023"
"701845","06178","C","Neus Bouza Gil","Carrer de Neus Bouza Gil","0001","0006"
"001502","00016","C","Séquia","Carrer de la Séquia","0001","0013"
"169001","01924","Ptge","Ptge Jordi Ferran","Passatge de Jordi Ferran","0001","0026"
"700779","05104","Pl","Pl Caramelles","Plaça de les Caramelles","0001","0008"
"148158","01679","Pl","Pl Goya","Plaça de Goya","0001","0001"
"085400","00962","C","Comerç","Carrer del Comerç","0001","0068"
"317200","03558","C","Santa Margarida","Carrer de Santa Margarida","0001","0012"
"025704","00286","C","Penedides","Carrer de les Penedides","0001","0010"
"142355","01621","Pl","Pl Gaudí","Plaça de Gaudí","0001","0008"
"355108","04008","C","Veguer","Carrer del Veguer","0001","0013"
"127409","01459","C","Flors","Carrer de les Flors","0001","0026"
"105508","01191","C","Dosrius","Carrer de Dosrius","0001","0014"
"355200","04009","C","Vehils","Carrer de Vehils","0001","0012"
"206200","02329","Ptge","Ptge Maiol","Passatge de Maiol","0001","0027"
"170204","01938","C","Josep Jover","Carrer de Josep Jover","0001","0020"
"350909","03947","C","Valeta d'Arquer","Carrer de Valeta d'Arquer","0001","0049"
"700762","05088","C","Lluís Solé Sabarís","Carrer de Lluís Solé i Sabarís","0001","0009"
"370203","04172","C","Número 3","Carrer Número 3 Zona Franca","0001","0111"
"315205","03537","Bda","Bda Santa Eulàlia","Baixada de Santa Eulàlia","0001","0004"
"162104","01832","C","Infanta Isabel","Carrer de la Infanta Isabel","0001","0017"
"264002","02995","C","Portugalete","Carrer de Portugalete","0001","0021"
"170601","01943","C","J Millán González","Carrer de José Millán González","0001","0040"
"289604","03271","Pl","Pl Can Rosés","Plaça de Can Rosés","0001","0002"
"167902","01913","Pl","Pl Joaquim Pena","Plaça de Joaquim Pena","0001","0014"
"281704","03192","C","Ricardo Calvo","Carrer de Ricardo Calvo","0001","0025"
"283404","03210","C","Rita Bonnat","Carrer de Rita Bonnat","0001","0013"
"102306","01152","Av","Av Doctor Marañón","Avinguda del Doctor Marañón","0001","0050"
"297103","03351","C","Sant Baltasar","Carrer de Sant Baltasar","0001","0031"
"700655","04983","C","Arnold Schönberg","Carrer d'Arnold Schönberg","0001","0008"
"101959","01146","C","Perera","Carrer de la Perera","0001","0023"
"116504","01339","C","Pere Sala","Carrer de Pere Sala","0001","0006"
"273003","03096","C","Quito","Carrer de Quito","0001","0037"
"242804","02740","C","Pals","Carrer de Pals","0001","0006"
"075305","00840","C","Celrà","Carrer de Celrà","0001","0012"
"701252","05579","Pl","Pl Vidriera","Plaça de la Vidriera","0001","0002"
"065301","00727","C","Cardenal Sentmenat","Carrer del Cardenal Sentmenat","0001","0043"
"700691","05019","Pg","Pg Don Quixot","Passeig de Don Quixot","",""
"701706","06038","Jard","Jard M. Lluïsa Alg","Jardins de M. Lluïsa Algarra","",""
"701790","06123","Ptge","Ptge Josep Mula","Passatge de Josep Mula","0001","0004"
"701761","06093","C","SN (Rbla Poblenou ","Carrer Sense Nom (Rbla Poblenou Malta)","0002","0006"
"187150","02123","Pl","Pl M Nazaria March","Plaça de la Mare Nazaria March","0001","0001"
"701453","05781","Jard","Jard M Mercè Marça","Jardins de Maria Mercè Marçal","",""
"701245","05572","Ptge","Ptge Maria Vila","Passatge de Maria Vila","",""
"701976","06309","Pl","Pl Ònia Farga","Plaça d'Ònia Farga i Pellicer","",""
"701160","05486","Jard","Jard Baix Guinardó","Jardins del Baix Guinardó","",""
"702000","06333","Pl","Pl Fotògrafs Catal","Plaça dels Fotògrafs Català","0001","0007"
"334902","03760","C","Terol","Carrer de Terol","0001","0055"
"161407","01825","C","Indústria","Carrer de la Indústria","0001","0388"
"315103","03536","C","Santa Eugènia","Carrer de Santa Eugènia","0001","0029"
"141501","01612","C","Garrofers","Carrer dels Garrofers","0022","0073"
"231502","02613","C","Numància","Carrer de Numància","0001","0215"
"307808","03460","C","Sant Miquel","Carrer de Sant Miquel","0001","0137"
"135203","01541","C","Foc","Carrer del Foc","0001","0170"
"008705","00089","C","Alfons el Magnànim","Carrer d'Alfons el Magnànim","0001","0131"
"246500","02789","C","Mossèn Juliana","Carrer de Mossèn Juliana","0001","0050"
"144601","01644","Av","Av Diagonal","Avinguda Diagonal","0001","0716"
"374102","04188","C","Número 42","Carrer Número 42 Zona Franca","0001","0022"
"312309","03506","C","Sanpere i Miquel","Carrer de Sanpere i Miquel","0001","0039"
"042703","00473","Ptge","Ptge Bismarck","Passatge de Bismarck","0001","0023"
"304005","03423","C","Sant Joaquim","Carrer de Sant Joaquim","0001","0048"
"018254","00208","C","Antonio Machado","Carrer d'Antonio Machado","0001","0043"
"233508","02636","C","Ojeda","Carrer d'Ojeda","0001","0012"
"310904","03492","C","Sant Sebastià","Carrer de Sant Sebastià","0001","0079"
"237600","02684","C","Pau Alcover","Carrer de Pau Alcover","0001","0094"
"071905","00799","C","Castanys","Carrer de Castanys","0001","0035"
"225601","02546","C","Narbona","Carrer de Narbona","0001","0014"
"113200","01291","C","Enric Clarasó","Carrer d'Enric Clarasó","0001","0027"
"287868","03255","Ptge","Ptge Gatell","Passatge del Gatell","0001","0009"
"256004","02897","C","Pi","Carrer del Pi","0001","0016"
"000180","00002","C","A Zona Franca","Carrer A Zona Franca","0001","0119"
"008603","00088","C","Costa i Cuxart","Carrer de Costa i Cuxart","0001","0037"
"294003","03319","C","Salou","Carrer de Salou","0001","0037"
"187579","02127","C","Maduixer","Carrer del Maduixer","0001","0047"
"293102","03310","C","Sal","Carrer de la Sal","0001","0022"
"701819","06152","C","28 del BZ","Carrer 28 del BZ","0033","0080"
"701382","05710","Av","Av Número 2","Avinguda Número 2","0001","0013"
"701434","05762","Rda","Rda Mig (Descend)","Ronda del Mig (Descendent)","",""
"701694","06026","C","Cal Cisó","Carrer de Cal Cisó","0016","0088"
"260103","02945","C","Argenteria","Carrer de l'Argenteria","0002","0078"
"227108","02561","C","Negrevernís","Carrer de Negrevernís","0001","0032"
"185405","02103","C","Llobet","Carrer de Llobet","0001","0016"
"261208","02960","C","Poeta Masifern","Carrer del Poeta Masifern","0001","0014"
"199206","02254","C","Marquès de la Mina","Carrer del Marquès de la Mina","0001","0021"
"047401","00526","Ptge","Ptge Bosch Labrús","Passatge de Bosch i Labrús","0001","0022"
"305700","03440","Pl","Pl Sant Just","Plaça de Sant Just","0001","0006"
"199501","02257","C","Marquès Quadra","Carrer del Marquès de la Quadra","0001","0011"
"047809","00531","C","Boters","Carrer dels Boters","0001","0023"
"121275","01396","C","Feixa Llarga","Carrer de la Feixa Llarga","0001","0021"
"107707","01217","C","Egipcíaques","Carrer de les Egipcíaques","0001","0035"
"125301","01437","Pl","Pl Figuerola","Plaça de Figuerola","0001","0005"
"017320","00191","C","Anselm Turmeda","Carrer d'Anselm Turmeda","0001","0016"
"017466","00194","Ctra","Ctra Antiga Horta","Carretera Antiga d'Horta","0001","0009"
"003905","00040","C","Aguilar","Carrer d'Aguilar","0001","0054"
"130709","01493","C","Fontcoberta","Carrer de Fontcoberta","0001","0035"
"191805","02172","C","Manelic","Carrer d'en Manelic","0001","0013"
"047558","00528","Pl","Pl Boston","Plaça de Boston","0001","0001"
"700085","04427","C","Ll Nicolau d'Olwer","Carrer de Lluís Nicolau i d'Olwer","0001","0007"
"328900","03696","C","Suïssa","Carrer de Suïssa","0001","0015"
"097603","01096","C","Damià Forment","Carrer de Damià Forment","0001","0010"
"288000","03257","Ptge","Ptge Ros","Passatge de Ros","0001","0016"
"108856","01232","C","Emèrita Augusta","Carrer d'Emèrita Augusta","0001","0014"
"147406","01672","Bda","Bda Gomis","Baixada de Gomis","0001","0003"
"142209","01619","C","Gatuelles","Carrer de Gatuelles","0001","0009"
"701729","06061","Jard","Jard Llucmajor","Jardins de Llucmajor","",""
"701247","05574","Pl","Pl Mn M Vall Mundó","Plaça de Mossèn Miquel Vall i Mundó","0001","0001"
"701561","05891","Pl","Pl Charles Darwin","Plaça de Charles Darwin","0001","0004"
"701345","05672","Parc","Parc Vall d'Hebron","Parc de la Vall d'Hebron","",""
"700019","04368","Jard","Jard Elisard Sala","Jardins d'Elisard Sala","",""
"700990","05315","Jard","Jard Joan Vinyoli","Jardins de Joan Vinyoli","",""
"701142","05468","Pl","Pl T Claramunt","Plaça de Teresa Claramunt","0001","0001"
"701598","05929","Jard","Jard C Miralletes","Jardins de Can Miralletes","",""
"701273","05600","Pl","Pl Hilari Salvadó","Plaça d'Hilari Salvadó","0001","0003"
"701689","06021","C","Paulo Freire","Carrer de Paulo Freire","0001","0002"
"700142","04480","Pl","Pl Torre Llobeta","Plaça de la Torre Llobeta","0001","0001"
"004125","00043","C","A Duran i Sanpere","Carrer d'Agustí Duran i Sanpere","0001","0010"
"270300","03067","C","Puiggener","Carrer de Puiggener","0001","0007"
"701251","05578","Pl","Pl Jean Genet","Plaça de Jean Genet","0001","0001"
"701348","05675","Parc","Parc C Nou Barris","Parc Central de Nou Barris","",""
"701792","06125","Camí","Camí Tenzing Norga","Camí de Tenzing Norgay","",""
"701745","06077","Camí","Camí Can Ferrer","Camí de Can Ferrer","",""
"701710","06042","Jard","Jard A López Ayala","Jardins d'Ángeles López de Ayala","",""
"701853","06186","Ptge","Ptge Maria Canals","Passatge de Maria Canals","",""
"162206","01833","Jard","Jard Magalí","Jardins de Magalí","",""
"701948","06281","Pl","Pl Josep Pons","Plaça de Josep Pons i Mogas","0001","0006"
"700153","04489","Pl","Pl C Cardó Sanjoan","Plaça de Carles Cardó i Sanjoan","",""
"701992","06325","Gal","Gal Argentina Cent","Galeria Argentina Center","",""
"366603","04131","C","Virtut","Carrer de la Virtut","0001","0024"
"369306","04164","C","Saragossa","Carrer de Saragossa","0001","0169"
"290400","03281","C","Rubens","Carrer de Rubens","0001","0060"
"700966","05290","C","Mar Roja","Carrer de la Mar Roja","0021","0080"
"262200","02976","C","Pons i Gallarza","Carrer de Pons i Gallarza","0001","0117"
"086200","00970","C","Concili de Trento","Carrer del Concili de Trento","0001","0344"
"330107","03709","C","Tànger","Carrer de Tànger","0001","0172"
"151200","01715","C","Guadiana","Carrer del Guadiana","0001","0048"
"125607","01440","C","Finestrelles","Carrer de Finestrelles","0001","0080"
"199400","02256","C","Marquès Mulhacén","Carrer del Marquès de Mulhacén","0001","0057"
"349309","03927","Rda","Rda Universitat","Ronda de la Universitat","0001","0037"
"353000","03980","C","Vallfogona","Carrer de Vallfogona","0001","0042"
"701220","05547","Pl","Pl G Mistral","Plaça de Gabriela Mistral","0001","0018"
"235740","02659","C","Orellana","Carrer d'Orellana","0001","0064"
"287802","03254","Ptge","Ptge Ròmul Bosch","Passatge de Ròmul Bosch","0001","0011"
"294105","03320","C","Salses","Carrer de Salses","0001","0126"
"116708","01341","C","Estany","Carrer de l'Estany","0001","0026"
"196401","02223","C","Maria Victòria","Carrer de Maria Victòria","0001","0023"
"701360","05687","C","Trens Maquinista","Carrer dels Trens de La Maquinista","0001","0017"
"100300","01126","Pl","Pl Diamant","Plaça del Diamant","0001","0010"
"700795","05120","Camí","Camí Foixarda","Camí de la Foixarda","0001","0028"
"017579","00200","Camí","Camí Ant València","Camí Antic de València","0001","0116"
"195001","02208","Plta","Plta Marcús","Placeta d'en Marcús","0001","0008"
"344633","03873","C","Traviata","Carrer de la Traviata","0001","0010"
"303308","03414","C","Sant Ildefons","Carrer de Sant Ildefons","0001","0058"
"221950","02509","Pl","Pl Mossèn Clapés","Plaça de Mossèn Clapés","0001","0024"
"200906","02271","C","Marsala","Carrer de Marsala","0001","0010"
"348907","03923","C","Unió","Carrer de la Unió","0001","0034"
"701497","05826","Ctra","Ctra B-10 (Llobre)","Carretera B-10 (Llobregat)","",""
"274902","03117","Pl","Pl Raimon Casellas","Plaça de Raimon Casellas","0001","0008"
"311500","03498","C","Sant Vicenç","Carrer de Sant Vicenç","0001","0039"
"155302","01758","C","Ferreria","Carrer de la Ferreria","0001","0030"
"302305","03402","C","Sant Gil","Carrer de Sant Gil","0001","0025"
"700111","04499","Camí","Camí Cama-sec","Camí del Cama-sec","0001","0028"
"361304","04075","Bda","Bda Viladecols","Baixada de Viladecols","0001","0007"
"701045","05370","C","Josep Estalella","Carrer de Josep Estalella","0001","0004"
"094605","01059","C","Pedró de la Creu","Carrer del Pedró de la Creu","0001","0059"
"239209","02700","C","Pare Laínez","Carrer del Pare Laínez","0001","0057"
"313006","03514","C","Santa Anna","Carrer de Santa Anna","0001","0039"
"048109","00532","C","Bou de Sant Pere","Carrer del Bou de Sant Pere","0001","0024"
"131905","01505","C","Forn de la Fonda","Carrer del Forn de la Fonda","0001","0006"
"292609","03305","Ptge","Ptge Sagristà","Passatge d'en Sagristà","0001","0024"
"701065","05390","C","Cordelles","Carrer de Cordelles","0001","0024"
"301801","03398","C","Sant Gaudenci","Carrer de Sant Gaudenci","0001","0025"
"056005","00614","C","Callao","Carrer del Callao","0001","0023"
"345206","03881","C","Tres Senyores","Carrer de les Tres Senyores","0001","0050"
"289207","03267","C","Rossend Arús","Carrer de Rossend Arús","0001","0082"
"700684","05013","C","Víctor Jara","Carrer de Víctor Jara","0001","0010"
"311601","03499","Pl","Pl S Vicenç Sarrià","Plaça de Sant Vicenç de Sarrià","0001","0011"
"700804","05129","C","Haifa","Carrer de Haifa","0001","0004"
"701248","05575","Ptge","Ptge Llobregat","Passatge del Llobregat","0001","0008"
"348554","03919","C","U Zona Franca","Carrer U Zona Franca","0001","0022"
"314304","03528","C","Santa Creu","Carrer de la Santa Creu","0001","0005"
"055308","00607","C","Calendau","Carrer de Calendau","0001","0013"
"236958","02673","Ptge","Ptge Óssa Major","Passatge de l'Óssa Major","0001","0005"
"295800","03338","C","Sant Agustí","Carrer de Sant Agustí","0001","0016"
"121800","01404","Ptge","Ptge Felipe de Paz","Passatge de Felipe de Paz","0001","0017"
"182407","02071","Ptge","Ptge Lluís Cutchet","Passatge de Lluís Cutchet","0001","0001"
"701643","05974","Pl","Pl Rosa dels Vents","Plaça de la Rosa dels Vents","0001","0011"
"701669","06000","Parc","Parc Joan Reventós","Parc de Joan Reventós","",""
"701210","05537","Jard","Jard M Pedrolo","Jardins de Manuel de Pedrolo","",""
"700202","04531","Ctra","Ctra C-17","Carretera C-17","",""
"701846","06179","Pl","Pl Humberto Rivas","Plaça d'Humberto Rivas","0001","0001"
"278109","03152","C","Reina Elionor","Carrer de la Reina Elionor","0001","0004"
"701395","05723","Pl","Pl M Espinalt Font","Plaça de Maria Espinalt i Font","0001","0001"
"049600","00547","Pl","Pl Brugada","Plaça de Brugada","0001","0003"
"700988","05313","Pl","Pl Manuel Torrente","Plaça de Manuel Torrente","0001","0001"
"701340","05667","Jard","Jard Laribal","Jardins de Laribal","",""
"701974","06307","Parc","Parc Tretze Roses","Parc de les Tretze Roses","",""
"701100","05426","Jard","Jard Dolors Aleu","Jardins de Dolors Aleu","",""
"701873","06206","Pl","Pl Can Basté","Plaça de Can Basté","0001","0001"
"701984","06317","Pl","Pl Josep Fontana","Plaça de Josep Fontana","0001","0002"
"166535","01887","Jard","Jard P Muñoz Seca","Jardins de Pedro Muñoz Seca","",""
"702021","06354","Pl","Pl Anselm Cartañà","Plaça d'Anselm Cartañà","",""
"149106","01691","C","Granja","Carrer de la Granja","0001","0035"
"701311","05638","Pas","Pas Isadora Duncan","Pas d'Isadora Duncan","0061","0100"
"032007","00360","C","Balcells","Carrer de Balcells","0001","0050"
"116402","01336","Av","Av Estadi","Avinguda de l'Estadi","0001","0076"
"043900","00487","C","Bofarull","Carrer dels Bofarull","0001","0069"
"171604","01955","C","Joan Blanques","Carrer de Joan Blanques","0001","0074"
"098107","01102","C","Darnius","Carrer de Darnius","0001","0033"
"354502","04002","C","Varsòvia","Carrer de Varsòvia","0001","0176"
"172403","01963","C","Joan Güell","Carrer de Joan Güell","0001","0254"
"080101","00902","C","Ciutat d'Asunción","Carrer de la Ciutat d'Asunción","0001","0095"
"329709","03705","C","Tallada","Carrer de la Tallada","0002","0046"
"701508","05837","C","Emília Coranty","Carrer d'Emília Coranty","0001","0039"
"092938","01039","C","Costa Brava","Carrer de la Costa Brava","0001","0035"
"300106","03382","C","Sant Frederic","Carrer de Sant Frederic","0001","0060"
"359437","04055","C","Margalló","Carrer del Margalló","0001","0030"
"054305","00595","C","Queixans","Carrer de Queixans","0001","0030"
"092803","01037","C","Pere Costa","Carrer de Pere Costa","0002","0025"
"269403","03058","C","Puerto Príncipe","Carrer de Puerto Príncipe","0001","0091"
"328808","03695","C","Sugranyes","Carrer de Sugranyes","0001","0128"
"178807","02033","C","Leiva","Carrer de Leiva","0001","0096"
"097807","01098","C","Dante Alighieri","Carrer de Dante Alighieri","0001","0183"
"202275","02291","Camí","Camí Font Pins","Camí de la Font dels Pins","0001","0074"
"118500","01360","C","Eusebi Planas","Carrer d'Eusebi Planas","0001","0028"
"363605","04098","C","Villar","Carrer de Villar","0001","0093"
"321707","03610","C","Segarra","Carrer de la Segarra","0001","0018"
"011776","00125","C","Alt","Carrer Alt","0001","0019"
"116300","01335","T","T Estadella","Torrent d'Estadella","0001","0066"
"222603","02517","C","Moianès","Carrer del Moianès","0001","0085"
"115807","01319","C","Estació","Carrer de l'Estació","0001","0028"
"092406","01033","C","Cortines","Carrer d'en Cortines","0001","0029"
"100901","01134","C","Carrasco Formiguer","Carrer de Carrasco i Formiguera","0001","0032"
"283903","03214","C","Riudoms","Carrer de Riudoms","0001","0034"
"122008","01406","Ptge","Ptge Feliu","Passatge de Feliu","0001","0046"
"243909","02752","C","Pantà de Tremp","Carrer del Pantà de Tremp","0001","0076"
"053506","00587","C","Càceres","Carrer de Càceres","0001","0038"
"110600","01256","C","Ensenyança","Carrer de l'Ensenyança","0001","0004"
"368700","04156","C","Xiquets de Valls","Carrer dels Xiquets de Valls","0001","0014"
"042000","00466","C","Besiers","Carrer de Besiers","0001","0014"
"701532","05862","Pl","Pl Tísner","Plaça de Tísner","0001","0008"
"326008","03661","C","Sinaí","Carrer del Sinaí","0001","0018"
"271201","03076","C","Pujalt","Carrer de Pujalt","0001","0008"
"013807","00147","Pl","Pl Amich","Plaça d'Amich","0001","0004"
"169602","01931","C","Josep Bertrand","Carrer de Josep Bertrand","0001","0019"
"063306","00707","C","Caputxes","Carrer de les Caputxes","0001","0010"
"700703","05031","C","Gaià","Carrer del Gaià","0001","0010"
"112900","01288","Ptge","Ptge Escoles","Passatge de les Escoles","0001","0011"
"700910","05234","Pl","Pl Emili Mira","Plaça d'Emili Mira","0001","0008"
"701569","05899","Pl","Pl Prosperitat","Plaça de Prosperitat","0001","0004"
"214401","02423","Pl","Pl Molina","Plaça de Molina","0001","0008"
"126202","01446","C","Física","Carrer de la Física","0001","0018"
"167550","01909","Pl","Pl Joan Llongueras","Plaça de Joan Llongueras","0001","0006"
"030908","00346","C","Badia","Carrer de Badia","0001","0035"
"700112","04452","Pg","Pg Bosc Roquetes","Passeig del Bosc de Roquetes","0001","0024"
"140509","01602","Ptge","Ptge Garcini","Passatge de Garcini","0001","0026"
"271303","03077","C","Pujol","Carrer de Pujol","0001","0033"
"014402","00154","C","Joan Obiols","Carrer de Joan Obiols","0001","0017"
"207701","02347","C","Mendel","Carrer de Mendel","0001","0012"
"237101","02675","C","Osona","Carrer d'Osona","0001","0015"
"025205","00281","C","Arquit Martorell","Carrer de l'Arquitecte Martorell","0001","0005"
"701078","05404","Pl","Pl Martí Llauradó","Plaça de Martí Llauradó","0001","0003"
"171207","01950","C","Joan Alcover","Carrer de Joan Alcover","0001","0017"
"117405","01348","C","Estel","Carrer de l'Estel","0001","0004"
"701635","05966","Camí","Camí Cel Tibidabo","Camí del Cel del Tibidabo","0001","0010"
"700898","05222","C","Bràfim","Carrer de Bràfim","",""
"701642","05973","Pl","Pl Joan Fiveller","Plaça de Joan Fiveller","0001","0001"
"540074","04316","Moll","Moll Adossat","Moll Adossat","0001","0240"
"097705","01097","Pl","Pl Dante","Plaça de Dante","",""
"701879","06212","Plta","Plta Angelina Alòs","Placeta d'Angelina Alòs i Tormo","",""
"701363","05690","Jard","Jard C Maquinista","Jardins de la Campana de La Maquinista","",""
"701950","06283","Jard","Jard Margaret Mich","Jardins de Margaret Michaelis","",""
"701529","05859","Plta","Plta Joan Brossa","Placeta de Joan Brossa","",""
"701004","05329","Jard","Jard B Selva Henry","Jardins de Blanca Selva i Henry","",""
"246237","02776","Parc","Parc F Budellera","Parc Forestal de la Budellera","",""
"701621","05952","Jard","Jard Carme Biada","Jardins de Carme Biada","",""
"701280","05607","Jard","Jard J Gil Biedma","Jardins de Jaime Gil de Biedma","",""
"701995","06328","Gal","Gal Nou Boulevard","Galeria Nou Boulevard","",""
"702024","06357","Jard","Jard Rodrigo Caro","Jardins de Rodrigo Caro","",""
"226604","02556","C","Natzaret","Carrer de Natzaret","0001","0133"
"140407","01601","C","Garcilaso","Carrer de Garcilaso","0001","0245"
"115206","01313","C","Espinoi","Carrer d'Espinoi","0001","0018"
"040402","00449","C","Berlinès","Carrer del Berlinès","0001","0052"
"282401","03199","C","Riera Sant Miquel","Carrer de la Riera de Sant Miquel","0001","0079"
"165102","01867","C","Jaume Càncer","Carrer de Jaume Càncer","0015","0046"
"058000","00635","C","Camp d'en Vidal","Carrer del Camp d'en Vidal","0001","0020"
"700021","04370","Pg","Pg Andreu Nin","Passeig d'Andreu Nin","0001","0076"
"295403","03334","C","Sant Iscle","Carrer de Sant Iscle","0001","0088"
"225500","02545","C","Nàpols","Carrer de Nàpols","0001","0363"
"010208","00107","C","Almenara Alta","Carrer d'Almenara Alta","0001","0018"
"255500","02892","C","Piferrer","Carrer de Piferrer","0091","0164"
"266405","03017","Rbla","Rbla Prim","Rambla de Prim","0006","0302"
"095007","01065","C","Quatre Camins","Carrer dels Quatre Camins","0001","0103"
"245405","02770","C","Parellada","Carrer de Parellada","0001","0049"
"279101","03161","C","Renaixença","Carrer de la Renaixença","0001","0085"
"018403","00210","C","Antonio Ricardos","Carrer d'Antonio Ricardos","0001","0020"
"207600","02346","T","T Melis","Torrent de Melis","0001","0025"
"307003","03452","C","Sant Màrius","Carrer de Sant Màrius","0001","0059"
"108109","01222","C","Elisenda de Pinós","Carrer d'Elisenda de Pinós","0001","0026"
"257142","02912","C","Pintor Ribalta","Carrer del Pintor Ribalta","0001","0025"
"164507","01861","C","Jacquard","Carrer de Jacquard","0001","0040"
"217953","02461","Ptge","Ptge Mont Pietat","Passatge del Mont de Pietat","0001","0004"
"042500","00471","C","Bisbal","Carrer de la Bisbal","0001","0056"
"166502","01884","Pl","Pl Jardins Alfàbia","Plaça dels Jardins d'Alfàbia","0001","0024"
"315602","03541","Pl","Pl Santa Eulàlia","Plaça de Santa Eulàlia","0001","0016"
"701046","05371","Pl","Pl Fernando Ríos","Plaça de Fernando de los Ríos","0001","0008"
"351402","03952","Av","Av Vallbona","Avinguda de Vallbona","0001","0131"
"149707","01697","C","Gratallops","Carrer de Gratallops","0001","0046"
"356202","04018","C","Veneçuela","Carrer de Veneçuela","0001","0173"
"701612","05943","Pl","Pl Fòrum","Plaça del Fòrum","0001","0008"
"253800","02874","C","Perpinyà","Carrer de Perpinyà","0004","0049"
"701179","05506","C","Solsticis","Carrer dels Solsticis","0001","0008"
"165500","01872","C","Jaume Giralt","Carrer de Jaume Giralt","0001","0059"
"107208","01212","C","Edison","Carrer d'Edison","0001","0030"
"700673","05001","C","Hèlsinki","Carrer d'Hèlsinki","0001","0039"
"025806","00287","Ptge","Ptge Arriassa","Passatge d'Arriassa","0001","0010"
"186951","02119","C","M Zona Franca","Carrer M Zona Franca","0001","0012"
"701541","05871","Ptge","Ptge Madrona Prat","Passatge de Madrona Prat","0001","0037"
"174103","01980","C","Julià","Carrer de Julià","0001","0035"
"145604","01654","C","Gimbernat","Carrer dels Gimbernat","0001","0014"
"310802","03490","C","Sant Salvador","Carrer de Sant Salvador","0001","0159"
"245303","02769","C","Paredes","Carrer de Paredes","0001","0022"
"700163","04497","Camí","Camí Ciureny","Camí del Ciureny","0001","0013"
"302000","03400","Pg","Pg Sant Gervasi","Passeig de Sant Gervasi","0001","0091"
"700707","05035","Pl","Pl Roja Ciutat Mer","Plaça Roja de la Ciutat Meridiana","0001","0001"
"701902","06235","Plta","Plta Montse Riera","Placeta de Montserrat Riera Moreno","",""
"701258","05585","Pl","Pl Creu Roja","Plaça de la Creu Roja","0001","0001"
"700954","05278","Ptge","Ptge La Canadenca","Passatge de La Canadenca","0001","0010"
"137005","01562","Pl","Pl Carles Buïgas","Plaça de Carles Buïgas","0001","0008"
"033258","00374","C","Baltasar Samper","Carrer de Baltasar Samper","0001","0004"
"345501","03883","C","Triangle","Carrer del Triangle","0001","0008"
"308800","03470","C","Sant Pacià","Carrer de Sant Pacià","0001","0025"
"323407","03629","C","Serra","Carrer d'en Serra","0001","0024"
"214300","02422","C","Moles","Carrer de les Moles","0001","0038"
"701629","05960","C","Isaac Newton","Carrer d'Isaac Newton","0001","0052"
"074404","00831","Pl","Pl Catalunya","Plaça de Catalunya","0001","0023"
"700090","04432","C","Lluís Pericot","Carrer de Lluís Pericot","0001","0012"
"083700","00946","Ptge","Ptge Coll Portell","Passatge del Coll del Portell","0001","0008"
"043808","00486","Ptge","Ptge Bocabella","Passatge de Bocabella","0001","0021"
"028804","00322","C","Aviador Durán","Carrer de l'Aviador Durán","0001","0019"
"342004","03842","C","Tort","Carrer de Tort","0001","0016"
"138405","01579","Pl","Pl Gal·la Placídia","Plaça de Gal·la Placídia","0001","0034"
"143008","01628","C","Juan Gris","Carrer de Juan Gris","0001","0028"
"252455","02861","C","Perea","Carrer de Perea","0001","0007"
"033350","00376","C","Ballot","Carrer de Ballot","0001","0005"
"336850","03783","Av","Av Tots Sants","Avinguda de Tots Sants","0001","0059"
"169500","01930","C","Josep Balari","Carrer de Josep Balari","0001","0018"
"103604","01171","C","Dr S Cardenal","Carrer del Doctor Salvador Cardenal","0001","0007"
"171105","01949","C","Joan I","Carrer de Joan I","0001","0012"
"107503","01215","Pl","Pl Eduard Torroja","Plaça d'Eduard Torroja","0001","0023"
"085105","00959","Bda","Bda Combinació","Baixada de la Combinació","0001","0006"
"367800","04144","C","Washington","Carrer de Washington","0001","0004"
"117700","01351","Cro","Cro Estudis","Carreró dels Estudis","0001","0006"
"256106","02898","Pl","Pl Pi","Plaça del Pi","0001","0007"
"700689","05017","Pl","Pl Abat Escarré","Plaça de l'Abat Escarré","",""
"701814","06147","Jard","Jard Violant Bar","Jardins de Violant de Bar","",""
"543119","04332","Moll","Moll Llevant","Moll de Llevant","0001","0005"
"701680","06012","Pl","Pl Manuel Baldrich","Plaça de Manuel Baldrich","0001","0001"
"701865","06198","Jrdi","Jrdi Antònia Vilàs","Jardí d'Antònia Vilàs i Ferràndiz","",""
"020100","00227","C","Volta de la Perdiu","Carrer de la Volta de la Perdiu","0001","0009"
"701551","05881","Ptge","Ptge Aristòtil","Passatge d'Aristòtil","0001","0008"
"701926","06259","Plta","Plta Oca","Placeta de l'Oca","",""
"701320","05647","Parc","Parc T. Maquinista","Parc de les Treballadores i els Treballadors de La Maquinista","",""
"701281","05608","Pl","Pl Llevant","Plaça de Llevant","0001","0001"
"701194","05521","Jard","Jard Marià Manent","Jardins de Marià Manent","",""
"701957","06290","Pl","Pl Lluita Lliberta","Plaça de la Lluita per les Llibertats","0001","0012"
"701981","06314","Ptge","Ptge SN (Antic-P","Passatge Sense Nom (Antic-Pallars)","0002","0030"
"701942","06275","Plta","Plta Agustí Pinyol","Placeta d'Agustí Pinyol","0001","0001"
"701756","06088","Jard","Jard Emília Miret ","Jardins d'Emília Miret i Soler","",""
"702017","06350","Ptge","Ptge SN (Ávila-Alm","Passatge SN (Ávila-Almogàvers)","0001","0007"
"182702","02074","C","Lluís Muntadas","Carrer de Lluís Muntadas","0001","0016"
"318305","03569","C","Santa Rosalia","Carrer de Santa Rosalia","0001","0163"
"209900","02374","Av","Av Meridiana","Avinguda Meridiana","0001","0756"
"031605","00354","C","Baix de Mariner","Carrer Baix de Mariner","0001","0029"
"116800","01342","C","Est","Carrer de l'Est","0001","0023"
"127602","01461","C","Florida","Carrer de la Florida","0001","0068"
"019100","00217","C","Arbós","Carrer d'Arbós","0001","0037"
"257801","02920","Ptge","Ptge Piquer","Passatge de Piquer","0001","0037"
"188800","02144","C","Mtre Serradesanfer","Carrer del Mestre Serradesanferm","0001","0013"
"322200","03615","C","Segur","Carrer de Segur","0001","0088"
"044200","00490","Av","Av Bogatell","Avinguda del Bogatell","0001","0090"
"347201","03898","C","Trobador","Carrer del Trobador","0001","0051"
"051103","00560","C","Bonavista","Carrer de Bonavista","0001","0039"
"182804","02075","Ptge","Ptge Ll Pellicer","Passatge de Lluís Pellicer","0001","0028"
"194202","02198","C","Mar","Carrer del Mar","0001","0146"
"700661","04989","C","Joan Miró","Carrer de Joan Miró","0001","0048"
"112208","01278","C","Escudellers","Carrer d'Escudellers","0001","0071"
"007101","00072","C","Alcanar","Carrer d'Alcanar","0001","0040"
"047605","00529","C","Bot","Carrer d'en Bot","0001","0025"
"249600","02834","C","Pere Blai","Carrer de Pere Blai","0006","0073"
"354900","04006","C","Veciana","Carrer de Veciana","0001","0046"
"001604","00017","C","Séquia Comtal","Carrer de la Séquia Comtal","0001","0021"
"700675","05003","C","Anvers","Carrer d'Anvers","0001","0032"
"356600","04022","Pl","Pl Veracruz","Plaça de Veracruz","0001","0002"
"109906","01246","C","Energia","Carrer de l'Energia","0001","0044"
"198906","02251","C","Marquès de Foronda","Carrer del Marquès de Foronda","0001","0052"
"268309","03041","Ptge","Ptge Prunera","Passatge de Prunera","0001","0022"
"237203","02676","C","Otger","Carrer d'Otger","0001","0042"
"204306","02313","C","Matadepera","Carrer de Matadepera","0001","0021"
"225408","02544","Ptge","Ptge Napoleó","Passatge de Napoleó","0001","0015"
"339600","03815","C","Torre Dulac","Carrer de la Torre Dulac","0001","0023"
"009300","00096","Ptge","Ptge Alí Bei","Passatge d'Alí Bei","0001","0011"
"013002","00140","C","Alloza","Carrer d'Alloza","0001","0053"
"175106","01989","C","Jonqueres","Carrer de Jonqueres","0001","0018"
"353703","03988","C","Vallpar","Carrer de Vallpar","0001","0066"
"701893","06226","Pl","Pl Anna Domènech","Plaça d'Anna Domènech Campoy","",""
"174409","01983","C","Julià Portet","Carrer de Julià Portet","0001","0008"
"701668","05999","C","Maternitat d'Elna","Carrer de la Maternitat d'Elna","0001","0018"
"701287","05614","Jard","Jard Torre Aigües","Jardins de la Torre de les Aigües","",""
"701773","06105","Pont","Pont 32A","Pont 32A","",""
"091902","01028","C","Corretger","Carrer de Corretger","0001","0016"
"207803","02348","C","Méndez Núñez","Carrer de Méndez Núñez","0001","0019"
"700094","04436","C","Pollença","Carrer de Pollença","0001","0008"
"258407","02925","C","Pistó","Carrer del Pistó","0001","0044"
"302906","03410","C","Sant Hermenegild","Carrer de Sant Hermenegild","0001","0032"
"358106","04040","C","Biada","Carrer de Biada","0001","0015"
"179800","02043","C","Lírica","Carrer de la Lírica","0001","0015"
"229001","02585","Pl","Pl Nord","Plaça del Nord","0001","0014"
"096407","01083","Av","Av Xile","Avinguda de Xile","0002","0052"
"273353","03099","C","Rábida","Carrer de la Rábida","0001","0006"
"312900","03513","Ptge","Ptge Santa Amèlia","Passatge de Santa Amèlia","0001","0006"
"146403","01661","C","Gironella","Carrer de Gironella","0001","0021"
"002505","00026","Pl","Pl Adrià","Plaça d'Adrià","0001","0008"
"041052","00456","Ptge","Ptge B Fenollar","Passatge de Bernat Fenollar","0001","0008"
"273207","03097","C","Rabassa","Carrer de Rabassa","0001","0075"
"233600","02637","Pl","Pl Olèrdola","Plaça d'Olèrdola","0001","0010"
"106307","01200","C","Duc de Rivas","Carrer del Duc de Rivas","0002","0008"
"115501","01316","C","Espolsa-sacs","Carrer d'Espolsa-sacs","0001","0004"
"701548","05878","Pl","Pl Hispano Suïssa","Plaça de la Hispano Suïssa","0001","0004"
"540416","04320","Moll","Moll Barcelona","Moll de Barcelona","0001","0027"
"020507","00231","C","Arc de Sant Onofre","Carrer de l'Arc de Sant Onofre","0001","0010"
"100402","01127","C","Diana","Carrer de Diana","0001","0006"
"335701","03772","Pl","Pl Tibidabo","Plaça del Tibidabo","0001","0005"
"701558","05888","Plta","Plta Luis Buñuel","Placeta de Luis Buñuel","0001","0001"
"701150","05476","Pl","Pl Mercè Capsir","Plaça de Mercè Capsir","0001","0001"
"701240","05567","Pl","Pl Victòria Kent","Plaça de Victòria Kent","0001","0001"
"700949","05273","Jard","Jard Màlaga","Jardins de Màlaga","",""
"701805","06138","Plta","Plta Vicenç Balles","Placeta de Vicenç Albert Ballester","",""
"701671","06002","Pl","Pl Terenci Moix","Plaça de Terenci Moix","0001","0001"
"700056","04398","C","Sagrada Família","Carrer de la Sagrada Família","0002","0021"
"701863","06196","Jrdi","Jrdi Assumpció Cat","Jardí d'Assumpció Català","",""
"100005","01121","C","Rere Sant Just","Carrer de Rere Sant Just","0001","0003"
"701923","06256","Pl","Pl Mariano Mesegue","Plaça de Mariano Meseguer Bielsa","",""
"701962","06295","Pl","Pl Ramon Porqueras","Plaça de Ramon Porqueras","",""
"701813","06146","Jard","Jard Rna Brunsvic","Jardins de la Reina Elisabeth Cristina de Brunsvic-Wolfenbüttel","",""
"701634","05965","Jard","Jard O Martorell","Jardins d'Oriol Martorell","",""
"138620","01582","Gal","Gal Condal","Galeria Condal","",""
"701166","05492","Pl","Pl Fonts","Plaça de les Fonts","0001","0001"
"040606","00451","C","Berna","Carrer de Berna","0001","0040"
"338200","03796","C","Topazi","Carrer del Topazi","0001","0040"
"301700","03397","C","Sant Gabriel","Carrer de Sant Gabriel","0001","0024"
"286800","03244","C","Roig i Solé","Carrer de Roig i Solé","0001","0031"
"344000","03865","Trav","Trav Dalt","Travessera de Dalt","0001","0138"
"194406","02201","Pg","Pg Maragall","Passeig de Maragall","0001","0427"
"186500","02114","C","Lluc","Carrer de Lluc","0001","0016"
"201308","02275","C","Martí Molins","Carrer de Martí Molins","0001","0078"
"241608","02727","C","Palència","Carrer de Palència","0001","0070"
"330800","03716","C","Taquígraf Martí","Carrer del Taquígraf Martí","0001","0032"
"217104","02450","C","Muntanya","Carrer de la Muntanya","0001","0125"
"186306","02112","C","Llosa","Carrer de la Llosa","0001","0014"
"168406","01919","C","Jorba","Carrer de Jorba","0001","0070"
"700669","04997","C","Moscou","Carrer de Moscou","0001","0044"
"354604","04003","C","Bascònia","Carrer de Bascònia","0001","0081"
"319104","03578","C","Santa Pau","Carrer de Santa Pau","0001","0110"
"251601","02854","C","Peñalara","Carrer del Peñalara","0019","0070"
"363004","04092","C","Vila-seca","Carrer de Vila-seca","0001","0098"
"180106","02046","C","Logronyo","Carrer de Logronyo","0001","0061"
"123907","01423","Pl","Pl Ferran Reyes","Plaça de Ferran Reyes","0001","0009"
"252706","02864","C","Pere Pau","Carrer de Pere Pau","0001","0032"
"192808","02182","T","T Can Mantega","Torrent de Can Mantega","0001","0018"
"142708","01625","C","Gelabert","Carrer de Gelabert","0001","0046"
"334403","03753","C","Teodor Llorente","Carrer de Teodor Llorente","0001","0053"
"291402","03293","C","Sa Tuna","Carrer de Sa Tuna","0001","0021"
"088103","00988","C","Emilia Pardo Bazán","Carrer d'Emilia Pardo Bazán","0001","0030"
"169657","01932","C","Josep Canaleta","Carrer de Josep Canaleta","0001","0021"
"254100","02877","C","Pescadors","Carrer dels Pescadors","0001","0094"
"701657","05988","Pl","Pl A Marsillach","Plaça d'Adolf Marsillach","0001","0008"
"058521","00641","C","Can Balasch","Carrer Can Balasch","0006","0006"
"195500","02213","C","Margarit","Carrer de Margarit","0001","0116"
"239253","02701","Pl","Pl Verdum","Plaça del Verdum","0001","0008"
"037907","00422","C","Bellafila","Carrer de Bellafila","0001","0005"
"341555","03836","Ptge","Ptge Torretes","Passatge de les Torretes","0001","0011"
"113903","01299","C","Espalter","Carrer d'Espalter","0001","0011"
"073208","00816","C","Castells","Carrer de Castells","0002","0032"
"162002","01831","Av","Av J Tarradellas","Avinguda de Josep Tarradellas","0001","0161"
"020405","00230","C","Arc Sant Cristòfol","Carrer de l'Arc de Sant Cristòfol","0001","0023"
"112809","01285","C","Escoles","Carrer de les Escoles","0001","0023"
"256220","02900","C","Pins Can Caralleu","Carrer dels Pins de Can Caralleu","0001","0051"
"314600","03531","Camí","Camí Vell de Santa","Camí Vell de Santa Creu d'Olorda a Vallvidrera","0001","0022"
"061800","00689","C","Cap de Guaita","Carrer del Cap de Guaita","0006","0019"
"054600","00599","C","Calaf","Carrer de Calaf","0001","0054"
"183909","02083","C","Lledó","Carrer de Lledó","0001","0017"
"171003","01948","C","Jovellanos","Carrer de Jovellanos","0001","0009"
"366807","04133","C","Vistalegre","Carrer de Vistalegre","0001","0028"
"274006","03107","C","Ramelleres","Carrer de les Ramelleres","0001","0032"
"211006","02385","C","Miquel Boera","Carrer de Miquel Boera","0001","0020"
"082300","00930","C","Coïmbra","Carrer de Coïmbra","0001","0053"
"290206","03279","Pl","Pl Rovira i Trias","Plaça de Rovira i Trias","0001","0011"
"092600","01035","C","Corts","Carrer de les Corts","0001","0046"
"122507","01411","Pl","Pl Fènix","Plaça del Fènix","0001","0013"
"203303","02304","C","Masquefa","Carrer de Masquefa","0001","0010"
"005106","00051","C","Albacete","Carrer d'Albacete","0001","0012"
"209503","02368","C","Mercedes","Carrer de Mercedes","0001","0022"
"111409","01266","C","Escala","Carrer de l'Escala","0006","0023"
"275257","03121","Pl","Pl Ramon Riera","Plaça de Ramon Riera","0001","0003"
"701112","05438","Pl","Pl André Malraux","Plaça d'André Malraux","0001","0001"
"700207","04535","Pl","Pl Castelao","Plaça de Castelao","0001","0002"
"170102","01937","C","Josep Yxart","Carrer de Josep Yxart","0001","0007"
"091006","01019","C","Còrdova","Carrer de Còrdova","0001","0006"
"298106","03361","C","Sant Casimir","Carrer de Sant Casimir","0001","0006"
"701858","06191","Pl","Pl Pedreres Can Ba","Plaça de les Pedreres de Can Baró","0001","0001"
"020008","00226","C","Arc del Mercat","Carrer de l'Arc del Mercat","0009","0013"
"701964","06297","Pl","Pl Can Climent","Plaça de Can Climent","0001","0003"
"700870","05194","Jard","Jard W Benjamin","Jardins de Walter Benjamin","",""
"701654","05985","Jard","Jard Santa Rosalia","Jardins de Santa Rosalia","",""
"701365","05692","Jard","Jard Baluard","Jardins del Baluard","",""
"701325","05652","Jard","Jard C Cerdà","Jardins de Clotilde Cerdà","",""
"176608","02013","C","Larrard","Carrer de Larrard","0001","0070"
"313108","03515","C","Santa Carolina","Carrer de Santa Carolina","0001","0097"
"279600","03166","Av","Av Repúb Argentina","Avinguda de la República Argentina","0001","0283"
"230601","02602","C","Mare Déu de Port","Carrer de la Mare de Déu de Port","0001","0415"
"353408","03984","C","Vallirana","Carrer de Vallirana","0001","0094"
"198101","02241","C","Marmellà","Carrer de Marmellà","0001","0031"
"322302","03616","C","Segura","Carrer del Segura","0001","0036"
"107300","01213","C","Eduardo Conde","Carrer d'Eduardo Conde","0001","0052"
"178308","02028","C","Lepant","Carrer de Lepant","0121","0440"
"100173","01124","Dav","Dav Gallecs","Davallada de Gallecs","0001","0010"
"194359","02199","C","Maracaibo","Carrer de Maracaibo","0001","0038"
"101100","01136","C","Dr Balari i Jovany","Carrer del Doctor Balari i Jovany","0001","0047"
"271802","03082","C","Psima Concepció","Carrer de la Puríssima Concepció","0001","0028"
"171400","01953","C","Joan d'Àustria","Carrer de Joan d'Àustria","0039","0130"
"070709","00789","C","Enric Casanovas","Carrer d'Enric Casanovas","0001","0098"
"017808","00203","C","Antoni Costa","Carrer d'Antoni Costa","0001","0034"
"210706","02381","Ptge","Ptge Mig del Turó","Passatge del Mig del Turó","0019","0032"
"214605","02425","C","Molí","Carrer del Molí","0001","0116"
"161702","01828","Ptge","Ptge Indústria C","Passatge de la Indústria lletra C","0001","0011"
"208307","02354","Pl","Pl Mercadal","Plaça del Mercadal","0001","0041"
"315500","03540","Pg","Pg Santa Eulàlia","Passeig de Santa Eulàlia","0001","0025"
"183603","02081","C","Llacuna","Carrer de la Llacuna","0001","0176"
"040800","00453","C","Bernat Bransi","Carrer de Bernat Bransi","0001","0062"
"276307","03133","C","Recesvint","Carrer de Recesvint","0001","0040"
"290840","03286","Av","Av Rossinyols","Avinguda dels Rossinyols","0001","0023"
"227800","02569","C","Nicaragua","Carrer de Nicaragua","0001","0157"
"217002","02449","Av","Av Montanyans","Avinguda dels Montanyans","0001","0050"
"326052","03662","C","Torroella Montgrí","Carrer de Torroella de Montgrí","0001","0025"
"101405","01139","C","Doctor Carulla","Carrer del Doctor Carulla","0001","0078"
"700680","05009","C","Saint Louis","Carrer de Saint Louis","0002","0020"
"331100","03719","C","Tarba","Carrer de Tarba","0001","0012"
"321300","03605","Ptge","Ptge Saumell","Passatge de Saumell","0001","0020"
"029400","00328","C","Avinyó","Carrer d'Avinyó","0001","0060"
"077504","00871","C","Cervelló","Carrer de Cervelló","0001","0006"
"012702","00136","C","Alumini","Carrer de l'Alumini","0001","0082"
"109509","01243","Pas","Pas Encarnació","Pas de l'Encarnació","0001","0015"
"343404","03857","C","Tramuntana","Carrer de la Tramuntana","0001","0053"
"230500","02601","C","Coves d'en Cimany","Carrer de les Coves d'en Cimany","0001","0061"
"167800","01912","C","Joaquim Molins","Carrer de Joaquim Molins","0001","0016"
"359109","04051","Pg","Pg Lluís Companys","Passeig de Lluís Companys","0001","0025"
"542499","04330","Moll","Moll Inflamables","Moll d'Inflamables","",""
"700205","04533","Pl","Pl Peixos","Plaça dels Peixos","0001","0006"
"332204","03730","C","Tavern","Carrer de Tavern","0001","0082"
"323600","03631","C","Serra Xic","Carrer d'en Serra Xic","0001","0011"
"217603","02456","Plta","Plta Montcada","Placeta de Montcada","0001","0014"
"016601","00183","Pl","Pl Àngels","Plaça dels Àngels","0001","0008"
"336103","03775","C","Tiradors","Carrer dels Tiradors","0001","0011"
"074801","00835","Av","Av Catedral","Avinguda de la Catedral","0001","0009"
"700828","05153","C","Pare Mariana","Carrer del Pare Mariana","0001","0024"
"169307","01928","C","Josep Anselm Clavé","Carrer de Josep Anselm Clavé","0001","0031"
"106500","01202","C","Francesc Pujols","Carrer de Francesc Pujols","0001","0007"
"321900","03612","C","Segòvia","Carrer de Segòvia","0001","0008"
"012509","00133","C","Altafulla","Carrer d'Altafulla","0001","0008"
"197109","02230","Ptge","Ptge Marimon","Passatge de Marimon","0001","0027"
"087100","00978","C","Comte de Güell","Carrer del Comte de Güell","0003","0061"
"287755","03253","C","Romeu","Carrer del Romeu","0001","0002"
"129743","01480","Ptge","Ptge Font del Mont","Passatge de la Font del Mont","0001","0075"
"700084","04426","C","Beltrán i Rózpide","Carrer de Beltrán i Rózpide","0001","0009"
"054407","00596","C","Caire","Carrer del Caire","0001","0014"
"167505","01908","Pl","Pl Joanic","Plaça d'en Joanic","0001","0007"
"058907","00659","C","Canaan","Carrer de Canaan","0001","0006"
"203609","02306","Ptge","Ptge Massaguer","Passatge de Massaguer","0001","0014"
"701327","05654","C","Ferran Turné","Carrer de Ferran Turné","0001","0020"
"146607","01663","C","Gitanilla","Carrer de la Gitanilla","0001","0006"
"701199","05526","Rbla","Rbla Mar","Rambla de Mar","",""
"701202","05529","Ptge","Ptge Aral","Passatge d'Aral","0001","0011"
"006404","00064","Pl","Pl Alc Baró Viver","Plaça de l'Alcalde Baró de Viver","0001","0001"
"701912","06245","C","Montserrat Avilés ","Carrer de Montserrat Avilés Vila","0001","0011"
"087600","00983","Pl","Pl Comte de Sert","Plaça del Comte de Sert","0001","0001"
"700071","04414","Gru","Gru Vivend Cantun","Grup Vivendes Cantunis","",""
"701575","05906","Jard","Jard Beatriu Prove","Jardins de Beatriu de Provença","",""
"701622","05953","Jard","Jard M M Almendros","Jardins de Maria Matilde Almendros","",""
"022808","00256","C","Argentera","Carrer de l'Argentera","0001","0024"
"094900","01063","C","Simancas","Carrer de Simancas","0001","0122"
"148307","01681","Pg","Pg Gràcia","Passeig de Gràcia","0001","0132"
"069302","00769","Pg","Pg Cantunis","Passeig de Cantunis","0001","0123"
"173905","01978","C","Jocs Florals","Carrer dels Jocs Florals","0001","0190"
"362001","04082","C","Vilamarí","Carrer de Vilamarí","0001","0146"
"000306","00004","C","Abat Odó","Carrer de l'Abat Odó","0001","0089"
"330606","03714","T","T Tapioles","Torrent de Tapioles","0001","0027"
"347303","03899","C","Trueba","Carrer de Trueba","0001","0051"
"222104","02513","C","Mossèn Vives","Carrer de Mossèn Vives","0001","0035"
"161600","01827","Ptge","Ptge Lluïsa Vidal","Passatge de Lluïsa Vidal","0001","0016"
"010503","00110","C","Almeria","Carrer d'Almeria","0001","0057"
"273400","03101","C","Radas","Carrer de Radas","0001","0085"
"701375","05702","Pl","Pl Ovidi Montllor","Plaça d'Ovidi Montllor","0001","0006"
"170758","01945","C","Josep Soldevila","Carrer de Josep Soldevila","0001","0078"
"123805","01422","C","Ferran Puig","Carrer de Ferran Puig","0001","0097"
"177305","02020","C","Lleialtat","Carrer de la Lleialtat","0001","0024"
"072409","00807","C","Castellbell","Carrer de Castellbell","0001","0040"
"701265","05592","Rda","Rda Litoral(Besòs)","Ronda Litoral (Besòs)","",""
"700133","04471","C","Transversal 5","Carrer Transversal 5","0001","0088"
"273706","03103","C","Rafael Batlle","Carrer de Rafael Batlle","0001","0030"
"009457","00098","C","Alighieri","Carrer d'Alighieri","0001","0017"
"226502","02555","C","Navata","Carrer de Navata","0001","0035"
"106861","01206","C","E Zona Franca","Carrer E Zona Franca","0001","0060"
"700782","05108","C","Aurora Bertrana","Carrer d'Aurora Bertrana","0001","0014"
"104607","01182","C","Domínguez Miralles","Carrer de Domínguez i Miralles","0001","0040"
"701226","05553","Pl","Pl Belianes","Plaça de Belianes","0001","0001"
"701353","05680","C","Josep M. Lladó","Carrer de Josep M. Lladó","0001","0014"
"366909","04134","Ctra","Ctra Vista-rica","Carretera de Vista-rica","0001","0065"
"154809","01754","C","Hernán Cortés","Carrer d'Hernán Cortés","0001","0023"
"700950","05274","Pl","Pl T Bacchio","Plaça de Theolongo Bacchio","0001","0001"
"026900","00297","C","Ases","Carrer dels Ases","0001","0016"
"176914","02017","C","Labèrnia","Carrer de Labèrnia","0001","0029"
"051409","00564","Pl","Pl Bonsuccés","Plaça del Bonsuccés","0001","0008"
"197801","02238","C","Mariners","Carrer dels Mariners","0001","0022"
"701152","05478","Pl","Pl J Xirau Palau","Plaça de Joaquim Xirau i Palau","0001","0008"
"325606","03651","C","Sils","Carrer de Sils","0001","0010"
"062303","00694","C","Capellans","Carrer dels Capellans","0001","0026"
"263203","02987","C","Portadores","Carrer de les Portadores","0001","0008"
"027109","00301","C","Drassana","Carrer de la Drassana","0001","0012"
"190405","02159","C","Malcuinat","Carrer del Malcuinat","0001","0004"
"545497","04347","Moll","Moll Sant Bertran","Moll de Sant Bertran","0001","0001"
"148103","01678","C","Goya","Carrer de Goya","0001","0020"
"151301","01716","C","Gualbes","Carrer de Gualbes","0001","0006"
"701335","05662","C","Tarongers","Carrer dels Tarongers","0001","0018"
"700701","05029","C","Doctor Font i Quer","Carrer del Doctor Font i Quer","0001","0021"
"070050","00782","Ptge","Ptge Casablanca","Passatge de la Casablanca","0001","0001"
"125108","01436","C","Figueres","Carrer de Figueres","0001","0008"
"032051","00361","C","Baldiri Reixac","Carrer de Baldiri Reixac","0001","0021"
"111486","01268","Esc","Esc Gatosa","Escales de la Gatosa","0001","0035"
"223300","02523","C","Munné","Carrer de Munné","0001","0017"
"098300","01106","C","Josep M. Sert","Carrer de Josep M. Sert","0023","0117"
"336806","03782","Rier","Rier Can Toda","Riera de Can Toda","0001","0042"
"700715","05043","Pl","Pl A Badia i Mur","Plaça d'Albert Badia i Mur","0001","0001"
"044301","00493","C","Bolívar","Carrer de Bolívar","0001","0054"
"120206","01382","Ptge","Ptge Farigola","Passatge de la Farigola","0005","0005"
"170500","01941","Pl","Pl J. Folch Torres","Plaça de Josep M. Folch i Torres","0001","0001"
"700825","05150","C","Granja Vella","Carrer de la Granja Vella","0001","0023"
"036904","00411","Pl","Pl Beates","Plaça de les Beates","0001","0004"
"058612","00649","C","Can Clos","Carrer de Can Clos","0001","0011"
"225306","02543","C","Nau Santa Maria","Carrer de la Nau Santa Maria","0001","0010"
"701070","05395","Pl","Pl J Sánchez Ríos","Plaça de José Sánchez Ríos","0001","0003"
"700788","05114","Nus","Nus Trinitat","Nus de la Trinitat","0001","0001"
"700100","04441","Est","Est Renfe S Andreu","Estació Renfe Sant Andreu Arenal","",""
"117904","01353","Pl","Pl Eucaliptus","Plaça dels Eucaliptus","0001","0005"
"701530","05860","Pl","Pl Colors","Plaça dels Colors","0001","0001"
"701852","06185","C","Micaela Chalmeta","Carrer de Micaela Chalmeta","0001","0012"
"701301","05628","Pl","Pl St J Abadesses","Plaça de Sant Joan de les Abadesses","0001","0001"
"701330","05657","Pl","Pl Font del Roure","Plaça de la Font del Roure","0001","0001"
"701426","05754","Jard","Jard Doctor Robert","Jardins del Doctor Robert","",""
"701712","06044","Jard","Jard Leono Serrano","Jardins de Leonor Serrano","",""
"701880","06213","Jard","Jard M Carbonell","Jardins de Maria Carbonell i Mumbrú","",""
"701524","05854","C","Port de Haifa","Carrer del Port de Haifa","0001","0015"
"701534","05864","Jard","Jard Elena Maseras","Jardins d'Elena Maseras","",""
"166579","01889","Jard","Jard Can Mantega","Jardins de Can Mantega","",""
"221258","02498","Jard","Jard Moragas","Jardins de Moragas","",""
"059706","00667","Ptge","Ptge Canet","Passatge de Canet","0001","0016"
"314177","03526","Parc","Parc Sta Creu Olor","Parc Forestal de Santa Creu d'Olorda","",""
"343506","03858","Pl","Pl Transvaal","Plaça del Transvaal","",""
"701772","06104","Pont","Pont 31C","Pont 31C","",""
"027404","00305","Drec","Drec Vallvidrera","Drecera de Vallvidrera","0001","0058"
"700958","05282","C","Antàrtic","Carrer de l'Antàrtic","0001","0019"
"358004","04038","C","Vesuvi","Carrer del Vesuvi","0001","0047"
"144306","01641","C","Pi i Margall","Carrer de Pi i Margall","0001","0122"
"263407","02989","C","Portbou","Carrer de Portbou","0001","0056"
"131100","01496","C","Foradada","Carrer de la Foradada","0001","0108"
"285501","03231","C","Roca i Batlle","Carrer de Roca i Batlle","0001","0037"
"228009","02571","C","Nil","Carrer del Nil","0001","0040"
"241506","02725","C","Palau-solità","Carrer de Palau-solità","0001","0084"
"324807","03642","C","Sevilla","Carrer de Sevilla","0001","0084"
"200305","02265","C","Mqsa de Vilallonga","Carrer de la Marquesa de Vilallonga","0001","0062"
"056209","00617","C","Canvis Nous","Carrer dels Canvis Nous","0001","0015"
"305201","03436","Pg","Pg Sant Joan Bosco","Passeig de Sant Joan Bosco","0001","0074"
"230408","02600","C","Mare Déu Neus","Carrer de la Mare de Déu de les Neus","0001","0072"
"701518","05847","C","Port de Rotterdam","Carrer del Port de Rotterdam","0001","0011"
"111908","01275","Av","Av Escolapi Càncer","Avinguda d'Escolapi Càncer","0001","0198"
"073139","00815","Pg","Pg Vimetera","Passeig de la Vimetera","0001","0064"
"179901","02044","C","Lisboa","Carrer de Lisboa","0001","0148"
"313301","03516","C","Santa Caterina","Carrer de Santa Caterina","0001","0074"
"285002","03226","C","Sabino Arana","Carrer de Sabino Arana","0001","0060"
"272601","03092","C","Química","Carrer de la Química","0001","0018"
"108302","01225","Av","Av Elies Pagès","Avinguda d'Elies Pagès","0001","0071"
"204703","02315","C","Matagalls","Carrer del Matagalls","0001","0016"
"360902","04071","Ptge","Ptge Vila i Rosell","Passatge de Vila i Rosell","0001","0016"
"059400","00664","C","Candeles","Carrer de les Candeles","0001","0011"
"017706","00202","C","Antoni de Capmany","Carrer d'Antoni de Capmany","0001","0091"
"267000","03024","Av","Av Riera Cassoles","Avinguda de la Riera de Cassoles","0001","0069"
"700677","05006","C","Estocolm","Carrer d'Estocolm","0001","0017"
"150900","01712","C","Guadalajara","Carrer de Guadalajara","0001","0007"
"261037","02957","C","Poeta","Carrer del Poeta","0001","0010"
"700067","04410","Gru","Gru Mare Déu Mercè","Grup Mare de Déu de la Mercè","",""
"119105","01370","C","Fàbrica","Carrer de la Fàbrica","0001","0009"
"340009","03819","C","Torre Vélez","Carrer de la Torre Vélez","0001","0042"
"081308","00918","Pg","Pg Claudi Güell","Passeig de Claudi Güell","0001","0024"
"701485","05814","C","Transversal 4","Carrer Transversal 4","0001","0042"
"146800","01665","Bda","Bda Glòria","Baixada de la Glòria","0001","0047"
"124105","01425","C","F Valls i Taberner","Carrer de Ferran Valls i Taberner","0001","0020"
"000408","00005","C","Abat Samsó","Carrer de l'Abat Samsó","0001","0023"
"351300","03951","C","Valladolid","Carrer de Valladolid","0001","0054"
"254202","02878","Pl","Pl Pes de la Palla","Plaça del Pes de la Palla","0001","0005"
"106602","01203","C","Duquessa d'Orleans","Carrer de la Duquessa d'Orleans","0001","0060"
"088205","00989","C","Comtessa Sobradiel","Carrer de la Comtessa de Sobradiel","0001","0010"
"700975","05299","Ptge","Ptge Bateries","Passatge de les Bateries","0001","0005"
"053200","00584","C","Cabres","Carrer de les Cabres","0001","0017"
"084805","00956","C","Comandant Llança","Carrer del Comandant Llança","0001","0032"
"094106","01054","C","Crisantem","Carrer del Crisantem","0001","0012"
"196809","02227","Pl","Pl Marià Brossa","Plaça de Marià Brossa","0001","0022"
"700793","05118","Parc","Parc Esp Can Dragó","Parc Esportiu de Can Dragó","",""
"147100","01668","C","Gòlgota","Carrer del Gòlgota","0001","0010"
"053109","00583","C","Cabestany","Carrer de Cabestany","0001","0042"
"165000","01866","C","Jaume Cabrera","Carrer de Jaume Cabrera","0001","0006"
"096780","01087","C","D Zona Franca","Carrer D Zona Franca","0001","0060"
"174205","01981","Ptge","Ptge Julià","Passatge de Julià","0001","0008"
"701000","05325","Esc","Esc Erta","Escales d'Erta","0001","0008"
"277605","03147","Pl","Pl Regomir","Plaça del Regomir","0001","0006"
"039800","00443","C","R Berenguer Vell","Carrer de Ramon Berenguer el Vell","0001","0010"
"137606","01570","C","Fusina","Carrer de la Fusina","0001","0015"
"224008","02529","C","Mura","Carrer de Mura","0001","0022"
"103900","01174","Ptge","Ptge Doctor Torent","Passatge del Doctor Torent","0001","0018"
"084102","00950","C","Collblanc","Carrer de Collblanc","0064","0170"
"229307","02587","T","T Cal Notari","Torrent de Cal Notari","0001","0014"
"236878","02671","Ptge","Ptge Garric","Passatge del Garric","0001","0004"
"051500","00565","C","Buïgas","Carrer de Buïgas","0001","0037"
"315806","03543","C","Santa Fe Nou Mèxic","Carrer de Santa Fe de Nou Mèxic","0001","0018"
"139623","01593","C","Gállego","Carrer del Gállego","0001","0010"
"312207","03505","Pl","Pl Sanllehy","Plaça de Sanllehy","0001","0010"
"246259","02778","Parc","Parc Ciutadella","Parc de la Ciutadella","",""
"231660","02617","C","Número 34","Carrer Número 34 Zona Franca","",""
"700158","04494","Pl","Pl Gral Moragues","Plaça del General Moragues","0001","0001"
"701793","06126","Plta","Plta Els Blaus","Placeta d'Els Blaus","",""
"262109","02975","Pl","Pl Pons i Clerch","Plaça de Pons i Clerch","0001","0004"
"701965","06298","Jrdi","Jrdi Alzina","Jardí d'Alzina","",""
"701293","05620","Jard","Jard Can Ferrero","Jardins de Can Ferrero","",""
"353973","03997","Parc","Parc F Vallvidrera","Parc Forestal de Vallvidrera","",""
"701182","05509","Jard","Jard Port Romà","Jardins del Port Romà","",""
"055002","00604","C","Calderón Barca","Carrer de Calderón de la Barca","0001","0135"
"242906","02741","C","Pallars","Carrer de Pallars","0063","0511"
"027302","00303","C","Astúries","Carrer d'Astúries","0001","0099"
"206108","02328","C","Maurici Vilomara","Carrer de Maurici Vilomara","0001","0136"
"076603","00861","C","Clos Sant Francesc","Carrer del Clos de Sant Francesc","0001","0068"
"008206","00084","C","Alella","Carrer d'Alella","0001","0065"
"026208","00290","C","Art","Carrer de l'Art","0001","0100"
"033804","00379","C","Banyoles","Carrer de Banyoles","0001","0038"
"062904","00702","C","Capçanes","Carrer de Capçanes","0001","0076"
"202504","02296","C","Mascaró","Carrer de Mascaró","0001","0075"
"283801","03213","C","Riudecanyes","Carrer de Riudecanyes","0001","0062"
"279906","03170","C","Ginestera","Carrer de la Ginestera","0001","0026"
"165656","01875","C","Jaume Martí","Carrer de Jaume Martí","0001","0038"
"269301","03057","C","Portaferrissa","Carrer de la Portaferrissa","0001","0034"
"045202","00503","C","Bonsoms","Carrer de Bonsoms","0001","0044"
"701321","05648","C","São Paulo","Carrer de São Paulo","0001","0037"
"309100","03473","C","Sant Pere","Carrer de Sant Pere","0001","0020"
"205604","02324","C","Elisabeth Eidenben","Carrer d'Elisabeth Eidenbenz","0001","0030"
"004409","00046","C","Aiguablava","Carrer d'Aiguablava","0001","0145"
"295006","03330","C","Samaniego","Carrer de Samaniego","0001","0088"
"230703","02603","C","Mare Déu del Remei","Carrer de la Mare de Déu del Remei","0001","0055"
"153158","01736","Rda","Rda Guineueta Vell","Ronda de la Guineueta Vella","0001","0089"
"170703","01944","C","Josep Sangenís","Carrer de Josep Sangenís","0001","0121"
"365305","04116","C","M Déu Desemparats","Carrer de la Mare de Déu dels Desemparats","0001","0025"
"185507","02104","C","Llobet Vall-lloser","Carrer de Llobet i Vall-llosera","0001","0061"
"193505","02190","C","Manuel Sancho","Carrer de Manuel Sancho","0001","0017"
"070108","00783","C","Casafranca","Carrer de Casafranca","0001","0064"
"292303","03302","C","Sagrat Cor","Carrer del Sagrat Cor","0001","0025"
"241801","02729","C","Palma","Carrer de la Palma","0001","0026"
"335202","03763","C","Teulada","Carrer de Teulada","0001","0006"
"055807","00612","Pl","Pl Francesc Macià","Plaça de Francesc Macià","0001","0011"
"246270","02779","Parc","Parc Guinardó","Parc del Guinardó","",""
"064706","00723","C","Cardenal Casañas","Carrer del Cardenal Casañas","0001","0021"
"701401","05729","C","Número 22","Carrer Número 22","0001","0022"
"054804","00602","C","Calàndries","Carrer de les Calàndries","0001","0024"
"701851","06184","Ptge","Ptge Antonio Ruiz ","Passatge d'Antonio Ruiz Villalba","0002","0006"
"152100","01726","C","Guillem","Carrer de Guillem","0001","0007"
"333706","03746","Ptge","Ptge Tinent Costa","Passatge del Tinent Costa","0001","0022"
"365906","04123","C","Mare Déu del Pilar","Carrer de la Mare de Déu del Pilar","0001","0028"
"014504","00155","C","Amposta","Carrer d'Amposta","0001","0042"
"228701","02582","C","Noguera Ribagorçan","Carrer de la Noguera Ribagorçana","0001","0010"
"700829","05154","C","Can Travi","Carrer de Can Travi","0024","0047"
"700893","05217","C","Rubió i Balaguer","Carrer de Rubió i Balaguer","0061","0083"
"701279","05606","Pl","Pl Ramon Calsina","Plaça de Ramon Calsina","0001","0013"
"097400","01094","C","Dalmau","Carrer de Dalmau","0001","0022"
"150400","01704","C","Greco","Carrer del Greco","0001","0028"
"167403","01905","Ptge","Ptge Cadernera","Passatge de la Cadernera","0001","0011"
"375706","04192","C","Número 60","Carrer Número 60 Zona Franca","0001","0030"
"320453","03593","Pl","Pl Sardana","Plaça de la Sardana","0001","0001"
"224303","02532","C","Murillo","Carrer de Murillo","0001","0022"
"298208","03362","Pl","Pl Sant Gaietà","Plaça de Sant Gaietà","0001","0010"
"248006","02817","Ptge","Ptge Pau","Passatge de la Pau","0001","0014"
"073004","00813","C","Castelló","Carrer de Castelló","0001","0008"
"700812","05137","Av","Av Can Marcet","Avinguda de Can Marcet","0001","0038"
"066701","00739","Pl","Pl Vallvidrera","Plaça de Vallvidrera","0001","0009"
"701097","05423","Pl","Pl Blanquerna","Plaça de Blanquerna","0001","0002"
"701077","05403","C","Pau Romeva","Carrer de Pau Romeva","0001","0003"
"019406","00220","C","Volta Bufanalla","Carrer de la Volta d'en Bufanalla","0001","0009"
"701778","06111","Pont","Pont 32E2","Pont 32E2","",""
"701297","05624","Pl","Pl La Puntual","Plaça de La Puntual","0001","0001"
"701924","06257","Pl","Pl Angelina Tralle","Plaça d'Angelina Trallero","",""
"701064","05389","Pl","Pl Nou Barris","Plaça de Nou Barris","",""
"701941","06274","Pl","Pl Carmen Balcells","Plaça de Carmen Balcells Segalà","0001","0001"
"700995","05320","Jard","Jard Tiberio Ávila","Jardins de Tiberio Ávila","",""
"701107","05433","Pl","Pl Indians","Plaça dels Indians","0001","0001"
"701161","05487","Pl","Pl Islàndia","Plaça d'Islàndia","",""
"701574","05905","Jard","Jard Const d'Aragó","Jardins de Constança d'Aragó","",""
"702003","06336","C","Jordi Sabater Pi","Carrer de Jordi Sabater Pi","0001","0045"
"321274","03604","Ptge","Ptge Saturn","Passatge de Saturn","0001","0004"
"141206","01609","C","Garriga i Roca","Carrer de Garriga i Roca","0001","0106"
"038900","00435","C","Benet Mateu","Carrer de Benet Mateu","0023","0064"
"351708","03957","C","Pablo Iglesias","Carrer de Pablo Iglesias","0001","0122"
"204805","02316","C","Matamala","Carrer de Matamala","0005","0026"
"185700","02106","C","Llobregós","Carrer del Llobregós","0001","0273"
"110202","01252","C","Enric Giménez","Carrer d'Enric Giménez","0001","0037"
"267907","03037","C","Provençals","Carrer de Provençals","0001","0292"
"021805","00244","C","Ardèvol","Carrer d'Ardèvol","0001","0028"
"070403","00786","C","Casals i Cuberó","Carrer de Casals i Cuberó","0164","0299"
"061005","00680","C","Cantera","Carrer de la Cantera","0001","0109"
"237000","02674","C","Osi","Carrer d'Osi","0001","0067"
"067704","00750","C","Castell d'Olorda","Carrer del Castell d'Olorda","0001","0016"
"360301","04064","C","Vidriol","Carrer del Vidriol","0001","0020"
"132806","01515","C","Francesc Alegre","Carrer de Francesc Alegre","0001","0041"
"100209","01125","C","Deià","Carrer de Deià","0001","0055"
"324909","03643","C","Sibiuda","Carrer de Sibiuda","0001","0016"
"116005","01322","Ptge","Ptge Estació","Passatge de l'Estació","0001","0013"
"269902","03063","Av","Av Puig de Jorba","Avinguda de Puig de Jorba","0001","0073"
"701351","05678","C","Longitudinal 11","Carrer Longitudinal 11","0034","0160"
"198167","02243","C","Marne","Carrer del Marne","0001","0027"
"317608","03562","C","Santa Marta","Carrer de Santa Marta","0001","0035"
"193607","02191","Ptge","Ptge Manuel Sancho","Passatge de Manuel Sancho","0001","0010"
"287201","03247","Av","Av Roma","Avinguda de Roma","0001","0159"
"027506","00307","C","Ataülf","Carrer d'Ataülf","0001","0022"
"700024","04372","C","Josep Miret","Carrer de Josep Miret","0001","0039"
"120104","01381","C","Farigola","Carrer de la Farigola","0001","0072"
"071406","00796","C","Casetes","Carrer de les Casetes","0001","0019"
"231309","02611","C","Nou Santa Eulàlia","Carrer Nou de Santa Eulàlia","0001","0016"
"304402","03428","C","Sant Josep","Carrer de Sant Josep","0001","0022"
"002607","00027","C","Duana","Carrer de la Duana","0001","0007"
"037204","00414","C","Beat Simó","Carrer del Beat Simó","0001","0005"
"065902","00732","C","Cardona","Carrer de Cardona","0001","0011"
"011109","00116","C","Miquel Pedrola","Carrer de Miquel Pedrola i Alegre","0001","0012"
"036755","00409","C","Colònia Bausili","Carrer de la Colònia Bausili","0001","0011"
"316605","03551","C","Sta Ll Marillac","Carrer de Santa Lluïsa de Marillac","0001","0020"
"362908","04091","C","Vilassar","Carrer de Vilassar","0001","0029"
"259603","02939","Ptge","Ptge Planell","Passatge de Planell","0001","0026"
"029002","00324","C","Aviador Ruiz Alda","Carrer de l'Aviador Ruiz de Alda","0001","0057"
"329108","03698","C","Súria","Carrer de Súria","0001","0012"
"163708","01851","Ptge","Ptge Isabel Ribó","Passatge d'Isabel Ribó","0001","0011"
"313800","03521","C","Santa Clotilde","Carrer de Santa Clotilde","0001","0015"
"027051","00300","Pl","Pl Assemblea Catal","Plaça de l'Assemblea de Catalunya","0001","0001"
"362806","04090","C","Vilarós","Carrer de Vilarós","0001","0011"
"154004","01746","C","Haití","Carrer d'Haití","0001","0004"
"356508","04021","C","Venus","Carrer de Venus","0001","0015"
"700901","05225","C","Nulles","Carrer de Nulles","0001","0010"
"700177","04510","Pl","Pl Palmera S Martí","Plaça de la Palmera de Sant Martí","0001","0001"
"348350","03916","Ptge","Ptge Turull","Passatge de Turull","0001","0010"
"701376","05703","Pl","Pl Matemàtiques","Plaça de les Matemàtiques","0001","0003"
"701526","05856","C","Port de Tianjin","Carrer del Port de Tianjin","0001","0020"
"701312","05639","Jard","Jard Montbau","Jardins de Montbau","",""
"701866","06199","Pl","Pl Carme Simó","Plaça de Carme Simó","0001","0001"
"701841","06174","Jrdi","Jrdi Sobreroca i F","Jardí de Sobreroca i Ferrer","",""
"701914","06247","C","Sense Nom (Montal)","Carrer Sense Nom (Vicenç Montal-Pare Pérez Pulgar)","",""
"700767","05092","Jard","Jard Rubió Tudurí","Jardins de Rubió i Tudurí","",""
"701155","05481","Jard","Jard Dr Comas Llab","Jardins del Doctor Comas i Llaberia","",""
"701608","05939","Jard","Jard Jaume Ferran","Jardins de Jaume Ferran i Clua","",""
"700726","05054","Pla","Pla Madres Pl Mayo","Pla de les Madres de la Plaza de Mayo","",""
"701725","06057","Jard","Jard Helen Keller","Jardins de Helen Keller Adams","",""
"004602","00048","C","Aigüesmortes","Carrer d'Aigüesmortes","",""
"701947","06280","Jrdi","Jrdi Cristina Fdez","Jardí de Cristina Fernández Pereira","",""
"700983","05308","Pl","Pl M Roca i Baltà","Plaça de Montserrat Roca i Baltà","",""
"189803","02154","C","Maó","Carrer de Maó","0001","0028"
"253902","02875","C","Perú","Carrer del Perú","0002","0297"
"153307","01738","C","Guitert","Carrer de Guitert","0001","0060"
"206505","02335","C","Major de Sarrià","Carrer Major de Sarrià","0001","0242"
"368008","04146","C","Wellington","Carrer de Wellington","0001","0104"
"054906","00603","C","Calatrava","Carrer de Calatrava","0001","0098"
"107900","01220","C","Eiximenis","Carrer d'Eiximenis","0001","0095"
"120603","01388","C","Fastenrath","Carrer de Fastenrath","0001","0212"
"130800","01494","C","Fonteta","Carrer de Fonteta","0001","0058"
"336500","03780","C","Ticià","Carrer de Ticià","0001","0075"
"108903","01233","C","Emili Roca","Carrer d'Emili Roca","0001","0083"
"213806","02416","C","Miret i Sans","Carrer de Miret i Sans","0001","0071"
"083405","00942","Camí","Camí Vell del Coll","Camí Vell del Coll","0001","0028"
"017900","00205","Ptge","Ptge Antoni Gassol","Passatge d'Antoni Gassol","0001","0022"
"339906","03818","C","Torre dels Pardals","Carrer de la Torre dels Pardals","0001","0096"
"233406","02635","C","Ogassa","Carrer d'Ogassa","0001","0016"
"120851","01391","C","F García Lorca","Carrer de Federico García Lorca","0001","0049"
"360505","04066","C","Vent","Carrer del Vent","0001","0064"
"031900","00359","C","Balboa","Carrer de Balboa","0001","0043"
"197200","02231","C","Marín","Carrer de Marín","0001","0030"
"245008","02765","C","Passerell","Carrer del Passerell","0001","0091"
"141807","01615","C","Garrotxa","Carrer de la Garrotxa","0001","0057"
"089809","01008","C","Consolat de Mar","Carrer del Consolat de Mar","0001","0047"
"700904","05228","C","Vila-rodona","Carrer de Vila-rodona","0001","0024"
"277300","03144","C","Regent Mendieta","Carrer del Regent Mendieta","0001","0053"
"062755","00700","C","Riera de Tena","Carrer de la Riera de Tena","0001","0060"
"280858","03182","C","Belladona","Carrer de la Belladona","0001","0032"
"276103","03131","C","Isard","Carrer de l'Isard","0001","0043"
"205150","02320","Ctra","Ctra Antiga Mataró","Carretera Antiga de Mataró","0001","0022"
"701105","05431","C","Budapest","Carrer de Budapest","0001","0043"
"319400","03581","C","Santiago Rusiñol","Carrer de Santiago Rusiñol","0001","0027"
"325515","03650","Ptge","Ptge Sigüenza","Passatge de Sigüenza","0089","0113"
"281657","03191","Ptge","Ptge Ricard Canals","Passatge de Ricard Canals","",""
"313505","03518","C","Sta Caterina Siena","Carrer de Santa Caterina de Siena","0019","0045"
"700025","04373","Pg","Pg Josep Carner","Passeig de Josep Carner","0026","0068"
"701676","06008","C","Fèlix Amat","Carrer de Fèlix Amat","0003","0010"
"701505","05834","C","S N (Tucuman","Carrer Sense Nom (Tucuman-Junoy)","0001","0008"
"701817","06150","Pl","Pl Santiago Pey","Plaça de Santiago Pey","0001","0001"
"701652","05983","Ptge","Ptge Pinsà","Passatge del Pinsà","0002","0014"
"700204","04532","Jard","Jard M Pelayo","Jardins de Menéndez y Pelayo","",""
"309009","03472","C","Sant Paulí de Nola","Carrer de Sant Paulí de Nola","0001","0006"
"146108","01659","Ptge","Ptge Gira-sol","Passatge del Gira-sol","0001","0009"
"238909","02697","C","Pare Gallifa","Carrer del Pare Gallifa","0001","0004"
"027801","00311","C","Ocells","Carrer dels Ocells","0001","0002"
"158300","01789","C","Hostal d'en Sol","Carrer de l'Hostal d'en Sol","0001","0014"
"017502","00195","C","Antic de Sant Joan","Carrer Antic de Sant Joan","0001","0034"
"206356","02331","C","Major Can Caralleu","Carrer Major de Can Caralleu","0001","0031"
"012906","00139","C","Allada-Vermell","Carrer d'Allada-Vermell","0001","0027"
"026809","00296","C","Ascó","Carrer d'Ascó","0001","0049"
"143507","01633","Av","Av Pau Casals","Avinguda de Pau Casals","0001","0024"
"700832","05157","Pl","Pl Josep Pallach","Plaça de Josep Pallach","0001","0020"
"701487","05816","C","Transversal 7","Carrer Transversal 7","0001","0091"
"255307","02890","Ptge","Ptge Piera","Passatge de Piera","0001","0029"
"253108","02868","C","Periodistes","Carrer dels Periodistes","0001","0024"
"057303","00627","Pl","Pl Camp","Plaça del Camp","0001","0007"
"306703","03449","C","Sant Marc","Carrer de Sant Marc","0001","0042"
"189905","02155","C","Maignon","Carrer de Maignon","0001","0054"
"286107","03237","C","Rodríguez","Carrer de Rodríguez","0001","0010"
"316900","03555","Pl","Pl Santa Madrona","Plaça de Santa Madrona","0001","0010"
"155700","01762","Ptge","Ptge Manuela Gil","Passatge de Manuela Gil Llopart","0001","0010"
"225204","02541","C","Naïm","Carrer de Naïm","0001","0012"
"701306","05633","Ptge","Ptge Yucatán","Passatge de Yucatán","0001","0027"
"347802","03906","C","Túria","Carrer del Túria","0001","0010"
"320602","03595","C","Sargelet","Carrer de Sargelet","0001","0015"
"700175","04509","Pl","Pl Can Robacols","Plaça de Can Robacols","",""
"676666","04358","Rda","Rda Litoral","Ronda del Litoral","",""
"701223","05550","Pas","Pas Inst Escola","Pas de l'Institut Escola","0001","0002"
"701288","05615","Jard","Jard Arboreda","Jardins de l'Arboreda","",""
"019257","00219","Ptge","Ptge Arcadia","Passatge d'Arcadia","0001","0003"
"701714","06046","Plta","Plta St F Coll","Placeta de Sant Francesc Coll","",""
"154707","01753","Pl","Pl Germans Serra","Plaça dels Germans Serra","0001","0009"
"701600","05931","Jard","Jard Marga Comas","Jardins de Margarida Comas","",""
"700987","05312","Pl","Pl Modernitat","Plaça de la Modernitat","0001","0008"
"148602","01685","C","Gran Vista","Carrer de la Gran Vista","0001","0160"
"041405","00460","C","Bertrand i Serra","Carrer de Bertrand i Serra","0001","0027"
"280574","03178","C","Mossèn Masdexexart","Carrer de Mossèn Masdexexart","0001","0018"
"348408","03917","C","Tuset","Carrer de Tuset","0001","0038"
"028407","00317","C","Ausona","Carrer d'Ausona","0001","0112"
"172200","01961","C","Juan de Garay","Carrer de Juan de Garay","0001","0118"
"194870","02206","C","Marco Polo","Carrer de Marco Polo","0001","0035"
"143609","01634","C","Josep Pla","Carrer de Josep Pla","0001","0188"
"019701","00223","C","Arc de Sant Martí","Carrer de l'Arc de Sant Martí","0001","0126"
"231706","02618","Pl","Pl J Folguera","Plaça de Joaquim Folguera","0001","0010"
"208001","02350","C","Torrent de l'Olla","Carrer del Torrent de l'Olla","0001","0226"
"228905","02584","C","Nord","Carrer del Nord","0001","0019"
"149300","01693","C","Granollers","Carrer de Granollers","0001","0133"
"033000","00371","C","Balsareny","Carrer de Balsareny","0001","0010"
"081002","00915","C","Claramunt","Carrer de Claramunt","0001","0078"
"700086","04428","C","Pedro i Pons","Carrer de Pedro i Pons","0001","0022"
"045905","00510","C","Bordils","Carrer de Bordils","0001","0011"
"238035","02689","C","Pisuerga","Carrer del Pisuerga","0001","0024"
"177906","02025","C","Lleó XIII","Carrer de Lleó XIII","0001","0045"
"251703","02855","C","Penyal","Carrer del Penyal","0001","0065"
"049305","00544","C","Brossa","Carrer de Brossa","0001","0046"
"185143","02100","C","Lliçà","Carrer de Lliçà","0001","0052"
"272452","03090","C","Quetzal","Carrer del Quetzal","0001","0032"
"317903","03565","C","Santa Otília","Carrer de Santa Otília","0001","0058"
"234409","02645","Ptge","Ptge Olivé Marista","Passatge d'Olivé i Maristany","0001","0018"
"084601","00954","C","Comalada","Carrer de Comalada","0001","0015"
"139204","01588","C","Galla","Carrer de la Galla","0001","0032"
"332000","03728","C","Taulat","Carrer del Taulat","0001","0147"
"233701","02638","C","Olesa","Carrer d'Olesa","0001","0102"
"701356","05683","C","Mérida","Carrer de Mérida","0001","0023"
"076104","00854","Pl","Pl Central","Plaça de la Central","0001","0011"
"701266","05593","Rda","Rda Litoral(Llobre","Ronda Litoral (Llobregat)","",""
"287507","03250","C","Romaní","Carrer de Romaní","0001","0020"
"017557","00198","C","Antic del Guinardó","Carrer Antic del Guinardó","0001","0015"
"701499","05828","Pl","Pl Vázquez Montalb","Plaça de Vázquez Montalbán","0001","0007"
"032903","00370","C","Voló","Carrer del Voló","0001","0004"
"153704","01742","C","Gutenberg","Carrer de Gutenberg","0001","0032"
"700969","05293","C","Gaspar Cassadó","Carrer de Gaspar Cassadó","0001","0022"
"113801","01298","C","Espaseria","Carrer d'Espaseria","0001","0022"
"364109","04104","C","Vintró","Carrer de Vintró","0001","0030"
"079408","00896","C","Cirera","Carrer de la Cirera","0001","0011"
"239504","02704","C","Pare Manjón","Carrer del Pare Manjón","0001","0045"
"200407","02266","C","Marquet","Carrer de Marquet","0001","0007"
"018607","00212","Ptge","Ptge Aragó","Passatge d'Aragó","0001","0016"
"701384","05712","Pla","Pla M Tarradell","Pla de Miquel Tarradell","",""
"171706","01956","C","Juan Bravo","Carrer de Juan Bravo","0001","0024"
"019905","00225","C","Volta dels Jueus","Carrer de la Volta dels Jueus","0001","0006"
"344702","03874","C","Trèvol","Carrer del Trèvol","0001","0021"
"177804","02024","Ptge","Ptge León","Passatge de León","0001","0020"
"052707","00579","C","Cavallers","Carrer dels Cavallers","0001","0090"
"048608","00536","C","Breda","Carrer de Breda","0001","0022"
"066803","00740","C","Carles Pirozzini","Carrer de Carles Pirozzini","0001","0014"
"097002","01090","C","Dalmàcia","Carrer de Dalmàcia","0001","0015"
"333003","03739","C","Templers","Carrer dels Templers","0001","0016"
"701333","05660","Pl","Pl Sibil·les","Plaça de les Sibil·les","0001","0004"
"287904","03256","C","Roquetes","Carrer de les Roquetes","0001","0020"
"288907","03265","C","Vila de Roses","Carrer de la Vila de Roses","0001","0021"
"219904","02482","C","Montsant","Carrer del Montsant","0001","0053"
"047208","00524","C","Bosch","Carrer de Bosch","0001","0008"
"047300","00525","C","Bosch i Alsina","Carrer de Bosch i Alsina","0001","0009"
"700725","05053","C","Batista i Roca","Carrer de Batista i Roca","0001","0009"
"701305","05632","Ptge","Ptge Moçambic","Passatge de Moçambic","0001","0006"
"700686","05015","Pl","Pl Rosa Sabater","Plaça de Rosa Sabater","0001","0004"
"061901","00690","C","Cap del Món","Carrer del Cap del Món","0001","0007"
"199603","02258","C","Marquès Santa Ana","Carrer del Marquès de Santa Ana","0001","0016"
"091108","01020","C","Corint","Carrer de Corint","0001","0005"
"256300","02901","C","Pins","Carrer de Pins","0001","0006"
"360356","04065","Camí","Camí Vell Pedrera","Camí Vell de la Pedrera","0001","0027"
"321208","03603","C","Salze","Carrer del Salze","0001","0008"
"271609","03080","Ptge","Ptge Pujolet","Passatge d'en Pujolet","0001","0013"
"056300","00618","C","Canvis Vells","Carrer dels Canvis Vells","0001","0017"
"363106","04093","C","Vilatorta","Carrer de Vilatorta","0001","0004"
"701350","05677","Pl","Pl Can Dragó","Plaça de Can Dragó","",""
"701146","05472","Jard","Jard C Martinell","Jardins de Cèsar Martinell","",""
"701185","05512","Jard","Jard La Tamarita","Jardins de La Tamarita","",""
"260908","02955","Pl","Pl Poeta Boscà","Plaça del Poeta Boscà","0001","0002"
"700015","04365","Pl","Pl Joan Amades","Plaça de Joan Amades","0001","0003"
"701798","06131","C","La Farola","Carrer de La Farola","",""
"063601","00710","T","T Carabassa","Torrent de la Carabassa","0002","0002"
"017309","00190","C","Anisadeta","Carrer de l'Anisadeta","0001","0002"
"700887","05211","C","Poliol","Carrer del Poliol","0001","0003"
"701765","06097","Ctra","Ctra C-58 (Barna)","Carretera C-58 (Barcelona)","",""
"052503","00577","Pl","Pl Caba","Plaça de Caba","0001","0001"
"701973","06306","C","Lluïsa Casagemas C","Carrer de Lluïsa Casagemas Coll","0001","0022"
"701953","06286","Pl","Pl Nelson Mandela","Plaça de Nelson Mandela","0001","0012"
"702001","06334","C","Leonor Ferrer","Carrer de Leonor Ferrer","0001","0005"
"286300","03239","C","Rogent","Carrer de Rogent","0001","0140"
"270800","03072","C","Puig i Xoriguer","Carrer de Puig i Xoriguer","0001","0050"
"368507","04154","C","Xifré","Carrer de Xifré","0001","0123"
"701278","05605","Pg","Pg Taulat","Passeig del Taulat","0092","0293"
"701492","05821","C","Transversal 12","Carrer Transversal 12","0001","0056"
"106103","01198","Pl","Pl Sarrià","Plaça de Sarrià","0001","0015"
"147202","01669","C","Oreneta","Carrer de l'Oreneta","0001","0004"
"283007","03206","C","Ríos Rosas","Carrer de Ríos Rosas","0001","0067"
"022400","00250","C","Arenys","Carrer d'Arenys","0001","0136"
"367504","04141","C","Doctor Trueta","Carrer del Doctor Trueta","0001","0236"
"251000","02847","C","Pelfort","Carrer de Pelfort","0001","0039"
"129700","01479","T","T Font d'en Magués","Torrent de la Font d'en Magués","0001","0100"
"701334","05661","C","Fernando Pessoa","Carrer de Fernando Pessoa","0001","0072"
"256401","02903","C","Pintor Alsamora","Carrer del Pintor Alsamora","0001","0085"
"278200","03153","Av","Av Rna M Cristina","Avinguda de la Reina Maria Cristina","0001","0016"
"029206","00326","C","Àvila","Carrer d'Àvila","0001","0173"
"069572","00774","Bda","Bda Can Mateu","Baixada de Can Mateu","0001","0029"
"026707","00295","Pl","Pl Artós","Plaça d'Artós","0001","0012"
"275508","03125","C","Raset","Carrer de Raset","0001","0055"
"073605","00821","C","Casteràs","Carrer de Casteràs","0001","0053"
"700127","04465","C","Major Mercabarna","Carrer Major de Mercabarna","0001","0134"
"071600","00797","C","Casp","Carrer de Casp","0001","0196"
"701808","06141","Pl","Pl Mercè Sala","Plaça de Mercè Sala","0001","0001"
"328207","03689","C","Sorolla","Carrer de Sorolla","0001","0032"
"700077","04420","Camí","Camí Gírgola","Camí de la Gírgola","0001","0030"
"269200","03056","C","Portal Sta Madrona","Carrer del Portal de Santa Madrona","0001","0048"
"254009","02876","C","Pescateria","Carrer de la Pescateria","0001","0009"
"085003","00958","Ptge","Ptge Comas Argemí","Passatge de Comas d'Argemí","0001","0011"
"190904","02163","Ptge","Ptge Maluquer","Passatge de Maluquer","0001","0023"
"167425","01906","Pl","Pl Joan Corrades","Plaça de Joan Corrades","0001","0001"
"127001","01455","C","Flor","Carrer de la Flor","0001","0006"
"037984","00425","Camí","Camí Bellavista","Camí de Bellavista","0001","0010"
"349386","03928","C","Ullastre","Carrer de l'Ullastre","0001","0013"
"029104","00325","C","Jiménez i Iglesias","Carrer de Jiménez i Iglesias","0001","0017"
"081400","00919","C","Claudi Sabadell","Carrer de Claudi Sabadell","0001","0010"
"701316","05643","Pl","Pl J Andreu Abelló","Plaça de Josep Andreu i Abelló","0001","0008"
"015100","00165","C","Andorra","Carrer d'Andorra","0001","0104"
"700744","05071","Pl","Pl Diagonal Mar","Plaça de Diagonal Mar","0001","0006"
"701309","05636","Pl","Pl Botticelli","Plaça de Botticelli","0001","0001"
"345002","03877","C","Tres Llits","Carrer dels Tres Llits","0001","0010"
"011583","00121","C","Alsàcia","Carrer d'Alsàcia","0001","0020"
"701732","06064","Jard","Jard M Capdevila","Jardins de Maria Capdevila","",""
"700713","05041","C","Coure","Carrer del Coure","0001","0012"
"213500","02413","Jard","Jard Miramar","Jardins de Miramar","",""
"701602","05933","Jard","Jard J Pous Pagès","Jardins de Josep Pous i Pagès","",""
"701562","05892","Plta","Plta A Capmany","Placeta d'Aureli Capmany","0001","0001"
"701208","05535","Pl","Pl La Maquinista","Plaça de La Maquinista","0001","0001"
"025602","00285","C","Escull","Carrer de l'Escull","0002","0002"
"701970","06303","Ptge","Ptge Tallers Ferro","Passatge dels Tallers del Ferrocarril del Nord","0001","0011"
"701932","06265","Jard","Jard Carme Claramu","Jardins de Carme Claramunt i Barot","",""
"701780","06113","Pont","Pont 32G1","Pont 32G1","",""
"702008","06341","Jard","Jard Concepció Cal","Jardins de Concepció Callao","",""
"003508","00035","Ctra","Ctra Aigües","Carretera de les Aigües","0001","0406"
"086108","00969","C","Concepción Arenal","Carrer de Concepción Arenal","0001","0325"
"174307","01982","Via","Via Júlia","Via Júlia","0001","0209"
"153205","01737","Rbla","Rbla Guipúscoa","Rambla de Guipúscoa","0001","0189"
"351901","03960","Pg","Pg Valldaura","Passeig de Valldaura","0001","0300"
"270107","03065","C","Puigcerdà","Carrer de Puigcerdà","0001","0303"
"369408","04165","Pg","Pg Zona Franca","Passeig de la Zona Franca","0001","0270"
"308108","03463","C","Sant Narcís","Carrer de Sant Narcís","0001","0063"
"701214","05541","Pl","Pl Portocristo","Plaça de Portocristo","0001","0006"
"184209","02086","C","Llagostera","Carrer de Llagostera","0001","0044"
"208205","02352","C","Menorca","Carrer de Menorca","0001","0226"
"044403","00494","C","Bolívia","Carrer de Bolívia","0001","0384"
"255602","02893","Pg","Pg Pineda","Passeig de la Pineda","0001","0333"
"190303","02158","C","Malats","Carrer de Malats","0001","0120"
"340304","03822","C","Torrelles","Carrer de Torrelles","0001","0090"
"700088","04430","C","Dr A Pi i Sunyer","Carrer del Doctor August Pi i Sunyer","0001","0013"
"301404","03394","Pl","Pl St F Xavier","Plaça de Sant Francesc Xavier","0001","0024"
"025500","00284","C","Arquitectura","Carrer de l'Arquitectura","0001","0028"
"221509","02501","C","Morató","Carrer de Morató","0001","0046"
"292201","03301","Pl","Pl Sagrada Família","Plaça de la Sagrada Família","0001","0026"
"004205","00044","C","Agustí i Milà","Carrer d'Agustí i Milà","0001","0095"
"155506","01760","C","Ferrers","Carrer dels Ferrers","0002","0059"
"266904","03022","C","Princesa","Carrer de la Princesa","0001","0061"
"110905","01259","C","Epir","Carrer de l'Epir","0001","0008"
"148806","01687","C","Granada Penedès","Carrer de la Granada del Penedès","0001","0036"
"701450","05778","C","Pierre Vilar","Carrer de Pierre Vilar","0001","0014"
"233100","02632","C","Ocata","Carrer d'Ocata","0001","0008"
"068004","00753","C","Carrencà","Carrer de Carrencà","0001","0040"
"084907","00957","Pl","Pl Comas","Plaça de Comas","0001","0018"
"174602","01985","C","Juliol","Carrer del Juliol","0004","0035"
"297409","03354","Ptge","Ptge Sant Benet","Passatge de Sant Benet","0001","0017"
"108506","01227","C","Elisabets","Carrer d'Elisabets","0001","0024"
"246394","02786","C","Parc Budellera","Carrer del Parc de la Budellera","0001","0027"
"150706","01708","C","Groc","Carrer d'en Groc","0001","0004"
"018006","00206","Pl","Pl Correus","Plaça de Correus","0001","0007"
"330209","03710","C","Tantarantana","Carrer d'en Tantarantana","0002","0032"
"322700","03620","C","Semoleres","Carrer de les Semoleres","0001","0013"
"359302","04053","C","Victòria","Carrer de la Victòria","0001","0007"
"701207","05534","Ptge","Ptge J Mirambell B","Passatge de Joan Mirambell i Bertran","",""
"701421","05749","Jard","Jard Sofia Barat","Jardins de Sofia Barat","",""
"360877","04070","Parc","Parc F Vil·lajoana","Parc Forestal de Vil·lajoana","",""
"701180","05507","Pl","Pl Pere Coromines","Plaça de Pere Coromines","0001","0007"
"220200","02485","C","Montserrat","Carrer de Montserrat","0001","0019"
"700695","05023","Moll","Moll Marina","Moll de Marina","0001","0001"
"090207","01012","C","Copons","Carrer d'en Copons","0001","0009"
"130403","01490","C","Fontanella","Carrer de Fontanella","0001","0023"
"361600","04078","C","Vilafranca","Carrer de Vilafranca","0001","0046"
"102805","01161","Pl","Pl Dr Letamendi","Plaça del Doctor Letamendi","0001","0037"
"284407","03219","C","Rivadeneyra","Carrer de Rivadeneyra","0001","0006"
"353601","03986","C","Vallmitjana","Carrer de Vallmitjana","0001","0006"
"187502","02126","Ptge","Ptge Madrona Piera","Passatge de Madrona Piera","0001","0022"
"295108","03331","C","Samaria","Carrer de Samaria","0001","0012"
"319308","03580","Pl","Pl Santes Creus","Plaça de Santes Creus","0001","0001"
"368904","04158","C","Iecla","Carrer de Iecla","0001","0010"
"700012","04363","C","Torà","Carrer de Torà","0001","0006"
"019803","00224","Ptge","Ptge Arc St Martí","Passatge de l'Arc de Sant Martí","0001","0016"
"701138","05464","Pl","Pl Sant Galdric","Plaça de Sant Galdric","0001","0004"
"274651","03114","Plta","Plta Ramon Amadeu","Placeta de Ramon Amadeu","0001","0001"
"700784","05110","Ctra","Ctra Cement Collse","Carretera del Cementiri de Collserola","0012","0021"
"251011","02848","Ptge","Ptge Pelfort","Passatge Pelfort","0001","0003"
"332408","03732","Pl","Pl Taxonera","Plaça de la Taxonera","0001","0001"
"700740","05067","Jard","Jard Sedeta","Jardins de la Sedeta","",""
"701076","05402","Jard","Jard F Soldevila","Jardins de Ferran Soldevila","",""
"701104","05430","Parc","Parc Barceloneta","Parc de la Barceloneta","",""
"701807","06140","Ptge","Ptge Mossèn Oller","Passatge de Mossèn Carles Oller","",""
"701206","05533","Pl","Pl Genescà Coromin","Plaça d'Antoni Genescà i Corominas","0001","0001"
"701966","06299","Jrdi","Jrdi Arabescos","Jardí dels Arabescos","",""
"701783","06116","Pont","Pont 32H2","Pont 32H2","",""
"136002","01550","Pg","Pg Font Fargas","Passeig de la Font d'en Fargas","0001","0096"
"242305","02734","Ptge","Ptge Palmeres","Passatge de les Palmeres","0001","0033"
"351107","03949","C","Vallseca","Carrer de Vallseca","0001","0045"
"035209","00392","C","Baró de Sant Lluís","Carrer del Baró de Sant Lluís","0001","0056"
"121402","01398","C","Felip II","Carrer de Felip II","0001","0305"
"167607","01910","C","Joanot Martorell","Carrer de Joanot Martorell","0001","0031"
"700087","04429","C","Drs Trias i Pujol","Carrer dels Doctors Trias i Pujol","0001","0012"
"015405","00168","C","Andrea Doria","Carrer d'Andrea Doria","0001","0071"
"320205","03589","Av","Av S St J Muntanya","Avinguda del Santuari de Sant Josep de la Muntanya","0001","0057"
"016204","00177","C","Àngel Guimerà","Carrer d'Àngel Guimerà","0001","0047"
"334753","03757","C","M Déu Montserrat","Carrer de la Mare de Déu de Montserrat","0053","0090"
"143100","01629","C","Grl Álvarez Castro","Carrer del General Álvarez de Castro","0001","0010"
"262608","02980","C","Pontevedra","Carrer de Pontevedra","0021","0058"
"202708","02298","C","Dolors Masferrer","Carrer de Dolors Masferrer i Bosch","0001","0038"
"171309","01951","C","Joan d'Alòs","Carrer de Joan d'Alòs","0001","0051"
"116209","01330","C","Estadella","Carrer d'Estadella","0001","0101"
"302702","03408","Pl","Pl S Gr Taumaturg","Plaça de Sant Gregori Taumaturg","0001","0009"
"078405","00883","C","Cienfuegos","Carrer de Cienfuegos","0001","0031"
"042601","00472","C","Bismarck","Carrer de Bismarck","0001","0045"
"007600","00078","C","Alcúdia","Carrer d'Alcúdia","0001","0114"
"062201","00693","C","Capellades","Carrer de Capellades","0001","0013"
"087508","00982","C","Comte de Sert","Carrer del Comte de Sert","0015","0025"
"324705","03641","C","Setantí","Carrer de Setantí","0001","0016"
"322903","03623","Ptge","Ptge Senillosa","Passatge de Senillosa","0001","0014"
"136807","01560","C","Font del Remei","Carrer de la Font del Remei","0001","0042"
"319705","03584","C","Sant Domènec","Carrer de Sant Domènec","0001","0023"
"159802","01806","C","Església","Carrer de l'Església","0001","0010"
"030089","00337","C","B Zona Franca","Carrer B Zona Franca","0001","0023"
"005401","00054","C","Albareda","Carrer d'Albareda","0001","0028"
"153602","01741","C","Gustavo Bécquer","Carrer de Gustavo Bécquer","0001","0077"
"180150","02047","C","Lohengrin","Carrer de Lohengrin","0001","0010"
"196707","02226","C","Marià Aguiló","Carrer de Marià Aguiló","0001","0146"
"363900","04101","C","Villena","Carrer de Villena","0001","0018"
"021306","00239","C","Arc del Teatre","Carrer de l'Arc del Teatre","0001","0069"
"104108","01176","C","Doctor Valls","Carrer del Doctor Valls","0001","0033"
"700055","04397","Ptge","Ptge Camí Mas Saur","Passatge del Camí del Mas Sauró","0001","0026"
"016500","00182","Camí","Camí Àngels","Camí dels Àngels","0001","0015"
"360108","04062","C","Vidrieria","Carrer de la Vidrieria","0001","0016"
"177101","02018","Via","Via Laietana","Via Laietana","0001","0071"
"009800","00103","C","Almagro","Carrer d'Almagro","0001","0059"
"252207","02859","C","Perafita","Carrer de Perafita","0001","0089"
"068230","00757","Ptge","Ptge Carreras","Passatge de Carreras","0001","0048"
"316707","03553","C","Santa Madrona","Carrer de Santa Madrona","0001","0028"
"115705","01318","C","Esquirol","Carrer d'Esquirol","0001","0006"
"701326","05653","Rbla","Rbla Fabra i Puig","Rambla de Fabra i Puig","0001","0098"
"700010","04361","C","Josep Finestres","Carrer de Josep Finestres","0001","0027"
"217501","02455","C","Montcada","Carrer de Montcada","0001","0033"
"307400","03456","C","Sant Mateu","Carrer de Sant Mateu","0001","0060"
"701111","05437","Ptge","Ptge Amadeu Bagués","Passatge d'Amadeu Bagués","0001","0010"
"035107","00391","Ptge","Ptge Baró de Griñó","Passatge del Baró de Griñó","0001","0017"
"304300","03426","Pl","Pl Sant Jordi","Plaça de Sant Jordi","0001","0001"
"175208","01990","C","Junta de Comerç","Carrer de la Junta de Comerç","0001","0030"
"701538","05868","C","Besiberri","Carrer de Besiberri","0001","0006"
"203008","02301","Ptge","Ptge Masoliver","Passatge de Masoliver","0001","0044"
"278302","03154","Pl","Pl Rna M Cristina","Plaça de la Reina Maria Cristina","0001","0001"
"073809","00823","Pl","Pl Castella","Plaça de Castella","0001","0009"
"296009","03340","Pl","Pl St Agustí Vell","Plaça de Sant Agustí Vell","0001","0017"
"349604","03933","Ptge","Ptge Ureña","Passatge d'Ureña","0001","0010"
"264501","03000","C","Pou Dolç","Carrer del Pou Dolç","0001","0006"
"111001","01260","C","Erasme de Janer","Carrer d'Erasme de Janer","0001","0013"
"209300","02366","Ptge","Ptge Valeri Serra","Passatge de Valeri Serra","0001","0034"
"350104","03937","Ptge","Ptge Utset","Passatge d'Utset","0001","0015"
"375900","04194","C","Número 62","Carrer Número 62 Zona Franca","0001","0028"
"323509","03630","Ptge","Ptge Serra i Arola","Passatge de Serra i Arola","0001","0023"
"700032","04378","Ptge","Ptge Andalusia","Passatge d'Andalusia","0001","0018"
"138052","01574","Pl","Pl Gabriel Alomar","Plaça de Gabriel Alomar","0001","0004"
"067908","00752","Cro","Cro Carolines","Carreró de les Carolines","0001","0018"
"166580","01890","Parc","Parc Cervantes","Parc de Cervantes","0001","0001"
"700920","05244","Pl","Pl Setge de 1714","Plaça del Setge de 1714","",""
"701227","05554","Jard","Jard Montse Roig","Jardins de Montserrat Roig","",""
"701454","05782","Jard","Jard Tres Tombs","Jardins dels Tres Tombs","",""
"247080","02799","Pas","Pas Blau Montbau","Pas Blau de Montbau","",""
"247273","02805","Pas","Pas Rosa Montbau","Pas Rosa de Montbau","",""
"700885","05209","Parc","Parc Cascades","Parc de les Cascades","",""
"237484","02679","Pg","Pg Pavelló Albéniz","Passeig del Pavelló Albéniz","",""
"701811","06144","Jard","Jard Joan Brossa","Jardins de Joan Brossa","",""
"701868","06201","Jard","Jard Dolors Canals","Jardins de Dolors Canals i Farriols","",""
"701221","05548","Pl","Pl Tolerància","Plaça de la Tolerància","0001","0001"
"701806","06139","Pl","Pl Montse Casals","Plaça de Montserrat Casals","0001","0001"
"701317","05644","Pl","Pl Can Fabra","Plaça de Can Fabra","0001","0001"
"701916","06249","Plta","Plta Juli Busquets","Placeta de Juli Busquets i Bragulat","",""
"701184","05511","Jard","Jard Can Sentmenat","Jardins de Can Sentmenat","",""
"701960","06293","Pl","Pl Orgull","Plaça de l'Orgull","0001","0004"
"701504","05833","Est","Est Magòria","Estació Magòria-La Campana","",""
"076807","00863","C","Sardenya","Carrer de Sardenya","0029","0563"
"095608","01071","C","Costa","Carrer de la Costa","0001","0088"
"249406","02832","C","Alarcón","Carrer d'Alarcón","0001","0059"
"215700","02437","C","Moneders","Carrer dels Moneders","0001","0016"
"095700","01072","Ptge","Ptge Costa Putxet","Passatge de la Costa del Putxet","0001","0008"
"218402","02467","C","Montevideo","Carrer de Montevideo","0001","0053"
"195602","02214","C","Margenat","Carrer de Margenat","0001","0103"
"111497","01269","Esc","Esc Bellavista","Escales de Bellavista","0006","0012"
"149605","01696","C","Grassot","Carrer d'en Grassot","0001","0110"
"330504","03713","C","Tapioles","Carrer de Tapioles","0001","0079"
"026503","00293","C","Artesa de Segre","Carrer d'Artesa de Segre","0001","0014"
"023108","00260","C","Argimon","Carrer d'Argimon","0001","0034"
"343903","03864","Trav","Trav Corts","Travessera de les Corts","0001","0379"
"102055","01149","C","Dr Francesc Darder","Carrer del Doctor Francesc Darder","0001","0027"
"182600","02073","C","Lluís Marià Vidal","Carrer de Lluís Marià Vidal","0001","0106"
"188709","02142","C","F Pérez-Cabrero","Carrer de Francesc Pérez-Cabrero","0001","0021"
"334786","03758","C","Teresa de Cofrents","Carrer de Teresa de Cofrents","0001","0023"
"701347","05674","C","Jaume Brossa","Carrer de Jaume Brossa","0001","0101"
"305100","03435","Pg","Pg Sant Joan","Passeig de Sant Joan","0001","0210"
"211505","02391","C","Milanesat","Carrer del Milanesat","0001","0050"
"700960","05284","C","Atlàntic","Carrer de l'Atlàntic","0001","0120"
"130505","01491","Ptge","Ptge Fontanelles","Passatge de Fontanelles","0001","0019"
"166105","01880","Ptge","Ptge Jaume Roig","Passatge de Jaume Roig","0001","0035"
"051908","00569","C","Burgos","Carrer de Burgos","0002","0074"
"216203","02441","C","Monges","Carrer de les Monges","0001","0081"
"038003","00426","C","Bellcaire","Carrer de Bellcaire","0001","0083"
"093001","01042","C","Costa Pacheco","Carrer de Costa Pacheco","0001","0060"
"173600","01974","C","Juan Valera","Carrer de Juan Valera","0001","0010"
"057904","00634","C","Campo Florido","Carrer de Campo Florido","0001","0068"
"163005","01844","C","Iriarte","Carrer d'Iriarte","0001","0021"
"700768","05093","Pg","Pg Marít Mar Bella","Passeig Marítim de la Mar Bella","0104","0143"
"094300","01056","C","Cristóbal de Moura","Carrer de Cristóbal de Moura","0001","0259"
"297602","03356","Ptge","Ptge Sant Bernat","Passatge de Sant Bernat","0001","0012"
"247659","02812","C","Pau Claris","Carrer de Pau Claris","0068","0196"
"124706","01431","C","Ferrocarrils Cat","Carrer dels Ferrocarrils Catalans","0001","0127"
"139601","01592","C","Gallecs","Carrer de Gallecs","0001","0032"
"120705","01389","C","Fàtima","Carrer de Fàtima","0001","0010"
"335406","03765","C","Thous","Carrer de Thous","0001","0044"
"150003","01700","C","Grau i Torras","Carrer de Grau i Torras","0001","0064"
"198407","02246","C","Mrq Campo Sagrado","Carrer del Marquès de Campo Sagrado","0001","0035"
"062008","00691","Ptge","Ptge Capdevila","Passatge de Capdevila","0001","0016"
"074302","00830","Ptge","Ptge Catalunya","Passatge de Catalunya","0001","0038"
"277004","03141","C","Rec Comtal","Carrer del Rec Comtal","0001","0024"
"078100","00879","C","Cecs Boqueria","Carrer dels Cecs de la Boqueria","0001","0008"
"345068","03878","C","Tres Pins","Carrer dels Tres Pins","0001","0041"
"165612","01874","Pl","Pl Jaume Huguet","Plaça de Jaume Huguet","0001","0016"
"075600","00849","Camí","Camí Cement Sarrià","Camí del Cementiri de Sarrià","0001","0012"
"701576","05907","Pas","Pas A Cuadrillero","Pas d'Antonio Cuadrillero","0001","0016"
"701121","05447","Camí","Camí Quatre Estaci","Camí de les Quatre Estacions","0002","0047"
"700674","05002","C","Amsterdam","Carrer d'Amsterdam","0001","0051"
"343801","03863","Ptge","Ptge Travessera","Passatge de la Travessera","0001","0014"
"327656","03684","C","Solsonès","Carrer del Solsonès","0001","0009"
"307105","03453","C","Sant Martí","Carrer de Sant Martí","0003","0016"
"701568","05898","C","Otília Castellví","Carrer d'Otília Castellví","0001","0017"
"701747","06079","Pl","Pl Ramon M Roca Sa","Plaça de Ramon M. Roca Sastre","0001","0001"
"701882","06215","C","José Garrido Gámez","Carrer de José Garrido Gámez","0001","0030"
"701906","06239","Pl","Pl Centre Vida","Plaça del Centre de la Vida Comunitària","0001","0009"
"024600","00275","C","Arnes","Carrer d'Arnes","0001","0073"
"337503","03790","C","Tomàs Mieres","Carrer de Tomàs Mieres","0001","0007"
"230838","02605","C","Pollancre","Carrer del Pollancre","0001","0009"
"331405","03721","C","Tarongeta","Carrer de la Tarongeta","0001","0007"
"700730","05058","C","Foixarda","Carrer de la Foixarda","0001","0019"
"313607","03519","C","Santa Cecília","Carrer de Santa Cecília","0001","0023"
"077606","00872","C","Cervera","Carrer de Cervera","0001","0006"
"370000","04169","C","Número 1","Carrer Número 1 Zona Franca","0001","0016"
"303400","03415","C","Sant Isidre","Carrer de Sant Isidre","0001","0008"
"110144","01251","C","Savina","Carrer de la Savina","0001","0040"
"701282","05609","Jard","Jard Ca l'Aranyó","Jardins de Ca l'Aranyó","",""
"701284","05611","Jard","Jard J Fuster Orte","Jardins de Joan Fuster i Ortells","",""
"701286","05613","Jard","Jard Carlit","Jardins del Carlit","",""
"701380","05708","C","Número 27","Carrer Número 27","0001","0008"
"701555","05885","Jrdi","Jrdi Xav Benguerel","Jardí de Xavier Benguerel","",""
"320806","03597","Camí","Camí Vell Sarrià","Camí Vell de Sarrià","0019","0025"
"701741","06073","Pas","Pas Rei","Pas del Rei","",""
"701842","06175","Jard","Jard Alícia Larroc","Jardins d'Alícia de Larrocha","",""
"701963","06296","Pl","Pl Cooperativa","Plaça de la Cooperativa dels Carters","0001","0028"
"701795","06128","Jrdi","Jrdi Ignàsia Salva","Jardí d'Ignàsia Salvans","",""
"701437","05765","Jard","Jard Josep Munté","Jardins de Josep Munté","",""
"701864","06197","Jard","Jard Montse Figuer","Jardins de Montserrat Figueras","",""
"700818","05143","C","Ja-hi-som","Carrer de Ja-hi-som","",""
"298900","03371","Pl","Pl Sant Cugat","Plaça de Sant Cugat","",""
"701727","06059","Jard","Jard Els Setze Jut","Jardins d'Els Setze Jutges","",""
"701809","06142","Jard","Jard Creu Casas","Jardins de Creu Casas","",""
"701997","06330","Gal","Gal Turó","Galeria Turó","",""
"701781","06114","Pont","Pont 32G2","Pont 32G2","",""
"013308","00142","C","Rosella","Carrer de la Rosella","0009","0038"
"184800","02094","C","Llerona","Carrer de Llerona","0001","0173"
"317007","03556","C","Magdalena E. Blanc","Carrer de Magdalena E. Blanc","0001","0017"
"296202","03342","C","Gran Sant Andreu","Carrer Gran de Sant Andreu","0001","0517"
"067602","00749","C","Carme Karr","Carrer de Carme Karr","0001","0024"
"069517","00772","Camí","Camí Can Borni","Camí de Can Borni","0001","0076"
"151957","01724","Pg","Pg Guayaquil","Passeig de Guayaquil","0001","0059"
"138303","01578","C","Gasela","Carrer de la Gasela","0001","0122"
"701381","05709","Av","Av Número 1","Avinguda Número 1","0001","0020"
"700815","05140","C","Miguel Hernández","Carrer de Miguel Hernández","0001","0049"
"700908","05232","Ptge","Ptge St Joan Malta","Passatge de Sant Joan de Malta","0001","0024"
"362500","04087","C","Vilapicina","Carrer de Vilapicina","0001","0101"
"217909","02460","C","Mont d'Orsà","Carrer de Mont d'Orsà","0001","0068"
"022615","00253","C","Castell Argençola","Carrer del Castell d'Argençola","0001","0098"
"701358","05685","C","Campana Maquinista","Carrer de la Campana de La Maquinista","0001","0026"
"287405","03249","C","Román Macaya","Carrer de Román Macaya","0001","0027"
"141308","01610","Pl","Pl Garrigó","Plaça de Garrigó","0001","0025"
"242101","02732","C","Palma Sant Genís","Carrer de la Palma de Sant Genís","0001","0034"
"265402","03008","C","Praga","Carrer de Praga","0001","0050"
"221407","02500","C","Moratín","Carrer de Moratín","0001","0068"
"221000","02495","C","Móra la Nova","Carrer de Móra la Nova","0001","0029"
"700057","04399","Pl","Pl Jardins Elx","Plaça dels Jardins d'Elx","0001","0024"
"252900","02866","C","Perelló","Carrer del Perelló","0001","0082"
"126508","01450","C","Flandes","Carrer de Flandes","0001","0016"
"352700","03977","C","Vallès","Carrer del Vallès","0001","0097"
"236109","02663","C","Oriol","Carrer d'Oriol","0001","0027"
"701355","05682","C","La Barcelonesa","Carrer de La Barcelonesa","0001","0009"
"092701","01036","C","Corunya","Carrer de la Corunya","0001","0033"
"286708","03243","C","Roig","Carrer d'en Roig","0001","0038"
"700965","05289","C","Mar Groga","Carrer de la Mar Groga","0001","0079"
"159303","01800","C","Ibèria","Carrer d'Ibèria","0001","0018"
"252105","02858","C","Peracamps","Carrer de Peracamps","0001","0016"
"028906","00323","C","Mecànic Pablo Rada","Carrer del Mecànic Pablo Rada","0001","0028"
"374113","04189","C","Número 43","Carrer Número 43 Zona Franca","0001","0026"
"106908","01209","C","Ebre","Carrer de l'Ebre","0001","0006"
"701079","05405","Pl","Pl Jacint Reventós","Plaça de Jacint Reventós","0001","0003"
"701645","05976","C","Joan Ferrándiz","Carrer de Joan Ferrándiz","0001","0004"
"246000","02773","C","Parlament","Carrer del Parlament","0001","0063"
"159653","01804","C","Idumea","Carrer d'Idumea","0001","0019"
"701704","06036","Pl","Pl Joan Pelegrí","Plaça de Joan Pelegrí","0001","0004"
"701448","05776","C","Anaïs Nin","Carrer d'Anaïs Nin","0001","0014"
"079306","00895","Pg","Pg Circumval·lació","Passeig de Circumval·lació","0001","0032"
"021102","00237","C","Arc Santa Eulàlia","Carrer de l'Arc de Santa Eulàlia","0001","0006"
"700758","05084","Pg","Pg Marít Port Olím","Passeig Marítim del Port Olímpic","0046","0067"
"044607","00496","C","Bonaire","Carrer del Bonaire","0001","0015"
"035300","00394","C","Barra de Ferro","Carrer de la Barra de Ferro","0001","0010"
"346209","03889","Pl","Pl Trinitat","Plaça de la Trinitat","0001","0014"
"013400","00143","C","Amargós","Carrer de n'Amargós","0001","0022"
"160801","01818","Ptge","Ptge Igualtat","Passatge de la Igualtat","0001","0011"
"363401","04096","Pl","Pl Vila de Madrid","Plaça de la Vila de Madrid","0001","0019"
"077005","00866","C","Cermeño","Carrer de Cermeño","0001","0017"
"065800","00731","C","Cardó","Carrer de Cardó","0001","0013"
"104403","01179","C","Domènech","Carrer de Domènech","0001","0010"
"215302","02434","C","Monestir","Carrer del Monestir","0001","0030"
"700708","05036","C","Sallent","Carrer de Sallent","0001","0005"
"290002","03276","Ptge","Ptge Roura","Passatge de Roura","0001","0032"
"318509","03571","C","Santa Teresa","Carrer de Santa Teresa","0001","0016"
"150309","01703","C","Grècia","Carrer de Grècia","0001","0011"
"700445","04774","Pl","Pl Països Catalans","Plaça dels Països Catalans","0001","0008"
"701565","05895","Pl","Pl Ceràmiq Vicens","Plaça de les Ceràmiques Vicens","0001","0008"
"700729","05057","Pl","Pl Félix R Fuente","Plaça de Félix Rodríguez de la Fuente","0001","0001"
"701043","05368","Pl","Pl Artur Martorell","Plaça d'Artur Martorell","0001","0006"
"037951","00423","Pl","Pl Bellavista","Plaça de Bellavista","0001","0007"
"700659","04987","Pl","Pl Buenav Durruti","Plaça de Buenaventura Durruti","0001","0001"
"263702","02992","Pl","Pl Porxos","Plaça dels Porxos","0001","0008"
"701718","06050","Pl","Pl Terra","Plaça de la Terra","0001","0009"
"197620","02236","Ptge","Ptge Mariné","Passatge de Mariné","0001","0004"
"701225","05552","Pl","Pl Anna Frank","Plaça d'Anna Frank","",""
"701400","05728","C","Número 21","Carrer Número 21","",""
"701855","06188","C","Joana Alemany","Carrer de Joana Alemany","0001","0002"
"701449","05777","C","Josep Narcís Roca","Carrer de Josep Narcís Roca","0001","0013"
"701338","05665","Jard","Jard Hiroshima","Jardins d'Hiroshima","",""
"701901","06234","Ptge","Ptge Josep Canals ","Passatge de Josep Canals Mercader","",""
"701944","06277","Pl","Pl Margarita","Plaça de Margarita Brender Rubira","0001","0003"
"701872","06205","Jrdi","Jrdi Tarongers","Jardí dels Tarongers","",""
"701616","05947","Jard","Jard R. Arquimbau","Jardins de Rosa Maria Arquimbau","",""
"700444","04773","Parc","Parc Carmel","Parc del Carmel","",""
"701894","06227","Jard","Jard Anna Canalias","Jardins d'Anna Canalias Mestres","",""
"701755","06087","Jrdi","Jrdi Teresa Vernet","Jardí de Maria Teresa Vernet i Real","",""
"701967","06300","Jrdi","Jrdi Francesc Masc","Jardí de Francesc Masclans i Girvès","",""
"132704","01514","C","França","Carrer de França","0001","0046"
"299903","03380","C","Sant Eusebi","Carrer de Sant Eusebi","0001","0072"
"344101","03866","Trav","Trav Gràcia","Travessera de Gràcia","0001","0451"
"270901","03073","C","Pujades","Carrer de Pujades","0001","0464"
"077107","00867","C","Turó Trinitat","Carrer del Turó de la Trinitat","0001","0111"
"320908","03598","Ctra","Ctra Sarrià Vallvi","Carretera de Sarrià a Vallvidrera","0002","0265"
"095732","01074","Csta","Csta Bruc","Costa del Bruc","0001","0025"
"120308","01383","C","Francesc Carbonell","Carrer de Francesc Carbonell","0001","0058"
"325005","03644","C","Sicília","Carrer de Sicília","0089","0414"
"322754","03621","C","Sena","Carrer del Sena","0001","0039"
"219201","02475","C","Montornès","Carrer de Montornès","0001","0047"
"084306","00951","C","Collserola","Carrer de Collserola","0002","0081"
"059604","00666","C","Canet","Carrer de Canet","0001","0050"
"099100","01114","C","Descartes","Carrer de Descartes","0001","0032"
"367402","04140","Rbla","Rbla Volart","Rambla de Volart","0001","0098"
"108801","01230","C","Emancipació","Carrer de l'Emancipació","0001","0041"
"312502","03509","C","Àgata Badia Puig","Carrer d'Àgata Badia Puig-Rodon","0001","0045"
"027608","00308","C","Atenes","Carrer d'Atenes","0001","0042"
"219100","02474","C","Montnegre","Carrer del Montnegre","0001","0054"
"024100","00271","C","Harmonia","Carrer de l'Harmonia","0001","0039"
"109203","01240","C","Encarnació","Carrer de l'Encarnació","0001","0212"
"334006","03749","C","Tenor Viñas","Carrer del Tenor Viñas","0001","0014"
"341001","03829","C","Torre Vella","Carrer de la Torre Vella","0001","0064"
"071009","00791","C","Casas i Amigó","Carrer de Casas i Amigó","0001","0087"
"131202","01497","Ptge","Ptge Forasté","Passatge de Forasté","0001","0033"
"296100","03341","C","Sant Alexandre","Carrer de Sant Alexandre","0001","0067"
"701352","05679","C","Gaziel","Carrer de Gaziel","0001","0065"
"095801","01076","C","Pellaires","Carrer dels Pellaires","0001","0047"
"308709","03469","Rda","Rda Sant Pau","Ronda de Sant Pau","0001","0080"
"217807","02458","Pg","Pg Amunt","Passeig d'Amunt","0001","0053"
"323101","03625","C","Septimània","Carrer de Septimània","0021","0061"
"089208","01000","C","Consor Sans Bernet","Carrer dels Consorts Sans Bernet","0001","0086"
"188607","02141","C","Mestre Nicolau","Carrer del Mestre Nicolau","0001","0027"
"194508","02202","Pl","Pl Maragall","Plaça de Maragall","0001","0025"
"248050","02818","Pl","Pl Pau Vila","Plaça de Pau Vila","0001","0015"
"270005","03064","C","Puig i Valls","Carrer de Puig i Valls","0001","0038"
"206006","02327","C","Maurici Serrahima","Carrer de Maurici Serrahima","0001","0035"
"152803","01732","Pl","Pl Guinardó","Plaça del Guinardó","0001","0013"
"103003","01165","C","Doctor Pi i Molist","Carrer del Doctor Pi i Molist","0001","0180"
"326802","03672","C","Sol","Carrer del Sol","0001","0013"
"114101","01301","C","Espanya Industrial","Carrer de l'Espanya Industrial","0001","0022"
"242407","02735","C","Paloma","Carrer de la Paloma","0001","0030"
"181109","02058","C","Lorda","Carrer de Lorda","0001","0036"
"247706","02813","Pl","Pl Paul Claudel","Plaça de Paul Claudel","0001","0006"
"250507","02843","C","Pedrosa","Carrer de la Pedrosa","0001","0027"
"700168","04502","Camí","Camí Múrgola","Camí de la Múrgola","0001","0019"
"367005","04135","C","Biure","Carrer de Biure","0001","0006"
"294808","03327","Pl","Pl Salvador Riera","Plaça de Salvador Riera","0001","0007"
"158209","01788","C","Hostafrancs de Sió","Carrer d'Hostafrancs de Sió","0001","0030"
"225907","02549","C","Nau","Carrer de la Nau","0001","0008"
"357409","04030","C","Verneda","Carrer de la Verneda","0001","0059"
"162603","01839","C","Juan M Gervilla","Carrer de Juan Miguel Gervilla Valladolid","0001","0016"
"154650","01752","C","Germans Serra","Carrer dels Germans Serra","0001","0030"
"701501","05830","Ctra","Ctra B-20 (Llobre)","Carretera B-20 (Llobregat)","",""
"330300","03711","C","Tàpies","Carrer de les Tàpies","0001","0025"
"020904","00235","C","Arc Sant Silvestre","Carrer de l'Arc de Sant Silvestre","0001","0005"
"349207","03926","Pl","Pl Universitat","Plaça de la Universitat","0001","0012"
"105100","01187","Ptge","Ptge D St Francesc","Passatge del Dormitori de Sant Francesc","0001","0004"
"700993","05318","Pl","Pl Ver Prosperitat","Plaça Verda de la Prosperitat","0001","0007"
"152938","01734","C","Torrent Guineu","Carrer del Torrent de la Guineu","0104","0118"
"350603","03942","Pl","Pl V Almirall","Plaça de Valentí Almirall","0001","0007"
"701549","05879","Ptge","Ptge Alf Lafuente","Passatge d'Alfonso Lafuente","0001","0006"
"700172","04506","Parc","Parc Sant Martí","Parc de Sant Martí","",""
"700891","05215","Jard","Jard Doctors Dolsa","Jardins dels Doctors Dolsa","",""
"172902","01967","C","Joan de Palomar","Carrer de Joan de Palomar","0001","0016"
"236608","02668","C","Oristany","Carrer d'Oristany","0001","0006"
"701303","05630","Ptge","Ptge Ormuz","Passatge d'Ormuz","0001","0006"
"701711","06043","Jard","Jard Virgin Woolf","Jardins de Virginia Woolf","",""
"134958","01538","Pas","Pas F Gelabert","Pas de Fructuós Gelabert","0001","0006"
"701816","06149","Pl","Pl Josep A Coderch","Plaça de Josep Antoni Coderch","0001","0001"
"701253","05580","Pl","Pl Romeus S Medir","Plaça dels Romeus de Sant Medir","0001","0001"
"701135","05461","Pl","Pl Á Cunqueiro","Plaça d'Álvaro Cunqueiro","0001","0011"
"138653","01583","Gal","Gal Maldà","Galeria Maldà","",""
"701921","06254","C","Miquel Porter Moix","Carrer de Miquel Porter Moix","0002","0035"
"701933","06266","Pl","Pl Rosa Galobardes","Plaça de Rosa Galobardes i Alsina","0001","0002"
"700074","04417","Jard","Jard Torres Clavé","Jardins de Torres i Clavé","",""
"701938","06271","Pl","Pl Rosalind","Plaça de Rosalind Franklin","0001","0006"
"116151","01326","Est","Est Sagrera","Estació Sagrera","",""